Time,EC,Temperature,LoadCell0,LoadCell1
2026-07-16 14:12:10.636,306.8914222694549,23.370559034497358,27.46,41.51
2026-07-16 14:12:10.736,307.1806079931882,23.370681340344362,27.460000000000004,41.51
2026-07-16 14:12:10.836,307.5286099388327,23.37090183172706,27.46,41.51
2026-07-16 14:12:10.936,307.3031379151908,23.371116845000625,27.46,41.51
2026-07-16 14:12:11.036,305.8693359265548,23.371276701370647,27.460000000000004,41.51
2026-07-16 14:12:11.136,304.75026778270416,23.370888157444057,27.46,41.50999999999999
2026-07-16 14:12:11.236,305.41155521545124,23.37104749860663,27.459999999999997,41.50999999999999
2026-07-16 14:12:11.336,305.9777645559614,23.371482839591174,27.460000000000004,41.510000000000005
2026-07-16 14:12:11.436,305.7448247509966,23.371680209946263,27.46,41.51
2026-07-16 14:12:11.536,305.13387572081507,23.371667399865995,27.46,41.50225490196078
2026-07-16 14:12:11.636,305.168050425919,23.371955380394326,27.45237623762376,41.5
2026-07-16 14:12:11.736,305.785182464914,23.37278333867918,27.449999999999996,41.5
2026-07-16 14:12:11.836,304.1069872268238,23.37300783904466,27.450000000000003,41.5
2026-07-16 14:12:11.936,303.64137015742017,23.373183942591837,27.449999999999996,41.5
2026-07-16 14:12:12.036,303.37104174377197,23.373351871662045,27.450000000000003,41.5
2026-07-16 14:12:12.136,303.3426681604995,23.373389983522756,27.45,41.5
2026-07-16 14:12:12.236,303.65833934405936,23.37315307181768,27.44316831683168,41.49316831683168
2026-07-16 14:12:12.336,301.7729853469651,23.37264953882781,27.44,41.49
2026-07-16 14:12:12.436,302.1161660575609,23.372825396758746,27.439999999999998,41.49
2026-07-16 14:12:12.536,302.765411424255,23.37300591711564,27.440000000000005,41.49000000000001
2026-07-16 14:12:12.636,302.47346879958855,23.37317835878907,27.440000000000005,41.49
2026-07-16 14:12:12.736,301.6888441722622,23.373478861726948,27.439999999999998,41.49
2026-07-16 14:12:12.836,303.9403308028871,23.373820324453035,27.440000000000005,41.49000000000001
2026-07-16 14:12:12.936,316.58947100245047,23.373618603105392,27.440000000000005,41.49
2026-07-16 14:12:13.036,344.343696373593,23.37342733241714,27.439999999999998,41.489999999999995
2026-07-16 14:12:13.136,383.5929968152575,23.373527510771225,27.44,41.49
2026-07-16 14:12:13.236,407.24741257466906,23.373464842725603,27.44,41.494851485148516
2026-07-16 14:12:13.336,421.0114936463114,23.373433761361824,27.440000000000005,41.5
2026-07-16 14:12:13.436,430.76254413175843,23.373416373225105,27.444554455445545,41.5
2026-07-16 14:12:13.536,429.2297604532242,23.372935457075336,27.449999999999996,41.5
2026-07-16 14:12:13.636,428.86959718124405,23.372769836787803,27.45,41.5
2026-07-16 14:12:13.736,427.10249656342353,23.37202289982134,27.449999999999996,41.5
2026-07-16 14:12:13.836,426.7844337478547,23.371925752219344,27.45,41.5
2026-07-16 14:12:13.936,429.6239599849506,23.37215321410946,27.450000000000003,41.5
2026-07-16 14:12:14.036,471.4467191008903,23.372370399961596,27.449999999999996,41.5
2026-07-16 14:12:14.136,946.5841073618769,23.372577662478207,27.449999999999996,41.5
2026-07-16 14:12:14.236,4129.014869110386,23.372774509609005,27.450000000000003,41.5
2026-07-16 14:12:14.336,2852.8311825268756,23.371990182347012,27.449999999999996,41.496732673267324
2026-07-16 14:12:14.436,1615.786925284348,23.371097205301165,27.450000000000003,41.49000000000001
2026-07-16 14:12:14.536,1053.249201284336,23.37040390491816,27.45,41.4870297029703
2026-07-16 14:12:14.636,907.5620504575786,23.369894783332605,27.450000000000003,41.4771568627451
2026-07-16 14:12:14.736,704.6213349250039,23.369400844345765,27.45,41.467326732673264
2026-07-16 14:12:14.836,476.7330931068488,23.368923938437973,27.45,41.46
2026-07-16 14:12:14.936,394.3418872369348,23.368467899933336,27.45,41.45524752475247
2026-07-16 14:12:15.036,366.0626041302239,23.36802993401351,27.450000000000003,41.43774509803922
2026-07-16 14:12:15.136,348.395755654822,23.36735704764933,27.45,41.427920792079206
2026-07-16 14:12:15.236,332.42777067358816,23.366874976380046,27.449999999999996,41.42
2026-07-16 14:12:15.336,322.9769114161289,23.36703320896086,27.45,41.41813725490196
2026-07-16 14:12:15.436,313.49693832618726,23.367531107486467,27.449999999999996,41.41
2026-07-16 14:12:15.536,286.0616378037305,23.368006437231628,27.45,41.40844660194175
2026-07-16 14:12:15.636,266.4430459162094,23.368100791803005,27.450000000000003,41.39872549019608
2026-07-16 14:12:15.736,236.33411957052692,23.36811140082674,27.450000000000003,41.38892156862746
2026-07-16 14:12:15.836,210.40031270160054,23.368121134683708,27.45,41.37910891089109
2026-07-16 14:12:15.936,197.33358229819646,23.368036196914474,27.45,41.36921568627451
2026-07-16 14:12:16.036,180.32835378126995,23.36770956761714,27.45,41.35940594059406
2026-07-16 14:12:16.136,180.11405829580488,23.368117449461472,27.45,41.35000000000001
2026-07-16 14:12:16.236,180.96580782562395,23.368512302512897,27.45,41.34970297029703
2026-07-16 14:12:16.336,184.00945256580724,23.368631780677717,27.45,41.339999999999996
2026-07-16 14:12:16.436,203.75260554389467,23.368619820128345,27.450000000000003,41.33990196078432
2026-07-16 14:12:16.536,1117.8998362175003,23.368816689063955,27.45,41.33009803921569
2026-07-16 14:12:16.636,3669.487071669992,23.369481059135165,27.45,41.33
2026-07-16 14:12:16.736,1866.8855811644169,23.369815156196683,27.45,41.32039215686275
2026-07-16 14:12:16.836,1444.5595807570169,23.369790276439097,27.45,41.31049504950495
2026-07-16 14:12:16.936,1232.860748381965,23.369733438815828,27.45,41.31
2026-07-16 14:12:17.036,1054.4401171325908,23.369308595556724,27.45,41.30078431372549
2026-07-16 14:12:17.136,926.6087138880599,23.368673711030695,27.45,41.29089108910891
2026-07-16 14:12:17.236,891.6153937402688,23.368278908094837,27.449999999999996,41.28116504854369
2026-07-16 14:12:17.336,861.2261112341687,23.367896644499062,27.449999999999996,41.28
2026-07-16 14:12:17.436,854.30031582328,23.367529175717344,27.450000000000003,41.271470588235296
2026-07-16 14:12:17.536,797.7677644554884,23.367470172861292,27.449999999999996,41.27
2026-07-16 14:12:17.636,761.9361256117354,23.36708012347635,27.45,41.27
2026-07-16 14:12:17.736,756.7626155516748,23.366518197233347,27.45,41.27
2026-07-16 14:12:17.836,756.9632002349563,23.366124523391633,27.450000000000003,41.262058823529415
2026-07-16 14:12:17.936,756.5915356601415,23.3654271386511,27.45,41.26
2026-07-16 14:12:18.036,759.9955610809183,23.36555211674245,27.449999999999996,41.25227722772277
2026-07-16 14:12:18.136,763.7273909863598,23.365349081534674,27.44245098039216,41.25
2026-07-16 14:12:18.236,767.7077740565865,23.365320308456397,27.439999999999998,41.242574257425744
2026-07-16 14:12:18.336,773.0593275471944,23.365282220334024,27.440000000000005,41.23274509803922
2026-07-16 14:12:18.436,779.7132414317646,23.36511109517063,27.44,41.23
2026-07-16 14:12:18.536,785.1876595196541,23.365256547826238,27.439999999999998,41.222970297029704
2026-07-16 14:12:18.636,793.9810266407536,23.365745275178924,27.446796116504856,41.22
2026-07-16 14:12:18.736,800.4871472206103,23.365903303528867,27.449999999999996,41.21336633663366
2026-07-16 14:12:18.836,808.5990339446694,23.36599872129225,27.450000000000003,41.21
2026-07-16 14:12:18.936,816.1534820558267,23.36608823731556,27.45,41.203663366336635
2026-07-16 14:12:19.036,822.3458352589354,23.366172314515914,27.449999999999996,41.19376237623762
2026-07-16 14:12:19.136,829.6850088940089,23.366280647864603,27.449999999999996,41.18392156862745
2026-07-16 14:12:19.236,837.40819848961,23.36668938769351,27.449999999999996,41.17405940594059
2026-07-16 14:12:19.336,839.3085760563612,23.36647599277736,27.450000000000003,41.16421568627452
2026-07-16 14:12:19.436,847.2195098513874,23.36668489958368,27.449999999999996,41.16
2026-07-16 14:12:19.536,856.707414665157,23.366914590836856,27.450000000000003,41.15450980392157
2026-07-16 14:12:19.636,863.907982993393,23.367077338484087,27.449999999999996,41.144653465346536
2026-07-16 14:12:19.736,869.6151029547258,23.367466945152362,27.450000000000003,41.14
2026-07-16 14:12:19.836,881.1777896797423,23.36784886771217,27.449999999999996,41.14
2026-07-16 14:12:19.936,891.1388077700499,23.36755461291099,27.45,41.14
2026-07-16 14:12:20.036,905.9129184036899,23.367494715979056,27.450000000000003,41.13519607843138
2026-07-16 14:12:20.136,930.8427873145613,23.367333899639263,27.449999999999996,41.129999999999995
2026-07-16 14:12:20.236,956.703567990846,23.367278804451285,27.450000000000003,41.12549019607843
2026-07-16 14:12:20.336,969.6839666230514,23.36772982253326,27.450000000000003,41.12
2026-07-16 14:12:20.436,969.1590671432248,23.368463859273252,27.449999999999996,41.12
2026-07-16 14:12:20.536,971.1371079767791,23.368841598220968,27.449999999999996,41.1159405940594
2026-07-16 14:12:20.636,971.754106304049,23.3685973999008,27.449999999999996,41.11
2026-07-16 14:12:20.736,974.4907556854541,23.368898757419657,27.449999999999996,41.106764705882355
2026-07-16 14:12:20.836,981.5034481115399,23.36949966081702,27.45,41.1
2026-07-16 14:12:20.936,990.7250635686137,23.370038193996333,27.450000000000003,41.10000000000001
2026-07-16 14:12:21.036,994.2323738319053,23.371179572953682,27.45,41.097227722772274
2026-07-16 14:12:21.136,991.5309592838705,23.371944443049593,27.450000000000003,41.09
2026-07-16 14:12:21.236,999.0273632568383,23.37307710866103,27.45,41.09
2026-07-16 14:12:21.336,991.0342547475935,23.373975305935925,27.45,41.08762376237624
2026-07-16 14:12:21.436,986.3874288270962,23.375152390224486,27.45,41.077745098039216
2026-07-16 14:12:21.536,992.7983030036556,23.37658091729435,27.45,41.06792079207921
2026-07-16 14:12:21.636,969.5279367672284,23.377312322005903,27.45,41.05803921568628
2026-07-16 14:12:21.736,722.9063957573918,23.379030035064655,27.45,41.04470588235294
2026-07-16 14:12:21.836,547.3935659216492,23.380765751332348,27.45,41.01841584158416
2026-07-16 14:12:21.936,466.99806017977215,23.382034526869322,27.45,41.00702970297029
2026-07-16 14:12:22.036,978.8727675472182,23.38338305937981,27.45,40.988627450980395
2026-07-16 14:12:22.136,5360.583193161654,23.384785729019086,27.45,40.97881188118811
2026-07-16 14:12:22.236,16429.74483021572,23.3858154606337,27.450000000000003,40.96892156862746
2026-07-16 14:12:22.336,22148.53529132278,23.387965746781585,27.45,40.95910891089109
2026-07-16 14:12:22.436,13934.63106170496,23.388727628143705,27.45,40.95
2026-07-16 14:12:22.536,6856.21851547331,23.389836355317115,27.45,40.94940594059406
2026-07-16 14:12:22.636,2345.550423780354,23.39028771109691,27.450000000000003,40.94
2026-07-16 14:12:22.736,462.8691754097255,23.3900656552519,27.45,40.94
2026-07-16 14:12:22.836,857.4754147376857,23.38966834674819,27.45,40.94
2026-07-16 14:12:22.936,2145.313346786331,23.388252564142824,27.45,40.94
2026-07-16 14:12:23.036,2486.799424731216,23.385630933231962,27.449999999999996,40.93009900990099
2026-07-16 14:12:23.136,2503.212876750706,23.378926300315356,27.450000000000003,40.93
2026-07-16 14:12:23.236,2452.940956388443,23.370952346125087,27.449999999999996,40.93
2026-07-16 14:12:23.336,2401.657568143898,23.36065939506781,27.450000000000003,40.920588235294126
2026-07-16 14:12:23.436,2518.9939282777914,23.346748965228592,27.45,40.92
2026-07-16 14:12:23.536,3343.677267271976,23.331872919685722,27.450000000000003,40.92
2026-07-16 14:12:23.636,3361.4665683186254,23.316252941425045,27.449999999999996,40.919999999999995
2026-07-16 14:12:23.736,3508.3491511160655,23.306306425248593,27.450000000000003,40.91117647058824
2026-07-16 14:12:23.836,3597.0572157878705,23.29802830003382,27.45,40.91
2026-07-16 14:12:23.936,2684.9416951732646,23.291028648341502,27.45,40.91
2026-07-16 14:12:24.036,1008.669894860058,23.28572319909177,27.45,40.91
2026-07-16 14:12:24.136,744.0693118072754,23.28183554571076,27.45,40.90168316831683
2026-07-16 14:12:24.236,2324.2338682505215,23.28051682547899,27.450000000000003,40.9
2026-07-16 14:12:24.336,6468.082894485617,23.278354887655006,27.45,40.9
2026-07-16 14:12:24.436,12174.45691428484,23.27900662195269,27.45,40.9
2026-07-16 14:12:24.536,17926.93704741207,23.279689416437044,27.450000000000003,40.89225490196078
2026-07-16 14:12:24.636,21130.20316080817,23.278985802307457,27.45,40.89
2026-07-16 14:12:24.736,18027.159737047332,23.278419885102085,27.450000000000003,40.89
2026-07-16 14:12:24.836,1894.6263809233465,23.277964869674094,27.45,40.89
2026-07-16 14:12:24.936,642.5392542817967,23.275981917211876,27.450000000000003,40.88284313725491
2026-07-16 14:12:25.036,1434.3308220878146,23.27143554490462,27.45,40.879999999999995
2026-07-16 14:12:25.136,1867.4378051810545,23.262461935434875,27.45,40.88
2026-07-16 14:12:25.236,2082.478089007068,23.250120382566987,27.45,40.87323529411765
2026-07-16 14:12:25.336,2790.5966408575005,23.23779089719301,27.450000000000003,40.87
2026-07-16 14:12:25.436,2838.8097488934395,23.228654884186394,27.450000000000003,40.8635294117647
2026-07-16 14:12:25.536,2839.9009456933118,23.219585843607824,27.45,40.86
2026-07-16 14:12:25.636,2849.781926705965,23.210634235103996,27.450000000000003,40.86
2026-07-16 14:12:25.736,2871.468642291362,23.205952001900652,27.45,40.853960396039604
2026-07-16 14:12:25.836,2889.8864590689136,23.20400998918564,27.449999999999996,40.85
2026-07-16 14:12:25.936,2897.6355752227864,23.20211910961592,27.45,40.85
2026-07-16 14:12:26.036,2924.544943737886,23.20298075827426,27.45,40.84490196078431
2026-07-16 14:12:26.136,2954.272607100147,23.20241862054509,27.45,40.84
2026-07-16 14:12:26.236,2990.666568854173,23.201969452244924,27.45,40.84
2026-07-16 14:12:26.336,3015.0667892194942,23.202193762004153,27.450000000000003,40.84
2026-07-16 14:12:26.436,3022.8126547919,23.202763756713246,27.45,40.835544554455446
2026-07-16 14:12:26.536,3025.2790997375837,23.20344146263134,27.450000000000003,40.825686274509806
2026-07-16 14:12:26.636,3046.211265276728,23.204712034740634,27.450000000000003,40.82
2026-07-16 14:12:26.736,3061.812175222565,23.20660776077152,27.45,40.81598039215687
2026-07-16 14:12:26.836,3058.143915219574,23.20836845254726,27.45,40.806138613861386
2026-07-16 14:12:26.936,3066.033887944301,23.210546260665005,27.450000000000003,40.79627450980392
2026-07-16 14:12:27.036,3459.745080246495,23.212050243116778,27.449999999999996,40.78643564356435
2026-07-16 14:12:27.136,4049.686265085312,23.212532701487582,27.45,40.78
2026-07-16 14:12:27.236,5569.869128526138,23.21308362439685,27.450000000000003,40.77666666666667
2026-07-16 14:12:27.336,22077.600206862935,23.214941245505774,27.45,40.76683168316832
2026-07-16 14:12:27.436,23666.523308108513,23.215991776141035,27.449999999999996,40.75693069306931
2026-07-16 14:12:27.536,24443.602679099917,23.216868219698192,27.450000000000003,40.75
2026-07-16 14:12:27.636,25236.594198654926,23.217655943073765,27.45,40.75
2026-07-16 14:12:27.736,25537.549984425554,23.218132900333835,27.45,40.74735294117647
2026-07-16 14:12:27.836,25550.11801333065,23.218074222412884,27.449999999999996,40.739999999999995
2026-07-16 14:12:27.936,26129.37377459977,23.21802380179713,27.450000000000003,40.74
2026-07-16 14:12:28.036,26561.39723810363,23.217980422160153,27.45,40.74
2026-07-16 14:12:28.136,27181.533741394407,23.2179419234825,27.45,40.73792079207921
2026-07-16 14:12:28.236,27913.056990895235,23.218204919064128,27.45,40.730000000000004
2026-07-16 14:12:28.336,28967.363142451642,23.21868705387702,27.449999999999996,40.72999999999999
2026-07-16 14:12:28.436,30375.793616781026,23.219045471289252,27.450000000000003,40.73
2026-07-16 14:12:28.536,31185.909337485675,23.218952595246066,27.45,40.73
2026-07-16 14:12:28.636,32970.4151623495,23.219351710728322,27.450000000000003,40.730000000000004
2026-07-16 14:12:28.736,33846.39228653505,23.22011536986117,27.45,40.72882352941177
2026-07-16 14:12:28.836,35011.66863357505,23.220956467270284,27.450000000000003,40.7190291262136
2026-07-16 14:12:28.936,36253.96325270999,23.221776270370775,27.45,40.71
2026-07-16 14:12:29.036,37146.94410466198,23.22280236292757,27.45,40.709411764705884
2026-07-16 14:12:29.136,38135.84088570038,23.224586332833915,27.449999999999996,40.699999999999996
2026-07-16 14:12:29.236,39946.111273422044,23.22589256032778,27.449999999999996,40.69970297029703
2026-07-16 14:12:29.336,40820.165142414044,23.22665156902463,27.45,40.68980392156863
2026-07-16 14:12:29.436,42278.88523770608,23.228040988095294,27.45,40.68
2026-07-16 14:12:29.536,43687.85868004156,23.23012046807272,27.45,40.670099009900994
2026-07-16 14:12:29.636,44699.443498685636,23.232179668956956,27.450000000000003,40.67
2026-07-16 14:12:29.736,46028.87393221555,23.233279861387153,27.449999999999996,40.66039603960395
2026-07-16 14:12:29.836,46594.22996635726,23.234925817853004,27.45,40.65058823529412
2026-07-16 14:12:29.936,47923.68883805666,23.23713475814646,27.450000000000003,40.65
2026-07-16 14:12:30.036,48820.12657048358,23.23882063742007,27.45,40.64089108910891
2026-07-16 14:12:30.136,49623.8322946698,23.240568626903112,27.449999999999996,40.6309900990099
2026-07-16 14:12:30.236,50566.60914238439,23.242847313466704,27.45,40.63
2026-07-16 14:12:30.336,51506.790648523995,23.245474051369413,27.449999999999996,40.621287128712865
2026-07-16 14:12:30.436,52406.51286643895,23.247240481256554,27.45,40.61138613861386
2026-07-16 14:12:30.536,52849.860669770824,23.248824664614958,27.45,40.61
2026-07-16 14:12:30.636,53174.62701591659,23.25089003758633,27.45,40.60168316831683
2026-07-16 14:12:30.736,53916.23177951009,23.25254400495684,27.450000000000003,40.59186274509804
2026-07-16 14:12:30.836,54841.922081452925,23.253959389394836,27.45,40.59000000000001
2026-07-16 14:12:30.936,55455.81410612671,23.25578167698194,27.45,40.582178217821784
2026-07-16 14:12:31.036,56160.79632882316,23.257450224130373,27.45,40.57227722772277
2026-07-16 14:12:31.136,57136.81620213113,23.25976868682991,27.450000000000003,40.56245098039216
2026-07-16 14:12:31.236,57449.70340116754,23.261272605938014,27.45,40.56
2026-07-16 14:12:31.336,57509.98693536352,23.262443275466516,27.45,40.55267326732673
2026-07-16 14:12:31.436,57796.93600345081,23.263481096355157,27.450000000000003,40.542843137254906
2026-07-16 14:12:31.536,58425.986003739425,23.264233445415368,27.449999999999996,40.5329702970297
2026-07-16 14:12:31.636,58820.291274234725,23.264285828653836,27.45,40.53
2026-07-16 14:12:31.736,59642.12612825322,23.265748470970667,27.450000000000003,40.523235294117654
2026-07-16 14:12:31.836,60057.56986331582,23.267727415667412,27.449999999999996,40.513366336633666
2026-07-16 14:12:31.936,60581.74257199972,23.268770718196436,27.45,40.5035294117647
2026-07-16 14:12:32.036,61240.98665864731,23.269839107077892,27.449999999999996,40.493663366336634
2026-07-16 14:12:32.136,61772.638035195654,23.271649449018962,27.449999999999996,40.48376237623762
2026-07-16 14:12:32.236,61872.28706966351,23.273277574027514,27.450000000000003,40.47392156862745
2026-07-16 14:12:32.336,62445.52228608807,23.273336549610047,27.45,40.47
2026-07-16 14:12:32.436,62924.623073358925,23.27462492763448,27.449999999999996,40.46415841584158
2026-07-16 14:12:32.536,63446.652895789666,23.27552829422835,27.45,40.454313725490195
2026-07-16 14:12:32.636,63912.0569069207,23.27578735440394,27.45,40.45
2026-07-16 14:12:32.736,64288.466853231235,23.27565709600052,27.449999999999996,40.44455445544554
2026-07-16 14:12:32.836,64653.39059723011,23.275608484612903,27.45,40.434705882352944
2026-07-16 14:12:32.936,64976.15586381332,23.276112553277756,27.449999999999996,40.42485148514851
2026-07-16 14:12:33.036,65705.44669766567,23.276569616094193,27.449999999999996,40.42
2026-07-16 14:12:33.136,65883.62061369303,23.27657585738647,27.45,40.415098039215685
2026-07-16 14:12:33.236,66088.23012019822,23.276135234427137,27.45,40.405247524752475
2026-07-16 14:12:33.336,66538.57266982767,23.275654089653667,27.450000000000003,40.400000000000006
2026-07-16 14:12:33.436,66982.9869126172,23.27563729927575,27.45,40.39554455445544
2026-07-16 14:12:33.536,67077.24346315124,23.276063462097724,27.45,40.385643564356435
2026-07-16 14:12:33.636,67477.13432240285,23.27597344238877,27.450000000000003,40.38000000000001
2026-07-16 14:12:33.736,67757.3535064028,23.275503230100995,27.45,40.37598039215686
2026-07-16 14:12:33.836,68251.56701894353,23.275781253591468,27.45,40.36613861386138
2026-07-16 14:12:33.936,68630.312394883,23.27628332140181,27.450000000000003,40.36
2026-07-16 14:12:34.036,68647.86324440289,23.276256487006723,27.449999999999996,40.35643564356435
2026-07-16 14:12:34.136,69115.07232557534,23.276626634849716,27.45,40.34653465346535
2026-07-16 14:12:34.236,69430.8362880826,23.277436721574258,27.450000000000003,40.33666666666667
2026-07-16 14:12:34.336,69756.17477326524,23.277832804320667,27.449999999999996,40.33
2026-07-16 14:12:34.436,69792.3777075785,23.277823043335538,27.449999999999996,40.3269306930693
2026-07-16 14:12:34.536,69830.41331218781,23.277831197081174,27.450000000000003,40.31705882352942
2026-07-16 14:12:34.636,70042.99177764052,23.277887976025433,27.45,40.31
2026-07-16 14:12:34.736,70101.83781099478,23.277319079085107,27.45,40.30792079207921
2026-07-16 14:12:34.836,70718.79336434467,23.27807575481071,27.45,40.29803921568627
2026-07-16 14:12:34.936,70488.99894032125,23.278002759556394,27.45,40.288217821782176
2026-07-16 14:12:35.036,70686.85841314093,23.278417314489374,27.45,40.28
2026-07-16 14:12:35.136,70832.57145355534,23.27845795398643,27.45,40.27843137254902
2026-07-16 14:12:35.236,70697.95200722833,23.277894180865466,27.45,40.268613861386136
2026-07-16 14:12:35.336,70795.84972267396,23.27769488281559,27.45,40.25871287128712
2026-07-16 14:12:35.436,71078.23488254142,23.277512606540792,27.45,40.25
2026-07-16 14:12:35.536,71606.24594733829,23.278552508495128,27.45,40.247029702970295
2026-07-16 14:12:35.636,71593.09430681312,23.27871001598109,27.450000000000003,40.220000000000006
2026-07-16 14:12:35.736,71709.57484182683,23.27871634420091,27.450000000000003,40.219313725490196
2026-07-16 14:12:35.836,71957.85140144292,23.27895212069823,27.45,40.209504950495045
2026-07-16 14:12:35.936,71878.63563317359,23.27917124578015,27.45,40.2
2026-07-16 14:12:36.036,72249.77673497795,23.279374201980843,27.45,40.199801980198025
2026-07-16 14:12:36.136,72054.02819610217,23.279151859035586,27.449999999999996,40.18999999999999
2026-07-16 14:12:36.236,72246.97176549696,23.278920018587357,27.45,40.19
2026-07-16 14:12:36.336,72461.23145820298,23.27893599807853,27.45,40.18019607843137
2026-07-16 14:12:36.436,72556.35687914923,23.27913315830759,27.449999999999996,40.170297029702965
2026-07-16 14:12:36.536,72548.93667970356,23.27939080849568,27.45,40.17
2026-07-16 14:12:36.636,72322.95385918385,23.27995932183338,27.45,40.16059405940593
2026-07-16 14:12:36.736,72487.07060841912,23.280112754794946,27.450000000000003,40.15078431372549
2026-07-16 14:12:36.836,72586.82796238118,23.280569716357288,27.45,40.14089108910891
2026-07-16 14:12:36.936,72595.3975535682,23.280847595665925,27.45,40.14000000000001
2026-07-16 14:12:37.036,72593.25479989752,23.280958484421443,27.449999999999996,40.13118811881188
2026-07-16 14:12:37.136,72690.97693580441,23.281061960481473,27.45,40.12128712871287
2026-07-16 14:12:37.236,72948.96593843322,23.281172132994236,27.450000000000003,40.11147058823529
2026-07-16 14:12:37.336,73080.42407808185,23.28162801466887,27.45,40.11
2026-07-16 14:12:37.436,73059.50418398409,23.281757592392704,27.45,40.10168316831683
2026-07-16 14:12:37.536,73148.24595506022,23.282060744402585,27.450000000000003,40.09186274509805
2026-07-16 14:12:37.636,73198.63897394473,23.282310715398708,27.45,40.09
2026-07-16 14:12:37.736,73201.66044542361,23.28235560277035,27.45,40.0821568627451
2026-07-16 14:12:37.836,73403.22900630783,23.282397470126252,27.45,40.07227722772277
2026-07-16 14:12:37.936,73400.33019635334,23.282436265740618,27.45,40.07
2026-07-16 14:12:38.036,73655.04047035743,23.28276639770333,27.45,40.06254901960784
2026-07-16 14:12:38.136,73612.35977719154,23.282655801155443,27.45,40.05267326732673
2026-07-16 14:12:38.236,73695.17710941874,23.282690883263786,27.450000000000003,40.042843137254906
2026-07-16 14:12:38.336,73838.03611707294,23.28284355026294,27.449999999999996,40.03999999999999
2026-07-16 14:12:38.436,73626.8352395547,23.282561122445202,27.45,40.03306930693069
2026-07-16 14:12:38.536,73941.35149110225,23.28259480796207,27.450000000000003,40.023235294117654
2026-07-16 14:12:38.636,74098.99921943799,23.283249578194457,27.449999999999996,40.01336633663366
2026-07-16 14:12:38.736,74118.94454071447,23.28342995710441,27.45,40.01
2026-07-16 14:12:38.836,74132.02720818997,23.28343138832277,27.45,40.00366336633663
2026-07-16 14:12:38.936,74312.8707769803,23.28378921362191,27.450000000000003,39.987647058823526
2026-07-16 14:12:39.036,74619.32094799727,23.284665389011867,27.449999999999996,39.97999999999999
2026-07-16 14:12:39.136,74347.83391656142,23.28499240918784,27.45,39.974059405940594
2026-07-16 14:12:39.236,74313.8410071365,23.284575492050323,27.450000000000003,39.964215686274514
2026-07-16 14:12:39.336,74284.94215521411,23.28475044810269,27.45,39.96
2026-07-16 14:12:39.436,74441.66512690697,23.284853153208726,27.45,39.95445544554455
2026-07-16 14:12:39.536,74656.80618578094,23.2850918295496,27.45,39.944607843137256
2026-07-16 14:12:39.636,74660.20301786189,23.28560116746897,27.45,39.94
2026-07-16 14:12:39.736,74269.41441973748,23.285530751328498,27.450000000000003,39.934901960784316
2026-07-16 14:12:39.836,74772.77408632645,23.286188282025165,27.449999999999996,39.92999999999999
2026-07-16 14:12:39.936,74588.39754407102,23.285875436211963,27.449999999999996,39.925148514851486
2026-07-16 14:12:40.036,74358.44756811729,23.285632518710614,27.450000000000003,39.915294117647065
2026-07-16 14:12:40.136,74415.3012223308,23.285715860737,27.449999999999996,39.90544554455445
2026-07-16 14:12:40.236,74725.48657383324,23.285912523392078,27.450000000000003,39.900000000000006
2026-07-16 14:12:40.336,74918.52077953496,23.285837939761986,27.45,39.895742574257426
2026-07-16 14:12:40.436,74822.6267971523,23.286117914908232,27.45,39.88584158415841
2026-07-16 14:12:40.536,75051.69691115496,23.28670342852387,27.45,39.88000000000001
2026-07-16 14:12:40.636,74949.94469431804,23.287070841836098,27.45,39.876138613861386
2026-07-16 14:12:40.736,74942.85990877038,23.287310957472002,27.450000000000003,39.86627450980392
2026-07-16 14:12:40.836,75076.94871366966,23.287539216564873,27.449999999999996,39.85643564356435
2026-07-16 14:12:40.936,74963.18231207196,23.287756113850833,27.45,39.85
2026-07-16 14:12:41.036,75302.8197148674,23.28796115230827,27.45,39.846732673267326
2026-07-16 14:12:41.136,75267.4649760981,23.28815462441168,27.45,39.83683168316831
2026-07-16 14:12:41.236,75108.18261267137,23.288074758068852,27.450000000000003,39.83
2026-07-16 14:12:41.336,75217.29170079326,23.288278797514117,27.449999999999996,39.827128712871286
2026-07-16 14:12:41.436,75391.13459548404,23.28868544840424,27.449999999999996,39.81722772277227
2026-07-16 14:12:41.536,75217.29150581667,23.28885190688616,27.45,39.807352941176475
2026-07-16 14:12:41.636,75135.81379619644,23.289009112237743,27.449999999999996,39.79752475247524
2026-07-16 14:12:41.736,75159.24276699417,23.288814223596066,27.45,39.78999999999999
2026-07-16 14:12:41.836,75369.5891876002,23.289152677942333,27.45,39.78774509803922
2026-07-16 14:12:41.936,75493.25518263638,23.289647261371833,27.45,39.77792079207921
2026-07-16 14:12:42.036,75489.57173930152,23.289992952842812,27.45,39.76803921568627
2026-07-16 14:12:42.136,75429.92824194464,23.290036471324232,27.45,39.76
2026-07-16 14:12:42.236,75319.0195260057,23.289786336656075,27.45,39.75831683168316
2026-07-16 14:12:42.336,75613.15274267945,23.2899067098253,27.45,39.74843137254903
2026-07-16 14:12:42.436,75577.16256203124,23.290302080955126,27.45,39.73861386138614
2026-07-16 14:12:42.536,75496.03981971715,23.29030438168298,27.450000000000003,39.728725490196084
2026-07-16 14:12:42.636,75572.51091506348,23.290353827117816,27.450000000000003,39.720000000000006
2026-07-16 14:12:42.736,75800.22690083046,23.290810296757474,27.449999999999996,39.71
2026-07-16 14:12:42.836,75915.22255797825,23.29125884013152,27.45,39.70940594059406
2026-07-16 14:12:42.936,75720.24070773445,23.29169619544603,27.45,39.69950980392157
2026-07-16 14:12:43.036,75487.18180980299,23.291466447593354,27.449999999999996,39.68970297029703
2026-07-16 14:12:43.136,75665.07283307586,23.291652061552767,27.449999999999996,39.67999999999999
2026-07-16 14:12:43.236,75872.88719919523,23.29190180376515,27.45,39.68
2026-07-16 14:12:43.336,75857.90799235023,23.291944472395393,27.45,39.670099009900994
2026-07-16 14:12:43.436,75758.5726182273,23.291984079221773,27.45,39.660198019801975
2026-07-16 14:12:43.536,75672.60354385234,23.292020647514587,27.449999999999996,39.65999999999999
2026-07-16 14:12:43.636,75891.2128979239,23.29205452029256,27.45,39.65049504950495
2026-07-16 14:12:43.736,75886.22342524277,23.292319907780424,27.45,39.64077669902913
2026-07-16 14:12:43.836,75844.31469799044,23.292672547252472,27.45,39.63089108910891
2026-07-16 14:12:43.936,75781.12437819276,23.292790087439,27.45,39.63
2026-07-16 14:12:44.036,75626.13475640368,23.292448514126804,27.449999999999996,39.62118811881187
2026-07-16 14:12:44.136,75868.67822030146,23.292116150517117,27.45,39.611287128712874
2026-07-16 14:12:44.236,75567.63632049186,23.291459608023338,27.449999999999996,39.60147058823529
2026-07-16 14:12:44.336,75773.37159490847,23.291347802325642,27.449999999999996,39.6
2026-07-16 14:12:44.436,75939.31638073125,23.29140970585918,27.449999999999996,39.591683168316834
2026-07-16 14:12:44.536,75992.17135263751,23.291596407587868,27.45,39.581862745098036
2026-07-16 14:12:44.636,76097.67805840573,23.29199007048134,27.45,39.58
2026-07-16 14:12:44.736,76116.20561707739,23.292375724160358,27.45,39.572156862745096
2026-07-16 14:12:44.836,75993.5560116878,23.292750157051447,27.45,39.562277227722774
2026-07-16 14:12:44.936,75976.46840544755,23.293114557276148,27.45,39.55245098039215
2026-07-16 14:12:45.036,76042.69432701526,23.293246937775308,27.45,39.55
2026-07-16 14:12:45.136,76081.48797676258,23.2932353035685,27.450000000000003,39.54274509803921
2026-07-16 14:12:45.236,76064.12245059179,23.29322448817404,27.449999999999996,39.532871287128714
2026-07-16 14:12:45.336,76130.51813333303,23.29320125495895,27.449999999999996,39.53
2026-07-16 14:12:45.436,75758.89191333477,23.29286660225412,27.45,39.523168316831686
2026-07-16 14:12:45.536,75821.90256547015,23.292819964456278,27.45,39.513267326732674
2026-07-16 14:12:45.636,75781.52879213958,23.2928241931252,27.45,39.50343137254902
2026-07-16 14:12:45.736,75720.97754411673,23.292828154983177,27.449999999999996,39.49362745098039
2026-07-16 14:12:45.836,75734.84758255043,23.29283187324203,27.449999999999996,39.489999999999995
2026-07-16 14:12:45.936,75727.32292343653,23.292835368696924,27.45,39.483960396039606
2026-07-16 14:12:46.036,75758.08230060816,23.292838636226595,27.45,39.474059405940594
2026-07-16 14:12:46.136,75986.81247497456,23.29308198419008,27.45,39.47
2026-07-16 14:12:46.236,75995.33455298553,23.293158298886112,27.45,39.464356435643566
2026-07-16 14:12:46.336,76025.29979155655,23.29328786625549,27.45,39.45445544554455
2026-07-16 14:12:46.436,76097.4925618552,23.293370714083387,27.449999999999996,39.44460784313725
2026-07-16 14:12:46.536,76035.42772857647,23.29315162911606,27.45,39.44
2026-07-16 14:12:46.636,76166.9877646872,23.293423973585618,27.449999999999996,39.43485148514851
2026-07-16 14:12:46.736,76095.41834743354,23.293426625140984,27.449999999999996,39.425
2026-07-16 14:12:46.836,76156.76876371415,23.293616574799096,27.449999999999996,39.42
2026-07-16 14:12:46.936,76223.20123074675,23.293873331410374,27.45,39.415346534653466
2026-07-16 14:12:47.036,76241.4705647579,23.294125962661212,27.449999999999996,39.40544554455445
2026-07-16 14:12:47.136,76201.99419011475,23.29432443844463,27.449999999999996,39.39558823529411
2026-07-16 14:12:47.236,75992.23885571035,23.294281636405447,27.45,39.39
2026-07-16 14:12:47.336,76227.41724882374,23.294514718706886,27.45,39.38588235294118
2026-07-16 14:12:47.436,76108.15757919282,23.294525465031565,27.449999999999996,39.37603960396039
2026-07-16 14:12:47.536,76116.56379278854,23.29430988765891,27.45,39.36613861386139
2026-07-16 14:12:47.636,76200.14362564683,23.294217953697995,27.450000000000003,39.36
2026-07-16 14:12:47.736,76213.73993929334,23.294463351126428,27.449999999999996,39.35643564356435
2026-07-16 14:12:47.836,76347.32801258245,23.29469605342427,27.449999999999996,39.34656862745098
2026-07-16 14:12:47.936,76128.60006997906,23.294641453312707,27.45,39.33673267326733
2026-07-16 14:12:48.036,76297.06185534892,23.295065038231307,27.449999999999996,39.33
2026-07-16 14:12:48.136,76168.11083069356,23.295003805961585,27.45,39.32702970297029
2026-07-16 14:12:48.236,76100.01624070777,23.294767997784497,27.449999999999996,39.31712871287129
2026-07-16 14:12:48.336,76262.87503324288,23.29470741806451,27.449999999999996,39.309999999999995
2026-07-16 14:12:48.436,76195.09761462093,23.29467091568469,27.45,39.30742574257426
2026-07-16 14:12:48.536,76438.80940542508,23.29490914608672,27.450000000000003,39.29754901960784
2026-07-16 14:12:48.636,76498.69253564475,23.294881996175647,27.45,39.28772277227723
2026-07-16 14:12:48.736,76418.95080748083,23.295019152790225,27.45,39.28
2026-07-16 14:12:48.836,76479.8098401671,23.295537528800068,27.45,39.27851485148515
2026-07-16 14:12:48.936,76628.40551228765,23.296165345066584,27.45,39.2686274509804
2026-07-16 14:12:49.036,76534.60047510514,23.296414629140692,27.449999999999996,39.26
2026-07-16 14:12:49.136,76422.8031039135,23.296945184401295,27.449999999999996,39.256764705882354
2026-07-16 14:12:49.236,76441.15713170625,23.296531989892234,27.45,39.23
2026-07-16 14:12:49.336,76371.41984566761,23.296044905846202,27.45,39.22920792079208
2026-07-16 14:12:49.436,76390.24632743509,23.295762014419626,27.449999999999996,39.219313725490196
2026-07-16 14:12:49.536,76395.25157453006,23.2955280290891,27.45,39.21
2026-07-16 14:12:49.636,76288.75971655623,23.295243802251868,27.449999999999996,39.209607843137256
2026-07-16 14:12:49.736,76749.9740251084,23.295883845887303,27.449999999999996,39.19980392156862
2026-07-16 14:12:49.836,76450.64693096615,23.295787292335056,27.45,39.19
2026-07-16 14:12:49.936,76274.2736105736,23.295958486695554,27.45,39.19
2026-07-16 14:12:50.036,76374.618674828,23.29620477309428,27.45,39.18029411764706
2026-07-16 14:12:50.136,76448.2043964959,23.296297989677427,27.449999999999996,39.17039603960396
2026-07-16 14:12:50.236,76347.64402561139,23.296167946821374,27.45,39.16049504950495
2026-07-16 14:12:50.336,76710.118383434,23.29605450591429,27.449999999999996,39.15999999999999
2026-07-16 14:12:50.436,76955.7502241688,23.296630999976543,27.449999999999996,39.15079207920792
2026-07-16 14:12:50.536,76810.50321653023,23.2969074666185,27.45,39.14098039215686
2026-07-16 14:12:50.636,76737.5736773105,23.2968883466733,27.45,39.14
2026-07-16 14:12:50.736,76736.94966298851,23.297202182043378,27.449999999999996,39.131188118811885
2026-07-16 14:12:50.836,76722.93100525606,23.29792944995248,27.450000000000003,39.121372549019604
2026-07-16 14:12:50.936,76729.30725294558,23.298084518080472,27.45,39.11148514851485
2026-07-16 14:12:51.036,76510.60522479414,23.297878310554832,27.449999999999996,39.11
2026-07-16 14:12:51.136,76386.65032871495,23.297360082364285,27.45,39.10186274509804
2026-07-16 14:12:51.236,76592.7853456267,23.297315240714553,27.449999999999996,39.091980198019805
2026-07-16 14:12:51.336,76835.60395682225,23.297698464096115,27.449999999999996,39.082079207920785
2026-07-16 14:12:51.436,76818.30939894661,23.298152977043834,27.449999999999996,39.08
2026-07-16 14:12:51.536,76528.84366741424,23.29836165718423,27.449999999999996,39.07237623762376
2026-07-16 14:12:51.636,76766.32130757582,23.298904119876482,27.449999999999996,39.06247524752475
2026-07-16 14:12:51.736,76906.31912092067,23.299436736566843,27.449999999999996,39.06
2026-07-16 14:12:51.836,76522.09148692896,23.29938125657539,27.45,39.05277227722772
2026-07-16 14:12:51.936,76379.47772421493,23.299106448051962,27.450000000000003,39.04294117647059
2026-07-16 14:12:52.036,76592.54543358582,23.298845436528186,27.449999999999996,39.033069306930685
2026-07-16 14:12:52.136,76762.1700738409,23.29871081879412,27.449999999999996,39.03
2026-07-16 14:12:52.236,77116.67228535483,23.29924897421433,27.449999999999996,39.023366336633664
2026-07-16 14:12:52.336,76687.99850152689,23.299017105625396,27.45,39.02
2026-07-16 14:12:52.436,76405.97642126957,23.298459173854496,27.449999999999996,39.01362745098039
2026-07-16 14:12:52.536,76319.72373444174,23.29758006288759,27.449999999999996,39.003762376237624
2026-07-16 14:12:52.636,76419.28537601994,23.297025428175495,27.450000000000003,38.99392156862746
2026-07-16 14:12:52.736,76604.52213438501,23.297271351648877,27.449999999999996,38.98449541284403
2026-07-16 14:12:52.836,76589.7348136129,23.297501387596707,27.450000000000003,38.974999999999994
2026-07-16 14:12:52.936,76962.93246072774,23.298139886305805,27.449999999999996,38.97
2026-07-16 14:12:53.036,76856.27765095475,23.29806304686405,27.449999999999996,38.96524752475247
2026-07-16 14:12:53.136,76914.14891180462,23.298352318441715,27.450000000000003,38.95539215686275
2026-07-16 14:12:53.236,76850.79389033557,23.298594478482556,27.449999999999996,38.95
2026-07-16 14:12:53.336,76609.2515806441,23.298532147973628,27.449999999999996,38.94564356435643
2026-07-16 14:12:53.436,77042.941167792,23.29907840075135,27.449999999999996,38.93578431372549
2026-07-16 14:12:53.536,76835.20704344535,23.298350458616703,27.45,38.93
2026-07-16 14:12:53.636,77106.34718758603,23.298406593807506,27.450000000000003,38.92607843137255
2026-07-16 14:12:53.736,77068.26517475073,23.298879114524404,27.449999999999996,38.91623762376238
2026-07-16 14:12:53.836,76888.25727794779,23.2992727082786,27.449999999999996,38.9063725490196
2026-07-16 14:12:53.936,76773.98916925113,23.29941234140822,27.449999999999996,38.9
2026-07-16 14:12:54.036,76692.84509394488,23.299541516105275,27.45,38.89666666666666
2026-07-16 14:12:54.136,76945.78357812365,23.299660188716498,27.45,38.88683168316832
2026-07-16 14:12:54.236,76756.93244264022,23.299769734040773,27.45,38.87696078431373
2026-07-16 14:12:54.336,76936.57990915148,23.300147677375655,27.449999999999996,38.867128712871285
2026-07-16 14:12:54.436,76928.41797873579,23.30042493153819,27.449999999999996,38.85725490196078
2026-07-16 14:12:54.536,76777.34024486064,23.30037815283877,27.45,38.85
2026-07-16 14:12:54.636,76986.87515143528,23.30012495359951,27.449999999999996,38.847524752475245
2026-07-16 14:12:54.736,76854.63128524709,23.300209778038393,27.45,38.837647058823535
2026-07-16 14:12:54.836,76631.93470270537,23.29994776146372,27.449999999999996,38.827843137254895
2026-07-16 14:12:54.936,76677.90418989613,23.299674774096523,27.45,38.82
2026-07-16 14:12:55.036,76743.11681052105,23.299412933571595,27.45,38.81813725490196
2026-07-16 14:12:55.136,76789.44991788646,23.299293338413797,27.45,38.80831683168317
2026-07-16 14:12:55.236,76882.2909233483,23.299405845406927,27.449999999999996,38.8
2026-07-16 14:12:55.336,76890.9354353429,23.299511656972093,27.449999999999996,38.798529411764704
2026-07-16 14:12:55.436,76774.06000306098,23.29961018027263,27.45,38.78871287128713
2026-07-16 14:12:55.536,76762.67635999393,23.299441806796114,27.449999999999996,38.779999999999994
2026-07-16 14:12:55.636,76975.46506612338,23.29961169380598,27.45,38.7780198019802
2026-07-16 14:12:55.736,77128.24091106094,23.30004621787655,27.450000000000003,38.76
2026-07-16 14:12:55.836,77066.69281164352,23.300475614266432,27.45,38.759306930693064
2026-07-16 14:12:55.936,77192.32041344492,23.30089848418209,27.45,38.74941176470588
2026-07-16 14:12:56.036,77191.08077250523,23.30131166076961,27.45,38.73960396039604
2026-07-16 14:12:56.136,77005.57031978399,23.301102427078195,27.450000000000003,38.72970588235294
2026-07-16 14:12:56.236,76851.0829914873,23.300783223586755,27.45,38.72
2026-07-16 14:12:56.336,76944.63680839236,23.3009802264559,27.45,38.72
2026-07-16 14:12:56.436,77106.912060414,23.301474149298862,27.449999999999996,38.71019607843137
2026-07-16 14:12:56.536,76824.61351901993,23.301202422258253,27.449999999999996,38.700297029702966
2026-07-16 14:12:56.636,77290.9898350919,23.302043384252407,27.449999999999996,38.690396039603954
2026-07-16 14:12:56.736,76932.79298963289,23.30214405869539,27.449999999999996,38.68058823529411
2026-07-16 14:12:56.836,76792.79836517015,23.302147157036533,27.449999999999996,38.67999999999999
2026-07-16 14:12:56.936,76796.49268928485,23.302150008057396,27.449999999999996,38.67088235294118
2026-07-16 14:12:57.036,76798.57546228397,23.302152638823674,27.450000000000003,38.660990099009894
2026-07-16 14:12:57.136,76815.60102029685,23.30211422545805,27.45,38.65117647058823
2026-07-16 14:12:57.236,76949.21691047064,23.301774067084605,27.45,38.65
2026-07-16 14:12:57.336,76962.2530754475,23.301444610772087,27.449999999999996,38.641470588235286
2026-07-16 14:12:57.436,76948.25880848957,23.301907255910805,27.449999999999996,38.63158415841584
2026-07-16 14:12:57.536,77141.46316548518,23.302661140245775,27.449999999999996,38.63
2026-07-16 14:12:57.636,77209.29424287904,23.303281737490664,27.45,38.621862745098035
2026-07-16 14:12:57.736,76827.98436102986,23.303577151618097,27.449999999999996,38.6119801980198
2026-07-16 14:12:57.836,76966.68720764063,23.303518602644207,27.45,38.6021568627451
2026-07-16 14:12:57.936,76976.49931507767,23.303465146421125,27.45,38.592277227722775
2026-07-16 14:12:58.036,77061.76650416087,23.30370687917928,27.449999999999996,38.59
2026-07-16 14:12:58.136,77043.09799887304,23.303801904239258,27.449999999999996,38.58257425742574
2026-07-16 14:12:58.236,77029.62954316303,23.303739911181797,27.45,38.572673267326735
2026-07-16 14:12:58.336,77107.33954206324,23.30361114010128,27.45,38.57
2026-07-16 14:12:58.436,77002.62548564456,23.30323442812453,27.449999999999996,38.5629702970297
2026-07-16 14:12:58.536,76983.55391681808,23.303906287217956,27.449999999999996,38.553137254901955
2026-07-16 14:12:58.636,76609.87021293803,23.30334979584834,27.45,38.55
2026-07-16 14:12:58.736,76664.20515965263,23.303029309101003,27.449999999999996,38.54336633663366
2026-07-16 14:12:58.836,76910.9003927015,23.302995209368305,27.45,38.53352941176471
2026-07-16 14:12:58.936,77007.44958423421,23.302963645138824,27.45,38.53
2026-07-16 14:12:59.036,77011.37687238016,23.30293435954515,27.449999999999996,38.52386138613861
2026-07-16 14:12:59.136,76886.36957950957,23.302907411587388,27.45,38.51396039603961
2026-07-16 14:12:59.236,77178.82363747939,23.303475419648013,27.449999999999996,38.50999999999999
2026-07-16 14:12:59.336,77061.14985800727,23.303407193849623,27.45,38.50425742574257
2026-07-16 14:12:59.436,77057.83315707518,23.30335816034001,27.450000000000003,38.49441176470589
2026-07-16 14:12:59.536,77163.60540015253,23.30357467063542,27.449999999999996,38.48455445544554
2026-07-16 14:12:59.636,76778.79875939422,23.30348449924561,27.449999999999996,38.474653465346535
2026-07-16 14:12:59.736,77156.42926232367,23.303086103399735,27.449999999999996,38.46480392156862
2026-07-16 14:12:59.836,77276.45608817581,23.303686641846475,27.449999999999996,38.459999999999994
2026-07-16 14:12:59.936,77224.383202599,23.304107871970842,27.450000000000003,38.455098039215684
2026-07-16 14:13:00.036,77113.05545135803,23.304212132694047,27.449999999999996,38.445247524752475
2026-07-16 14:13:00.136,77038.17134281059,23.30413175886574,27.450000000000003,38.43539215686275
2026-07-16 14:13:00.236,77018.6303549218,23.30411046493004,27.449999999999996,38.43
2026-07-16 14:13:00.336,76888.45033725855,23.30439869654795,27.449999999999996,38.425643564356434
2026-07-16 14:13:00.436,77128.89865102587,23.30433090521082,27.449999999999996,38.41578431372549
2026-07-16 14:13:00.536,76911.06913714597,23.303991575734813,27.45,38.4059405940594
2026-07-16 14:13:00.636,76898.03695140015,23.303780542757163,27.45,38.396039603960396
2026-07-16 14:13:00.736,77139.47654391083,23.303854786782743,27.450000000000003,38.39
2026-07-16 14:13:00.836,77260.2052340612,23.304140735404125,27.450000000000003,38.38633663366337
2026-07-16 14:13:00.936,76889.41518147902,23.30441754453116,27.450000000000003,38.37647058823529
2026-07-16 14:13:01.036,77016.89857656405,23.304682919547858,27.449999999999996,38.37
2026-07-16 14:13:01.136,77239.75018279633,23.305219659667195,27.449999999999996,38.366764705882346
2026-07-16 14:13:01.236,77121.43616951331,23.30514866583364,27.45,38.3569306930693
2026-07-16 14:13:01.336,76874.9860905573,23.304672728611102,27.45,38.35
2026-07-16 14:13:01.436,76893.31935299364,23.304476953016728,27.449999999999996,38.347156862745095
2026-07-16 14:13:01.536,77338.86213336934,23.30513764510199,27.449999999999996,38.33732673267327
2026-07-16 14:13:01.636,77347.63795728088,23.305415737425108,27.449999999999996,38.33
2026-07-16 14:13:01.736,77149.76675417685,23.305339350234178,27.450000000000003,38.327549019607844
2026-07-16 14:13:01.836,76996.96914528623,23.305210647191785,27.45,38.31774509803921
2026-07-16 14:13:01.936,77048.54635940364,23.305445020998768,27.45,38.31
2026-07-16 14:13:02.036,77149.13102962506,23.305855431837973,27.450000000000003,38.30803921568628
2026-07-16 14:13:02.136,76923.80496730546,23.30570431343835,27.45,38.298217821782174
2026-07-16 14:13:02.236,76804.88185001278,23.30556340913483,27.449999999999996,38.28999999999999
2026-07-16 14:13:02.336,77123.3466637089,23.305431711633823,27.45,38.28851485148515
2026-07-16 14:13:02.436,77396.40471034826,23.305821438219063,27.45,38.278627450980395
2026-07-16 14:13:02.536,77263.51036090158,23.306227007202974,27.449999999999996,38.27
2026-07-16 14:13:02.636,76946.47970873042,23.306323193302653,27.449999999999996,38.2678431372549
2026-07-16 14:13:02.736,76983.19937044245,23.306210589712098,27.450000000000003,38.249117647058824
2026-07-16 14:13:02.836,77219.63196891895,23.30642316502595,27.449999999999996,38.2393137254902
2026-07-16 14:13:02.936,77239.56022099941,23.3066241063752,27.45,38.22950495049504
2026-07-16 14:13:03.036,76969.58057653165,23.306546925221383,27.450000000000003,38.219607843137254
2026-07-16 14:13:03.136,76955.19930845368,23.30638515266574,27.45,38.21
2026-07-16 14:13:03.236,77156.1025090687,23.30635934155741,27.45,38.209901960784315
2026-07-16 14:13:03.336,77247.28243714679,23.306553548776062,27.449999999999996,38.20009803921568
2026-07-16 14:13:03.436,77247.28243714677,23.306739212346518,27.45,38.19019801980198
2026-07-16 14:13:03.536,77004.46604658553,23.306915024859396,27.449999999999996,38.19
2026-07-16 14:13:03.636,77054.0185788699,23.307083173326365,27.45,38.18049019607843
2026-07-16 14:13:03.736,77247.02277302583,23.307443199028405,27.45,38.17059405940594
2026-07-16 14:13:03.836,77241.40562050253,23.307643659666198,27.450000000000003,38.160784313725486
2026-07-16 14:13:03.936,76961.83766263149,23.307447420204603,27.449999999999996,38.15999999999999
2026-07-16 14:13:04.036,76926.24960952696,23.307282399444325,27.449999999999996,38.15108910891089
2026-07-16 14:13:04.136,77278.69849763886,23.307773257860465,27.45,38.14127450980392
2026-07-16 14:13:04.236,77312.05849833455,23.308262309551175,27.45,38.14
2026-07-16 14:13:04.336,77073.31708934251,23.308278556162406,27.449999999999996,38.131485148514855
2026-07-16 14:13:04.436,76858.93308672978,23.30804827895205,27.45,38.12166666666666
2026-07-16 14:13:04.536,76882.13076091601,23.308018685441773,27.449999999999996,38.111782178217815
2026-07-16 14:13:04.636,77096.19021700922,23.308513904244542,27.449999999999996,38.10999999999999
2026-07-16 14:13:04.736,77128.36607494894,23.3090033256221,27.45,38.102079207920795
2026-07-16 14:13:04.836,77073.73535777118,23.309484529983603,27.45,38.092254901960786
2026-07-16 14:13:04.936,77153.11948248766,23.309688606524745,27.449999999999996,38.08237623762376
2026-07-16 14:13:05.036,77298.67643576721,23.3099564761973,27.45,38.08
2026-07-16 14:13:05.136,77321.48562965846,23.310400916892043,27.45,38.07267326732673
2026-07-16 14:13:05.236,77082.50421635044,23.31078790632002,27.45,38.07
2026-07-16 14:13:05.336,76932.95839834042,23.310824820623818,27.450000000000003,38.062941176470595
2026-07-16 14:13:05.436,76747.90061595535,23.31120292991651,27.449999999999996,38.05306930693069
2026-07-16 14:13:05.536,60529.161054887125,23.310769432684623,27.450000000000003,38.05
2026-07-16 14:13:05.636,29243.826288574663,23.3098212333753,27.449999999999996,38.04336633663365
2026-07-16 14:13:05.736,5247.604153060969,23.308671322165544,27.45,38.033465346534655
2026-07-16 14:13:05.836,7074.081825536166,23.307718026475765,27.449999999999996,38.02362745098039
2026-07-16 14:13:05.936,3477.2110613248497,23.30792015589832,27.449999999999996,38.01376237623762
2026-07-16 14:13:06.036,49550.962564672016,23.307653490697927,27.45,38.01
2026-07-16 14:13:06.136,71008.37206169448,23.307392806192677,27.45,38.004059405940595
2026-07-16 14:13:06.236,76853.2085148007,23.307148883237325,27.449999999999996,37.9942156862745
2026-07-16 14:13:06.336,76911.549112588,23.306920572202575,27.45,37.97871287128713
2026-07-16 14:13:06.436,76972.44422244024,23.30661993521068,27.45,37.97
2026-07-16 14:13:06.536,76765.1195751284,23.3060270329145,27.449999999999996,37.96460784313725
2026-07-16 14:13:06.636,77368.59628722837,23.306284765369593,27.45,37.95475247524753
2026-07-16 14:13:06.736,77568.20655465129,23.306526971641247,27.45,37.95
2026-07-16 14:13:06.836,77544.00946587611,23.306490812762334,27.449999999999996,37.94504950495049
2026-07-16 14:13:06.936,77324.03826167955,23.306305239176957,27.449999999999996,37.93519607843137
2026-07-16 14:13:07.036,77114.37721894587,23.306231854103174,27.45,37.925346534653464
2026-07-16 14:13:07.136,77328.90820404401,23.306434939515142,27.450000000000003,37.92
2026-07-16 14:13:07.236,77223.6255230405,23.306261991338395,27.449999999999996,37.91564356435643
2026-07-16 14:13:07.336,77313.16829739045,23.306430547423894,27.449999999999996,37.90578431372548
2026-07-16 14:13:07.436,77431.65045691864,23.306894029110765,27.45,37.895940594059404
2026-07-16 14:13:07.536,77493.94952639082,23.30727823713919,27.449999999999996,37.89
2026-07-16 14:13:07.636,77460.0467489477,23.30757265678066,27.449999999999996,37.886237623762376
2026-07-16 14:13:07.736,77339.20958391753,23.30807976929521,27.45,37.88
2026-07-16 14:13:07.836,77225.27247428057,23.308229779547595,27.449999999999996,37.87653465346534
2026-07-16 14:13:07.936,77332.18190159301,23.308369552549706,27.45,37.86666666666666
2026-07-16 14:13:08.036,77366.71815431998,23.308501058784596,27.449999999999996,37.86
2026-07-16 14:13:08.136,77365.91992682734,23.308818812570525,27.45,37.85696078431373
2026-07-16 14:13:08.236,77405.17811892467,23.309297111696157,27.449999999999996,37.84712871287129
2026-07-16 14:13:08.336,77485.5783618817,23.309767831715533,27.45,37.84
2026-07-16 14:13:08.436,77366.44521447079,23.310228883766015,27.450000000000003,37.837352941176476
2026-07-16 14:13:08.536,77132.85332010251,23.3103031195296,27.449999999999996,37.82752475247525
2026-07-16 14:13:08.636,77161.80430873885,23.310358448184786,27.449999999999996,37.81999999999999
2026-07-16 14:13:08.736,77069.68344201363,23.31020131354822,27.45,37.81782178217822
2026-07-16 14:13:08.836,77067.37335432452,23.31017737662766,27.449999999999996,37.807941176470585
2026-07-16 14:13:08.936,77337.20575895876,23.31052695640283,27.449999999999996,37.79811881188118
2026-07-16 14:13:09.036,77220.37460990854,23.3105725141244,27.449999999999996,37.78999999999999
2026-07-16 14:13:09.136,77220.37460990854,23.31061435716449,27.449999999999996,37.788415841584154
2026-07-16 14:13:09.236,77218.17374427256,23.310932050555973,27.449999999999996,37.77852941176471
2026-07-16 14:13:09.336,77140.55888328294,23.311088758737377,27.45,37.76871287128713
2026-07-16 14:13:09.436,77072.7269405869,23.311110619351588,27.45,37.75881188118811
2026-07-16 14:13:09.536,77106.52200503097,23.311131056454276,27.45,37.74892156862745
2026-07-16 14:13:09.636,77227.86114884404,23.31115019708467,27.449999999999996,37.73911764705882
2026-07-16 14:13:09.736,77230.33260874668,23.311167975325432,27.449999999999996,37.72861386138614
2026-07-16 14:13:09.836,77429.0791469818,23.311442773701287,27.45,37.71
2026-07-16 14:13:09.936,77424.67431801328,23.311960807613936,27.45,37.70960396039604
2026-07-16 14:13:10.036,77313.26744269222,23.31227336755955,27.45,37.69970588235294
2026-07-16 14:13:10.136,77203.66204557405,23.312162309124332,27.45,37.68990099009901
2026-07-16 14:13:10.236,77096.95763308661,23.311888917353237,27.45,37.68
2026-07-16 14:13:10.336,77210.73259462974,23.31220636990411,27.449999999999996,37.68
2026-07-16 14:13:10.436,77231.84325474827,23.3122195551745,27.449999999999996,37.670297029702965
2026-07-16 14:13:10.536,77319.06677580895,23.312427127790734,27.45,37.66039603960396
2026-07-16 14:13:10.636,77372.0332923361,23.31272142019614,27.45,37.66
2026-07-16 14:13:10.736,77331.36448835196,23.31290179664541,27.449999999999996,37.65069306930693
2026-07-16 14:13:10.836,77236.88043441006,23.312904306965088,27.450000000000003,37.6410576923077
2026-07-16 14:13:10.936,77239.12651190558,23.313178728930936,27.449999999999996,37.63999999999999
2026-07-16 14:13:11.036,77123.8021964362,23.313445401621642,27.45,37.6314705882353
2026-07-16 14:13:11.136,77278.74023736561,23.313705130584776,27.449999999999996,37.621584158415835
2026-07-16 14:13:11.236,77585.05450150675,23.314321230935185,27.449999999999996,37.61168316831682
2026-07-16 14:13:11.336,77585.58037753137,23.314831832455642,27.449999999999996,37.61
2026-07-16 14:13:11.436,77106.64689980571,23.314649231044466,27.449999999999996,37.6019801980198
2026-07-16 14:13:11.536,77108.08464976324,23.31418966243625,27.45,37.5921568627451
2026-07-16 14:13:11.636,77333.16827416529,23.31480449905932,27.45,37.59
2026-07-16 14:13:11.736,77380.93144334384,23.315428084564882,27.450000000000003,37.58245098039216
2026-07-16 14:13:11.836,77246.90851160364,23.315329709006235,27.45,37.57264705882353
2026-07-16 14:13:11.936,77162.5616464811,23.31511657440722,27.45,37.56999999999999
2026-07-16 14:13:12.036,77245.07165418095,23.315375508444284,27.449999999999996,37.563039215686274
2026-07-16 14:13:12.136,77251.11041309794,23.315620941356027,27.45,37.55316831683168
2026-07-16 14:13:12.236,77253.582057808,23.31585121091925,27.449999999999996,37.55
2026-07-16 14:13:12.336,77045.83232940038,23.31606895751311,27.45,37.54343137254902
2026-07-16 14:13:12.436,77201.26868491285,23.316275362399026,27.450000000000003,37.53356435643565
2026-07-16 14:13:12.536,77560.33925852767,23.3168183507738,27.449999999999996,37.523663366336635
2026-07-16 14:13:12.636,77623.36791019043,23.317430638615214,27.449999999999996,37.51382352941176
2026-07-16 14:13:12.736,76997.41851863559,23.317248211889925,27.45,37.51
2026-07-16 14:13:12.836,77220.56478610146,23.317816783990402,27.45,37.504285714285714
2026-07-16 14:13:12.936,77472.91957882546,23.318006059856348,27.449999999999996,37.49460784313725
2026-07-16 14:13:13.036,77462.63666311899,23.318420440658336,27.449999999999996,37.48475247524752
2026-07-16 14:13:13.136,77344.78614165462,23.318735625412916,27.45,37.47490196078431
2026-07-16 14:13:13.236,77230.09000107496,23.318714576172596,27.449999999999996,37.46504950495049
2026-07-16 14:13:13.336,77123.69959356872,23.318420364181417,27.449999999999996,37.45514851485149
2026-07-16 14:13:13.436,77121.23264118283,23.318140696090243,27.450000000000003,37.445294117647066
2026-07-16 14:13:13.536,77238.15896560572,23.318239313492413,27.45,37.44
2026-07-16 14:13:13.636,77085.31156325649,23.31835689880836,27.449999999999996,37.43554455445545
2026-07-16 14:13:13.736,77177.01943008238,23.318467275041797,27.45,37.4256862745098
2026-07-16 14:13:13.836,77445.96280041104,23.31895473715226,27.45,37.41588235294118
2026-07-16 14:13:13.936,77510.27879642496,23.31999308182403,27.449999999999996,37.41
2026-07-16 14:13:14.036,77413.81351377994,23.3204490811503,27.449999999999996,37.40623762376237
2026-07-16 14:13:14.136,77066.68364177973,23.32008846708674,27.45,37.39637254901961
2026-07-16 14:13:14.236,77176.28250422947,23.320048035050945,27.449999999999996,37.39
2026-07-16 14:13:14.336,77344.35236220586,23.320095123249153,27.45,37.38666666666667
2026-07-16 14:13:14.436,77372.1790958413,23.319986338328327,27.449999999999996,37.37683168316831
2026-07-16 14:13:14.536,77308.18550760577,23.319817845911814,27.450000000000003,37.36696078431372
2026-07-16 14:13:14.636,77416.41957995767,23.32024147800739,27.450000000000003,37.36
2026-07-16 14:13:14.736,77299.8999375258,23.320278794671534,27.449999999999996,37.35725490196078
2026-07-16 14:13:14.836,77183.36226219169,23.320007762259216,27.449999999999996,37.34742574257426
2026-07-16 14:13:14.936,76982.14617587996,23.3199205212295,27.449999999999996,37.34
2026-07-16 14:13:15.036,77009.0835333766,23.320128435931373,27.449999999999996,37.337722772277225
2026-07-16 14:13:15.136,77340.79490358563,23.320526236767176,27.449999999999996,37.327843137254895
2026-07-16 14:13:15.236,77568.17663705764,23.32094034595579,27.450000000000003,37.32
2026-07-16 14:13:15.336,77561.77732895837,23.321684810963376,27.449999999999996,37.318137254901956
2026-07-16 14:13:15.436,77458.73854277481,23.32209676692136,27.449999999999996,37.308316831683165
2026-07-16 14:13:15.536,77510.83156636375,23.322450794225755,27.449999999999996,37.3
2026-07-16 14:13:15.636,77454.22684482973,23.322791164363387,27.449999999999996,37.298529411764704
2026-07-16 14:13:15.736,77285.46131153272,23.322998701995992,27.45,37.28871287128713
2026-07-16 14:13:15.836,77332.61807448407,23.32300799292942,27.45,37.27882352941176
2026-07-16 14:13:15.936,77689.86697126525,23.323692633362388,27.450000000000003,37.269009900990106
2026-07-16 14:13:16.036,77390.68693218009,23.32364634960737,27.45,37.259117647058815
2026-07-16 14:13:16.136,77372.06084219544,23.324105950375483,27.45,37.249306930693066
2026-07-16 14:13:16.236,77357.59137423614,23.32455642983544,27.45,37.23941176470588
2026-07-16 14:13:16.336,77240.95882969555,23.324814929654785,27.45,37.23
2026-07-16 14:13:16.436,77179.48216245385,23.325121769012682,27.449999999999996,37.229702970297026
2026-07-16 14:13:16.536,77414.05941526227,23.325745260197113,27.449999999999996,37.219607843137254
2026-07-16 14:13:16.636,77423.16033671176,23.326361097425227,27.45,37.2
2026-07-16 14:13:16.736,77333.08959326718,23.326641584783246,27.45,37.19009900990099
2026-07-16 14:13:16.836,77355.69120098343,23.326816526942018,27.45,37.18999999999999
2026-07-16 14:13:16.936,77468.37736971081,23.327445609461844,27.449999999999996,37.180392156862744
2026-07-16 14:13:17.036,77505.50186304553,23.32844468284671,27.45,37.17049504950495
2026-07-16 14:13:17.136,77299.68439572983,23.328100737924586,27.45,37.17
2026-07-16 14:13:17.236,77170.30568232703,23.32821979533503,27.449999999999996,37.16078431372548
2026-07-16 14:13:17.336,77144.12969940246,23.327979891980483,27.45,37.16
2026-07-16 14:13:17.436,77149.04771248117,23.32767384691762,27.449999999999996,37.15107843137255
2026-07-16 14:13:17.536,77147.48005774012,23.327566210755766,27.449999999999996,37.141188118811876
2026-07-16 14:13:17.636,77160.55650960965,23.327800586680123,27.45,37.13128712871287
2026-07-16 14:13:17.736,77257.65784408545,23.328306936268188,27.449999999999996,37.129999999999995
2026-07-16 14:13:17.836,77254.17078420644,23.32840865953484,27.449999999999996,37.12158415841584
2026-07-16 14:13:17.936,77454.98299537876,23.329182225371117,27.45,37.11176470588235
2026-07-16 14:13:18.036,77211.50880254785,23.32979153768735,27.450000000000003,37.11
2026-07-16 14:13:18.136,77143.48022218437,23.330052367387395,27.45,37.10205882352941
2026-07-16 14:13:18.236,77373.49231720192,23.33007875102513,27.449999999999996,37.09217821782178
2026-07-16 14:13:18.336,77297.51323478746,23.33014179505891,27.45,37.09
2026-07-16 14:13:18.436,77545.63942989722,23.3305540706118,27.449999999999996,37.08245098039215
2026-07-16 14:13:18.536,77467.02535449958,23.330593635370995,27.449999999999996,37.07257425742574
2026-07-16 14:13:18.636,77426.44978707381,23.33086478772406,27.45,37.06267326732673
2026-07-16 14:13:18.736,77295.13412928188,23.331035073021674,27.45,37.06
2026-07-16 14:13:18.836,77180.76299698967,23.33101937093554,27.45,37.0529702970297
2026-07-16 14:13:18.936,77257.55802635844,23.331004804307295,27.449999999999996,37.04313725490196
2026-07-16 14:13:19.036,77008.09392018201,23.330991311791312,27.450000000000003,37.03326732673268
2026-07-16 14:13:19.136,77113.28217220081,23.330978869519218,27.449999999999996,37.03
2026-07-16 14:13:19.236,77243.73943260113,23.330967220923682,27.45,37.02356435643564
2026-07-16 14:13:19.336,77368.72337483765,23.331132664390537,27.449999999999996,37.01366336633663
2026-07-16 14:13:19.436,77349.38751815536,23.33130945302289,27.449999999999996,37.00382352941176
2026-07-16 14:13:19.536,77195.45964322284,23.331344343076037,27.450000000000003,36.993960396039604
2026-07-16 14:13:19.636,77437.49031490779,23.331626721403882,27.45,36.99
2026-07-16 14:13:19.736,77322.96265902408,23.331902252205293,27.449999999999996,36.9842156862745
2026-07-16 14:13:19.836,77492.6232223938,23.332417165885555,27.450000000000003,36.97446601941748
2026-07-16 14:13:19.936,77296.90674750597,23.332188043476883,27.449999999999996,36.97
2026-07-16 14:13:20.036,77126.27733457109,23.331748636896013,27.45,36.95970297029703
2026-07-16 14:13:20.136,77307.23378974586,23.331706900653916,27.449999999999996,36.949999999999996
2026-07-16 14:13:20.236,77320.41722035514,23.331681676646955,27.449999999999996,36.94514851485148
2026-07-16 14:13:20.336,77438.25757287952,23.33197766373991,27.449999999999996,36.935294117647054
2026-07-16 14:13:20.436,77248.97398659776,23.3319803799691,27.449999999999996,36.92999999999999
2026-07-16 14:13:20.536,77172.73151356528,23.331720266210574,27.449999999999996,36.925588235294114
2026-07-16 14:13:20.636,77119.94088833971,23.33135420233864,27.450000000000003,36.91574257425742
2026-07-16 14:13:20.736,77094.36692354595,23.33118133548642,27.449999999999996,36.91
2026-07-16 14:13:20.836,77286.71356493018,23.331472908614526,27.449999999999996,36.90607843137254
2026-07-16 14:13:20.936,77057.12855013204,23.331442740250683,27.449999999999996,36.896237623762374
2026-07-16 14:13:21.036,77362.11624927027,23.33112011555076,27.449999999999996,36.886372549019605
2026-07-16 14:13:21.136,77380.0803009927,23.331004953347964,27.45,36.87653465346535
2026-07-16 14:13:21.236,77380.56917026322,23.33115761666115,27.449999999999996,36.87
2026-07-16 14:13:21.336,77424.80454950419,23.331465376879457,27.449999999999996,36.866764705882346
2026-07-16 14:13:21.436,77317.41072778197,23.331723032834418,27.449999999999996,36.8569306930693
2026-07-16 14:13:21.536,77322.5737047597,23.331685027387632,27.449999999999996,36.84705882352941
2026-07-16 14:13:21.636,77439.56680429216,23.331649656145004,27.449999999999996,36.839999999999996
2026-07-16 14:13:21.736,77387.34739485518,23.331385143842496,27.450000000000003,36.83732673267327
2026-07-16 14:13:21.836,77263.03994101599,23.33122265786313,27.449999999999996,36.82745098039216
2026-07-16 14:13:21.936,77265.02437642428,23.331314998526942,27.449999999999996,36.817647058823525
2026-07-16 14:13:22.036,77443.18673987986,23.331492467083,27.45,36.81
2026-07-16 14:13:22.136,77336.68103712403,23.33115297823373,27.45,36.807941176470585
2026-07-16 14:13:22.236,77216.360229819,23.330819260870165,27.449999999999996,36.79811881188118
2026-07-16 14:13:22.336,77273.78250091498,23.331002795895927,27.45,36.78823529411765
2026-07-16 14:13:22.436,77176.49464577387,23.330922823106825,27.449999999999996,36.778415841584156
2026-07-16 14:13:22.536,77092.35566262458,23.330581706081542,27.45,36.77
2026-07-16 14:13:22.636,77242.15734684435,23.330395752881437,27.449999999999996,36.76862745098039
2026-07-16 14:13:22.736,77467.76411873293,23.330735623092256,27.45,36.758811881188116
2026-07-16 14:13:22.836,77470.4352981995,23.330732112462503,27.449999999999996,36.748921568627445
2026-07-16 14:13:22.936,77371.04523714788,23.33072884348122,27.449999999999996,36.73911764705882
2026-07-16 14:13:23.036,77177.20801443214,23.33052142437129,27.45,36.73
2026-07-16 14:13:23.136,77161.03014014411,23.330205376020864,27.45,36.729405940594056
2026-07-16 14:13:23.236,77372.6843983708,23.32998163193505,27.449999999999996,36.71950980392156
2026-07-16 14:13:23.336,77470.54195532872,23.330027120587708,27.449999999999996,36.709999999999994
2026-07-16 14:13:23.436,77343.5986481669,23.330363055581444,27.45,36.70960396039604
2026-07-16 14:13:23.536,77545.32718816075,23.330693040250765,27.45,36.69
2026-07-16 14:13:23.636,77620.7277803923,23.331016787481964,27.45,36.69
2026-07-16 14:13:23.736,77497.34655998134,23.331333689017097,27.45,36.68019801980198
2026-07-16 14:13:23.836,77330.53582909223,23.331540061859904,27.45,36.670392156862746
2026-07-16 14:13:23.936,77340.55513691607,23.331508127713366,27.45,36.67
2026-07-16 14:13:24.036,77340.55513691605,23.331478351275624,27.449999999999996,36.6606862745098
2026-07-16 14:13:24.136,77662.2550642961,23.332022494713968,27.449999999999996,36.65079207920792
2026-07-16 14:13:24.236,77669.82849376903,23.332383899886175,27.449999999999996,36.64098039215686
2026-07-16 14:13:24.336,77553.01087863973,23.33265700908367,27.449999999999996,36.63999999999999
2026-07-16 14:13:24.436,77432.33494623439,23.33292178564598,27.449999999999996,36.63127450980392
2026-07-16 14:13:24.536,77308.45306253867,23.333123958130187,27.45,36.62138613861386
2026-07-16 14:13:24.636,77193.04189158045,23.33303530181107,27.45,36.611485148514845
2026-07-16 14:13:24.736,77191.96863700822,23.332952433950613,27.449999999999996,36.60166666666667
2026-07-16 14:13:24.836,77282.40493528805,23.333122358736595,27.45,36.6
2026-07-16 14:13:24.936,77335.20240295498,23.333170750086527,27.449999999999996,36.59196078431373
2026-07-16 14:13:25.036,77430.60443798092,23.33333073337734,27.45,36.58207920792079
2026-07-16 14:13:25.136,77561.75745189213,23.33386837606009,27.449999999999996,36.57225490196078
2026-07-16 14:13:25.236,77325.61786288209,23.334407412801557,27.45,36.57
2026-07-16 14:13:25.336,77333.08568588288,23.33461602261482,27.449999999999996,36.56247524752475
2026-07-16 14:13:25.436,77330.3354958221,23.334815685135,27.449999999999996,36.552647058823524
2026-07-16 14:13:25.536,77398.31700808348,23.335216898381265,27.450000000000003,36.54277227722772
2026-07-16 14:13:25.636,77467.79140807776,23.33558327105673,27.449999999999996,36.54
2026-07-16 14:13:25.736,77451.20300003242,23.335665778836084,27.449999999999996,36.53303921568627
2026-07-16 14:13:25.836,77331.7827634806,23.335479968882044,27.45,36.523168316831686
2026-07-16 14:13:25.936,77207.49832274122,23.335303997721027,27.45,36.519999999999996
2026-07-16 14:13:26.036,77295.6585340871,23.335136607773666,27.449999999999996,36.513431372549014
2026-07-16 14:13:26.136,77253.90787462561,23.33520293692534,27.449999999999996,36.503564356435646
2026-07-16 14:13:26.236,77193.07116878073,23.33537584910838,27.45,36.5
2026-07-16 14:13:26.336,77226.45883146115,23.335541298217677,27.45,36.49386138613862
2026-07-16 14:13:26.436,77350.13390788171,23.33576530680728,27.45,36.48401960784314
2026-07-16 14:13:26.536,77588.31431700714,23.336553463462256,27.449999999999996,36.47415841584158
2026-07-16 14:13:26.636,77290.14353000844,23.336741301088512,27.450000000000003,36.47
2026-07-16 14:13:26.736,77357.08903183616,23.33710814396731,27.45,36.46441176470588
2026-07-16 14:13:26.836,77530.30098133249,23.337563321366517,27.449999999999996,36.454554455445546
2026-07-16 14:13:26.936,77613.74479190193,23.338012461685185,27.449999999999996,36.44465346534653
2026-07-16 14:13:27.036,77600.81211913328,23.338400325363384,27.449999999999996,36.43480392156862
2026-07-16 14:13:27.136,77491.62773429023,23.338468095367116,27.449999999999996,36.4249504950495
2026-07-16 14:13:27.236,77358.54032653873,23.33853067540129,27.449999999999996,36.419999999999995
2026-07-16 14:13:27.336,77153.22845906288,23.33805785944474,27.45,36.41524752475247
2026-07-16 14:13:27.436,77258.12838012393,23.3380447002165,27.449999999999996,36.40534653465346
2026-07-16 14:13:27.536,77383.45054403791,23.33848988774625,27.449999999999996,36.4
2026-07-16 14:13:27.636,77258.15538188301,23.338998824724214,27.45,36.39564356435643
2026-07-16 14:13:27.736,77609.08852279684,23.339805425177563,27.45,36.38574257425743
2026-07-16 14:13:27.836,77369.6206392046,23.340217680482432,27.449999999999996,36.375882352941176
2026-07-16 14:13:27.936,77241.60055525566,23.34028979410575,27.453883495145632,36.37
2026-07-16 14:13:28.036,77197.41761393854,23.34028241207066,27.46,36.36633663366336
2026-07-16 14:13:28.136,77292.19023764417,23.340431316541345,27.45647058823529,36.35647058823529
2026-07-16 14:13:28.236,77445.73714246755,23.340699126384123,27.449999999999996,36.34663366336634
2026-07-16 14:13:28.336,77362.34130364405,23.340691747431947,27.449999999999996,36.33676470588235
2026-07-16 14:13:28.436,77720.09921768396,23.341022055260584,27.449999999999996,36.33
2026-07-16 14:13:28.536,77453.01155065189,23.34134136823373,27.449999999999996,36.327058823529406
2026-07-16 14:13:28.636,77252.93940335535,23.341414485958385,27.449999999999996,36.31722772277227
2026-07-16 14:13:28.736,77137.63171728623,23.34136530212855,27.450000000000003,36.30732673267327
2026-07-16 14:13:28.836,77087.00766383257,23.34131929960607,27.449999999999996,36.3
2026-07-16 14:13:28.936,77221.96304123658,23.341304806266606,27.45,36.29762376237623
2026-07-16 14:13:29.036,77452.82317660809,23.34158408275034,27.45,36.29
2026-07-16 14:13:29.136,77379.26198895424,23.341565753109276,27.45,36.287920792079206
2026-07-16 14:13:29.236,77258.12449894365,23.34151639077579,27.449999999999996,36.27803921568628
2026-07-16 14:13:29.336,77318.59636097477,23.34162588223093,27.45,36.26821782178218
2026-07-16 14:13:29.436,77403.50571902821,23.34178158723596,27.449999999999996,36.26
2026-07-16 14:13:29.536,77205.03789877365,23.34172668139351,27.449999999999996,36.25843137254901
2026-07-16 14:13:29.636,77200.10262264406,23.34167494196498,27.45,36.24861386138614
2026-07-16 14:13:29.736,77313.34149962866,23.341626339561117,27.45,36.24
2026-07-16 14:13:29.836,77348.81487996355,23.341580209009322,27.45,36.237647058823526
2026-07-16 14:13:29.936,77415.38401641385,23.341689545795987,27.449999999999996,36.21901960784314
2026-07-16 14:13:30.036,77355.90725219576,23.341711650708355,27.449999999999996,36.209207920792075
2026-07-16 14:13:30.136,77086.49177952559,23.341378216122656,27.449999999999996,36.2
2026-07-16 14:13:30.236,77205.68373059554,23.341046370577768,27.449999999999996,36.19950495049505
2026-07-16 14:13:30.336,77439.98886135058,23.341302182438113,27.45,36.189603960396035
2026-07-16 14:13:30.436,77395.17107092455,23.341560171596655,27.449999999999996,36.179705882352934
2026-07-16 14:13:30.536,77348.35174936804,23.34163134187152,27.45,36.17
2026-07-16 14:13:30.636,77349.19154279243,23.34158277724167,27.45,36.17
2026-07-16 14:13:30.736,77351.52343130346,23.34153678820479,27.45,36.16009900990098
2026-07-16 14:13:30.836,77349.16831955059,23.34149319497903,27.449999999999996,36.15029411764705
2026-07-16 14:13:30.936,77350.40443885802,23.341452228192885,27.45,36.14058252427184
2026-07-16 14:13:31.036,77439.24226728853,23.341868913743987,27.449999999999996,36.13069306930693
2026-07-16 14:13:31.136,77560.98051868702,23.34219268965861,27.449999999999996,36.120882352941166
2026-07-16 14:13:31.236,77577.6837826694,23.342284140378986,27.450000000000003,36.12
2026-07-16 14:13:31.336,77459.06952870925,23.342292022949295,27.449999999999996,36.11108910891089
2026-07-16 14:13:31.436,77338.82714787436,23.342487326228564,27.45,36.10127450980392
2026-07-16 14:13:31.536,77223.39939733931,23.342414576081925,27.45,36.09138613861386
2026-07-16 14:13:31.636,77312.28893915522,23.342345494162107,27.449999999999996,36.09
2026-07-16 14:13:31.736,77430.29679030532,23.342468050557137,27.449999999999996,36.08168316831683
2026-07-16 14:13:31.836,77546.92772662,23.342812722824974,27.45,36.071782178217816
2026-07-16 14:13:31.936,77588.4284644025,23.343204766652427,27.449999999999996,36.06999999999999
2026-07-16 14:13:32.036,77469.428834023,23.34343510503595,27.449999999999996,36.0621568627451
2026-07-16 14:13:32.136,77351.28651851474,23.343920162071562,27.45,36.05227722772277
2026-07-16 14:13:32.236,77245.04265815957,23.343836719505944,27.449999999999996,36.05
2026-07-16 14:13:32.336,77385.15212091923,23.34393740568939,27.449999999999996,36.042574257425734
2026-07-16 14:13:32.436,77359.7504828647,23.34395051866443,27.449999999999996,36.032745098039214
2026-07-16 14:13:32.536,77255.45121744787,23.343826633421806,27.449999999999996,36.022871287128716
2026-07-16 14:13:32.636,77382.09897046888,23.343755984125647,27.45,36.0129702970297
2026-07-16 14:13:32.736,77483.91300893313,23.343933628642105,27.449999999999996,36.01
2026-07-16 14:13:32.836,77372.97831071047,23.344104271488487,27.45,36.00326732673267
2026-07-16 14:13:32.936,77164.82354537233,23.344043184973792,27.449999999999996,35.99343137254901
2026-07-16 14:13:33.036,77143.62732093447,23.34392137951905,27.45,35.99
2026-07-16 14:13:33.136,77171.13805374148,23.343804427671834,27.449999999999996,35.98376237623762
2026-07-16 14:13:33.236,77129.45521792109,23.343692141128074,27.449999999999996,35.97386138613861
2026-07-16 14:13:33.336,77378.78209239153,23.343594318127863,27.449999999999996,35.964019607843134
2026-07-16 14:13:33.436,77471.9059363136,23.344045968060534,27.449999999999996,35.95415841584158
2026-07-16 14:13:33.536,77588.6135489528,23.344504203573962,27.449999999999996,35.95
2026-07-16 14:13:33.636,77566.63161362144,23.344769718322134,27.449999999999996,35.944411764705876
2026-07-16 14:13:33.736,77455.17275352328,23.344920680186746,27.449999999999996,35.934554455445536
2026-07-16 14:13:33.836,77305.15392384867,23.344913344015943,27.449999999999996,35.92470588235294
2026-07-16 14:13:33.936,77104.91740673504,23.34449126219258,27.449999999999996,35.914951456310675
2026-07-16 14:13:34.036,77458.75254127082,23.344655726300747,27.449999999999996,35.905196078431366
2026-07-16 14:13:34.136,77504.30040771951,23.344813079970546,27.449999999999996,35.89999999999999
2026-07-16 14:13:34.236,77583.65260059899,23.345175667796724,27.45,35.89544554455445
2026-07-16 14:13:34.336,77643.87368166173,23.345635789084284,27.449999999999996,35.885588235294115
2026-07-16 14:13:34.436,77535.97036010186,23.34599552097437,27.45,35.87574257425742
2026-07-16 14:13:34.536,77185.43077822684,23.346046866672335,27.449999999999996,35.86999999999999
2026-07-16 14:13:34.636,76956.94142699122,23.345508518180093,27.45,35.8659405940594
2026-07-16 14:13:34.736,77164.05025981388,23.34528428900837,27.449999999999996,35.856078431372545
2026-07-16 14:13:34.836,77229.47102768553,23.3450966387969,27.449999999999996,35.84623762376238
2026-07-16 14:13:34.936,77358.97971036275,23.34491725528717,27.449999999999996,35.8363725490196
2026-07-16 14:13:35.036,77438.6927990453,23.34474582573627,27.449999999999996,35.83
2026-07-16 14:13:35.136,77250.4919593838,23.344630759180212,27.45,35.82666666666666
2026-07-16 14:13:35.236,77352.36102887242,23.344796940199465,27.45,35.81683168316832
2026-07-16 14:13:35.336,77461.08475618709,23.345579300901115,27.449999999999996,35.806960784313716
2026-07-16 14:13:35.436,77317.30377030006,23.345870735451776,27.450000000000003,35.8
2026-07-16 14:13:35.536,77291.36899993055,23.346001738116005,27.449999999999996,35.79722772277227
2026-07-16 14:13:35.636,77456.00677305779,23.346125748075526,27.449999999999996,35.787352941176465
2026-07-16 14:13:35.736,77650.38327384018,23.3463083811026,27.449999999999996,35.78
2026-07-16 14:13:35.836,77646.68810757417,23.34674998958986,27.45,35.77762376237624
2026-07-16 14:13:35.936,77418.27472071449,23.346508994141487,27.45,35.767745098039214
2026-07-16 14:13:36.036,77281.7038755858,23.345998213733026,27.45,35.76
2026-07-16 14:13:36.136,77380.989947661,23.34586699120402,27.449999999999996,35.7580198019802
2026-07-16 14:13:36.236,77408.92149970926,23.34585159040907,27.449999999999996,35.748137254901955
2026-07-16 14:13:36.336,77224.09037135902,23.345803404809487,27.449999999999996,35.74
2026-07-16 14:13:36.436,77221.62340190058,23.34628765282426,27.45,35.73851485148515
2026-07-16 14:13:36.536,77467.7544909648,23.346766407787815,27.449999999999996,35.72861386138613
2026-07-16 14:13:36.636,77405.87972570676,23.34692008042035,27.449999999999996,35.71872549019607
2026-07-16 14:13:36.736,77365.73853297628,23.347014825315103,27.45,35.708910891089104
2026-07-16 14:13:36.836,77248.61604436381,23.346941616154776,27.45,35.699019607843134
2026-07-16 14:13:36.936,77245.05767628475,23.346983888802,27.449999999999996,35.68920792079207
2026-07-16 14:13:37.036,77776.11838761988,23.347708670683915,27.449999999999996,35.68
2026-07-16 14:13:37.136,77663.42275861626,23.347775526549675,27.45,35.6790099009901
2026-07-16 14:13:37.236,77533.49710407245,23.348164816146863,27.45,35.66
2026-07-16 14:13:37.336,77670.1111733088,23.348843929427424,27.449999999999996,35.65970588235293
2026-07-16 14:13:37.436,77602.16970487809,23.34942901621376,27.45,35.649900990099006
2026-07-16 14:13:37.536,77284.12815165156,23.34956676261111,27.45,35.64
2026-07-16 14:13:37.636,77111.9607769141,23.34922017608038,27.45,35.63999999999999
2026-07-16 14:13:37.736,77346.80499783038,23.34922724399139,27.449999999999996,35.630294117647054
2026-07-16 14:13:37.836,77258.28399795899,23.34887977563155,27.45,35.62039603960396
2026-07-16 14:13:37.936,77323.14034840591,23.348524036259597,27.45,35.61049504950495
2026-07-16 14:13:38.036,77165.98461359949,23.34818111693851,27.449999999999996,35.61
2026-07-16 14:13:38.136,77111.04848591796,23.348135961981956,27.449999999999996,35.60079207920791
2026-07-16 14:13:38.236,77457.67052901382,23.34850540656826,27.449999999999996,35.59098039215686
2026-07-16 14:13:38.336,77217.90012797738,23.348542101663064,27.449999999999996,35.59
2026-07-16 14:13:38.436,77094.99053133129,23.348575557589214,27.45,35.58118811881188
2026-07-16 14:13:38.536,77262.33859017194,23.348894816111336,27.45,35.5713725490196
2026-07-16 14:13:38.636,77501.35804911237,23.34927835633067,27.45,35.56148514851485
2026-07-16 14:13:38.736,77590.03757448512,23.349651736914304,27.449999999999996,35.559999999999995
2026-07-16 14:13:38.836,77499.69065434737,23.349929800341553,27.45,35.55178217821782
2026-07-16 14:13:38.936,77511.85094416453,23.34990825151814,27.450000000000003,35.54188118811881
2026-07-16 14:13:39.036,77516.80493959053,23.349888510486423,27.45,35.54
2026-07-16 14:13:39.136,77408.63634836214,23.34958643117542,27.45,35.53227722772277
2026-07-16 14:13:39.236,77430.15820236082,23.3499167906346,27.449999999999996,35.52245098039216
2026-07-16 14:13:39.336,77385.12160846582,23.350106087929113,27.449999999999996,35.519999999999996
2026-07-16 14:13:39.436,77228.41205537865,23.34971088013653,27.45,35.512673267326726
2026-07-16 14:13:39.536,77238.58098939803,23.349386620113357,27.45,35.5028431372549
2026-07-16 14:13:39.636,77337.75872598155,23.34976794172698,27.45,35.49297029702971
2026-07-16 14:13:39.736,77249.5252697682,23.349795208064453,27.449999999999996,35.489999999999995
2026-07-16 14:13:39.836,77296.22745705668,23.35003478571829,27.449999999999996,35.48323529411764
2026-07-16 14:13:39.936,77473.33295609587,23.35056585162065,27.449999999999996,35.47336633663366
2026-07-16 14:13:40.036,77599.04479585394,23.351151433758933,27.449999999999996,35.4635294117647
2026-07-16 14:13:40.136,77510.88909266105,23.351471756670183,27.449999999999996,35.453663366336635
2026-07-16 14:13:40.236,77623.86205706996,23.351777501023648,27.449999999999996,35.449999999999996
2026-07-16 14:13:40.336,77182.98969100205,23.35170583776091,27.450000000000003,35.4439603960396
2026-07-16 14:13:40.436,77420.95818898124,23.35189140590996,27.45,35.43405940594059
2026-07-16 14:13:40.536,77576.75190978756,23.351962067083118,27.449999999999996,35.42421568627451
2026-07-16 14:13:40.636,77412.16962184107,23.35186099367439,27.45,35.41435643564356
2026-07-16 14:13:40.736,77242.64427431623,23.351825426368627,27.449999999999996,35.40450980392156
2026-07-16 14:13:40.836,77481.13376065026,23.352088530648217,27.449999999999996,35.39465346534653
2026-07-16 14:13:40.936,77371.12733632476,23.352339793719022,27.449999999999996,35.384752475247524
2026-07-16 14:13:41.036,77338.90484590374,23.352856625558548,27.449999999999996,35.379999999999995
2026-07-16 14:13:41.136,77341.32472918459,23.353228210735242,27.449999999999996,35.375049504950496
2026-07-16 14:13:41.236,77302.20719056568,23.353299913109076,27.449999999999996,35.36519607843137
2026-07-16 14:13:41.336,77286.64514065988,23.35330098975833,27.449999999999996,35.36
2026-07-16 14:13:41.436,77614.48228183195,23.353861578895792,27.45,35.355445544554456
2026-07-16 14:13:41.536,77381.01560408442,23.354057556935807,27.449999999999996,35.345588235294116
2026-07-16 14:13:41.636,77452.91435627811,23.35424345188572,27.450000000000003,35.34
2026-07-16 14:13:41.736,77492.59270824934,23.354420026476284,27.449999999999996,35.335841584158416
2026-07-16 14:13:41.836,77380.37587961908,23.354429558787118,27.45,35.325980392156865
2026-07-16 14:13:41.936,77237.85183709663,23.354330915187784,27.449999999999996,35.32
2026-07-16 14:13:42.036,77341.99783164402,23.354498366363913,27.449999999999996,35.31627450980392
2026-07-16 14:13:42.136,77216.48633165899,23.354656583777455,27.449999999999996,35.306435643564356
2026-07-16 14:13:42.236,77308.44003147483,23.35480668983149,27.45343137254902,35.3
2026-07-16 14:13:42.336,77354.25122641129,23.35472294766532,27.46,35.29673267326732
2026-07-16 14:13:42.436,77291.95535550974,23.354698290632474,27.456831683168314,35.286831683168316
2026-07-16 14:13:42.536,77198.6689158406,23.354745152451358,27.449999999999996,35.27696078431372
2026-07-16 14:13:42.636,77232.2825714429,23.3546320842307,27.449999999999996,35.269999999999996
2026-07-16 14:13:42.736,77475.50280351007,23.355098306747905,27.449999999999996,35.267227722772276
2026-07-16 14:13:42.836,77391.29438390501,23.35525670869838,27.449999999999996,35.257352941176464
2026-07-16 14:13:42.936,77440.30513693395,23.35538234703591,27.449999999999996,35.25
2026-07-16 14:13:43.036,77424.88537989694,23.355501896979774,27.450000000000003,35.2480198019802
2026-07-16 14:13:43.136,77308.72903536787,23.35550655810585,27.449999999999996,35.23813725490196
2026-07-16 14:13:43.236,77220.24962068585,23.355301776701186,27.449999999999996,35.22831683168316
2026-07-16 14:13:43.336,77211.61269918231,23.355104302982213,27.449999999999996,35.22
2026-07-16 14:13:43.436,77443.54757349586,23.355217181174915,27.45,35.218529411764706
2026-07-16 14:13:43.536,77315.97784106592,23.35509815057319,27.45,35.208712871287126
2026-07-16 14:13:43.636,77416.48273163644,23.355269527304934,27.45,35.19882352941177
2026-07-16 14:13:43.736,77490.14113596325,23.35557674601241,27.45,35.189009900990094
2026-07-16 14:13:43.836,77237.55417100739,23.355687715006756,27.45,35.17910891089109
2026-07-16 14:13:43.936,77361.99844577716,23.35579334687042,27.450000000000003,35.16923076923077
2026-07-16 14:13:44.036,77353.34493006665,23.35589289236621,27.45,35.15995428571428
2026-07-16 14:13:44.136,77543.34887237985,23.356480058801317,27.45,35.158811428571425
2026-07-16 14:13:44.236,77631.2354439343,23.35699215420457,27.45,35.157668571428566
2026-07-16 14:13:44.336,77580.12801222464,23.35724476071335,27.45,35.15652571428571
2026-07-16 14:13:44.436,77464.31236627538,23.357302202467807,27.45,35.155382857142854
2026-07-16 14:13:44.536,77373.11206916544,23.35737287105212,27.449999999999996,35.154239999999994
2026-07-16 14:13:44.636,77611.60346403357,23.357740087730058,27.450000000000003,35.15309714285714
2026-07-16 14:13:44.736,77321.55251513385,23.357822615535127,27.449999999999996,35.15195428571428
2026-07-16 14:13:44.836,77283.62581879209,23.35785753627635,27.449999999999996,35.15081142857143
2026-07-16 14:13:44.936,77294.97324614605,23.357744794158084,27.45,35.1331067961165
2026-07-16 14:13:45.036,77248.15450132091,23.357563156629645,27.449999999999996,35.088270509977825
2026-07-16 14:13:45.136,77346.58557818717,23.35763437375303,27.449999999999996,35.081618625277166
2026-07-16 14:13:45.236,77217.15121594473,23.357972628539194,27.449999999999996,35.0749667405765
2026-07-16 14:13:45.336,77308.56127569458,23.358307048665203,27.449999999999996,35.06831485587583
2026-07-16 14:13:45.436,77426.4704252083,23.358637074414858,27.449999999999996,35.06166297117517
2026-07-16 14:13:45.536,77550.86601941651,23.359129111553965,27.449999999999996,35.0550110864745
2026-07-16 14:13:45.636,77596.52190265531,23.35977598206987,27.450000000000003,35.048359201773835
2026-07-16 14:13:45.736,77475.48294181722,23.360333661582853,27.45,35.04170731707317
2026-07-16 14:13:45.836,77359.0404254911,23.360276882484754,27.45,35.0350554323725
2026-07-16 14:13:45.936,77363.80472297894,23.36022438385542,27.45,35.02762376237624
2026-07-16 14:13:46.036,77363.83181563957,23.35991800503134,27.45,35.017745098039214
2026-07-16 14:13:46.136,77431.26461178852,23.35992876277098,27.45,35.00999999999999
2026-07-16 14:13:46.236,77415.20730957885,23.360106631097143,27.449999999999996,35.00811881188118
2026-07-16 14:13:46.336,77237.46798339784,23.360123312709312,27.45,34.99823529411764
2026-07-16 14:13:46.436,77347.96306065438,23.360416858252677,27.449999999999996,34.98841584158416
2026-07-16 14:13:46.536,77352.25722171861,23.360699980410214,27.45,34.97999999999999
2026-07-16 14:13:46.636,77338.91709408349,23.361247728758393,27.449999999999996,34.97862745098038
2026-07-16 14:13:46.736,77265.2439849209,23.361644390362414,27.45,34.96881188118812
2026-07-16 14:13:46.836,77308.25742665639,23.3618989766032,27.45,34.95893203883495
2026-07-16 14:13:46.936,77501.64763853521,23.362143298488448,27.449999999999996,34.949207920792084
2026-07-16 14:13:47.036,77503.20236313573,23.362377544368876,27.449999999999996,34.93931372549019
2026-07-16 14:13:47.136,77634.95947175627,23.36260015635518,27.45,34.92950495049505
2026-07-16 14:13:47.236,77346.36443914419,23.362515736841992,27.45,34.919999999999995
2026-07-16 14:13:47.336,77443.17028368713,23.362832837663092,27.45,34.919801980198024
2026-07-16 14:13:47.436,77461.28256770916,23.363054596154946,27.45,34.90980198019801
2026-07-16 14:13:47.536,77273.1785928079,23.36308900540345,27.449999999999996,34.88999999999999
2026-07-16 14:13:47.636,77460.97779787333,23.363580881591567,27.449999999999996,34.88999999999999
2026-07-16 14:13:47.736,77107.06615216218,23.36339728920387,27.45,34.88029702970297
2026-07-16 14:13:47.836,77075.66178609771,23.362901725976467,27.45,34.87049019607843
2026-07-16 14:13:47.936,77318.11917690764,23.36315950672329,27.45,34.8637908496732
2026-07-16 14:13:48.036,77427.18217721855,23.363553532131938,27.449999999999996,34.857254901960786
2026-07-16 14:13:48.136,77352.90413632816,23.363750005515044,27.45,34.850718954248364
2026-07-16 14:13:48.236,77365.42451469298,23.36388790072298,27.45,34.84418300653594
2026-07-16 14:13:48.336,77370.57666974049,23.3636881741304,27.45,34.83764705882353
2026-07-16 14:13:48.436,77235.79623911995,23.363845270023422,27.449999999999996,34.831111111111106
2026-07-16 14:13:48.536,77302.00071816902,23.363748167464543,27.449999999999996,34.82457516339869
2026-07-16 14:13:48.636,77292.4743389349,23.363760028819506,27.45,34.81803921568627
2026-07-16 14:13:48.736,77338.52207040241,23.364059505980983,27.45,34.81150326797385
2026-07-16 14:13:48.836,77633.28257973732,23.364512279060115,27.45,34.80496732026143
2026-07-16 14:13:48.936,77654.60886098248,23.364660139170553,27.45,34.79764705882352
2026-07-16 14:13:49.036,77180.78285092232,23.36444911170068,27.45,34.79
2026-07-16 14:13:49.136,77259.75863204685,23.36451888117516,27.45,34.78794117647058
2026-07-16 14:13:49.236,77287.57419343479,23.364452799013975,27.449999999999996,34.778118811881185
2026-07-16 14:13:49.336,77367.03760917121,23.36452791012793,27.45,34.77
2026-07-16 14:13:49.436,77640.0562297685,23.365091109772017,27.449999999999996,34.76841584158416
2026-07-16 14:13:49.536,77631.16652183281,23.36591029234698,27.45,34.758514851485145
2026-07-16 14:13:49.636,77525.86245996982,23.36600891317196,27.45,34.74861386138614
2026-07-16 14:13:49.736,77399.55673607372,23.366101020642716,27.449999999999996,34.74
2026-07-16 14:13:49.836,77276.23671713436,23.36618734296871,27.45,34.73792452830188
2026-07-16 14:13:49.936,77318.05116465937,23.366426309945012,27.449999999999996,34.71950980392157
2026-07-16 14:13:50.036,77523.88087074285,23.366851063727417,27.45,34.71
2026-07-16 14:13:50.136,77633.24893724622,23.36729392413526,27.45,34.70990099009901
2026-07-16 14:13:50.236,77642.99750619935,23.368066484080817,27.449999999999996,34.699999999999996
2026-07-16 14:13:50.336,77539.67638419055,23.36816663519145,27.449999999999996,34.69019607843136
2026-07-16 14:13:50.436,77415.21696708603,23.36842968985041,27.45,34.68029702970296
2026-07-16 14:13:50.536,77351.16937108074,23.368988953838194,27.45,34.68
2026-07-16 14:13:50.636,77315.54234334345,23.36936742657572,27.449999999999996,34.67058823529411
2026-07-16 14:13:50.736,77227.1282682459,23.368966913382714,27.449999999999996,34.66069306930692
2026-07-16 14:13:50.836,77354.92383019169,23.36893984749347,27.449999999999996,34.65999999999999
2026-07-16 14:13:50.936,77467.87683532624,23.369271533618367,27.449999999999996,34.641960784313724
2026-07-16 14:13:51.036,77412.3046530734,23.36962131447308,27.45,34.63117647058824
2026-07-16 14:13:51.136,77361.3071424063,23.369957894363974,27.45,34.63
2026-07-16 14:13:51.236,77357.1045869026,23.370416840569643,27.45,34.62138613861386
2026-07-16 14:13:51.336,77343.03485341302,23.370988194751167,27.449999999999996,34.61156862745098
2026-07-16 14:13:51.436,77366.93196591418,23.370873366515948,27.45,34.61
2026-07-16 14:13:51.536,77235.52639547293,23.370767771034686,27.449999999999996,34.60186274509804
2026-07-16 14:13:51.636,77204.77356307204,23.37096461935531,27.449999999999996,34.591980198019805
2026-07-16 14:13:51.736,77491.84620337456,23.37146131151586,27.45,34.582079207920785
2026-07-16 14:13:51.836,77692.86297841038,23.371951857371958,27.449999999999996,34.58
2026-07-16 14:13:51.936,77475.37753577971,23.37219775083736,27.449999999999996,34.572450980392155
2026-07-16 14:13:52.036,77364.62455140623,23.372426465751587,27.449999999999996,34.56264705882353
2026-07-16 14:13:52.136,77247.92927117653,23.372260150124333,27.449999999999996,34.55277227722772
2026-07-16 14:13:52.236,77311.60136023808,23.372412108828073,27.45,34.542941176470585
2026-07-16 14:13:52.336,77276.98618720868,23.372625256694867,27.449999999999996,34.53999999999999
2026-07-16 14:13:52.436,77316.6731404521,23.372827970472674,27.45,34.53316831683168
2026-07-16 14:13:52.536,77500.33845186251,23.37302071345029,27.449999999999996,34.523333333333326
2026-07-16 14:13:52.636,77521.17199281916,23.373243340828672,27.45,34.52
2026-07-16 14:13:52.736,77621.54837636341,23.37411787811368,27.45,34.51356435643564
2026-07-16 14:13:52.836,77334.26003397143,23.374362089558268,27.45,34.503725490196075
2026-07-16 14:13:52.936,77225.15812089542,23.374246949972164,27.449999999999996,34.49386138613861
2026-07-16 14:13:53.036,77278.24042300101,23.37419208031863,27.449999999999996,34.49
2026-07-16 14:13:53.136,77424.43786341815,23.374440255500637,27.449999999999996,34.48415841584158
2026-07-16 14:13:53.236,77613.26968445063,23.374862797202727,27.449999999999996,34.48
2026-07-16 14:13:53.336,77246.95632372667,23.374603595571084,27.449999999999996,34.47441176470588
2026-07-16 14:13:53.436,77425.97881267729,23.375033598983492,27.449999999999996,34.464554455445544
2026-07-16 14:13:53.536,77494.38692474442,23.37552492483558,27.449999999999996,34.45465346534654
2026-07-16 14:13:53.636,77439.19579995511,23.37580054209142,27.449999999999996,34.45
2026-07-16 14:13:53.736,77286.04420636533,23.375882906972436,27.449999999999996,34.4449504950495
2026-07-16 14:13:53.836,77112.52959101788,23.375959726217207,27.449999999999996,34.43504950495049
2026-07-16 14:13:53.936,77344.94799136862,23.376031233483346,27.449999999999996,34.42519607843137
2026-07-16 14:13:54.036,77478.9611614722,23.37609745985948,27.449999999999996,34.42
2026-07-16 14:13:54.136,77408.23516431551,23.376159653405693,27.449999999999996,34.41549019607843
2026-07-16 14:13:54.236,77348.32764091995,23.376406827729042,27.449999999999996,34.405643564356424
2026-07-16 14:13:54.336,77443.0072738424,23.37679082144696,27.449999999999996,34.395784313725486
2026-07-16 14:13:54.436,77581.25001040954,23.377103418007565,27.45,34.385940594059406
2026-07-16 14:13:54.536,77209.76503052675,23.377129297336335,27.449999999999996,34.37603960396039
2026-07-16 14:13:54.636,77222.63687893304,23.37715313070736,27.449999999999996,34.36617647058823
2026-07-16 14:13:54.736,77416.79574934878,23.377433730394387,27.449999999999996,34.36
2026-07-16 14:13:54.836,77505.65852702103,23.377771224707246,27.449999999999996,34.35643564356435
2026-07-16 14:13:54.936,77458.67495651807,23.37796144405479,27.45,34.34656862745098
2026-07-16 14:13:55.036,77374.31011065365,23.37795614620979,27.45,34.34
2026-07-16 14:13:55.136,77370.35491655355,23.37797701848591,27.449999999999996,34.33686274509804
2026-07-16 14:13:55.236,77611.15070244676,23.378579193046406,27.45,34.32702970297029
2026-07-16 14:13:55.336,77245.07958739504,23.378363906525593,27.449999999999996,34.31999999999999
2026-07-16 14:13:55.436,77241.35258716834,23.378453254867964,27.449999999999996,34.31725490196078
2026-07-16 14:13:55.536,77317.77907143398,23.378450343923113,27.449999999999996,34.30742574257425
2026-07-16 14:13:55.636,77301.09795145418,23.378277044398263,27.449999999999996,34.29752475247525
2026-07-16 14:13:55.736,77496.3411949084,23.378636807820794,27.45,34.28999999999999
2026-07-16 14:13:55.836,77498.60909211505,23.379297780808773,27.45,34.28782178217821
2026-07-16 14:13:55.936,77390.99662884716,23.379643275564845,27.449999999999996,34.277941176470584
2026-07-16 14:13:56.036,77441.30609646751,23.379942122635256,27.449999999999996,34.26811881188119
2026-07-16 14:13:56.136,77505.02342355526,23.380229555970114,27.45,34.26
2026-07-16 14:13:56.236,77394.33128194252,23.380386967952376,27.449999999999996,34.258333333333326
2026-07-16 14:13:56.336,77159.77045090114,23.380379407198006,27.45,34.24851485148515
2026-07-16 14:13:56.436,77764.7329668502,23.38099234543589,27.449999999999996,34.23862745098039
2026-07-16 14:13:56.536,77565.96662643465,23.381606751761755,27.449999999999996,34.22999999999999
2026-07-16 14:13:56.636,77596.53718034207,23.38193175955317,27.449999999999996,34.227843137254894
2026-07-16 14:13:56.736,77390.180117958,23.381721988251364,27.449999999999996,34.20910891089108
2026-07-16 14:13:56.836,77132.3071983165,23.381460527137804,27.449999999999996,34.199999999999996
2026-07-16 14:13:56.936,77241.60366164772,23.38170572075879,27.45,34.19940594059406
2026-07-16 14:13:57.036,77368.22289558733,23.381937978655625,27.449999999999996,34.18950980392156
2026-07-16 14:13:57.136,77372.60730340291,23.382155706347163,27.449999999999996,34.17970297029703
2026-07-16 14:13:57.236,77367.23178826744,23.38236222777536,27.45,34.17
2026-07-16 14:13:57.336,77442.15723624064,23.38255809592817,27.45,34.169901960784316
2026-07-16 14:13:57.436,77367.07060680694,23.382593007565674,27.45,34.16009803921568
2026-07-16 14:13:57.536,77130.60604916664,23.382564523991018,27.45,34.15019801980198
2026-07-16 14:13:57.636,77349.64844356773,23.38308019576327,27.449999999999996,34.15
2026-07-16 14:13:57.736,77252.72867008773,23.38287183912519,27.45,34.14049504950495
2026-07-16 14:13:57.836,77535.90358292291,23.382982998325787,27.45,34.130594059405944
2026-07-16 14:13:57.936,77504.30963613518,23.383148783797623,27.449999999999996,34.12078431372549
2026-07-16 14:13:58.036,77320.14727561666,23.38314434086347,27.45,34.11089108910891
2026-07-16 14:13:58.136,77295.15611209038,23.38312763010597,27.449999999999996,34.10107843137255
2026-07-16 14:13:58.236,77491.5539377092,23.383602878462003,27.45,34.1
2026-07-16 14:13:58.336,77392.18219601765,23.38374429915366,27.45,34.09137254901961
2026-07-16 14:13:58.436,77472.52367672385,23.38418355064357,27.45,34.081485148514844
2026-07-16 14:13:58.536,77509.17227757571,23.3844102377018,27.449999999999996,34.071666666666665
2026-07-16 14:13:58.636,77398.62608509716,23.384520076343914,27.45,34.061782178217825
2026-07-16 14:13:58.736,77347.71315716326,23.384728140684114,27.449999999999996,34.05196078431372
2026-07-16 14:13:58.836,77635.9875768456,23.385164205238432,27.45,34.05
2026-07-16 14:13:58.936,77505.46945401529,23.38559336512221,27.450000000000003,34.04233009708738
2026-07-16 14:13:59.036,77506.22481690971,23.386013336126787,27.45,34.03254901960784
2026-07-16 14:13:59.136,77602.44873623738,23.386423972015372,27.45,34.02267326732673
2026-07-16 14:13:59.236,77463.43181579372,23.386624231239374,27.45,34.0128431372549
2026-07-16 14:13:59.336,77233.1372496544,23.386522955379718,27.45,34.002970297029705
2026-07-16 14:13:59.436,77258.34367409821,23.38630570439414,27.449999999999996,33.99999999999999
2026-07-16 14:13:59.536,77362.68887517089,23.386700572652323,27.449999999999996,33.993235294117646
2026-07-16 14:13:59.636,77371.74952904353,23.386733644634628,27.449999999999996,33.983366336633665
2026-07-16 14:13:59.736,77380.83209531265,23.386754438044235,27.45,33.98
2026-07-16 14:13:59.836,77369.59138585671,23.386969272592097,27.449999999999996,33.97362745098039
2026-07-16 14:13:59.936,77310.47413418168,23.38718199804078,27.449999999999996,33.97
2026-07-16 14:14:00.036,77251.18565379427,23.38725249929525,27.45,33.96405940594059
2026-07-16 14:14:00.136,77380.01798504971,23.38757403074273,27.449999999999996,33.95421568627451
2026-07-16 14:14:00.236,77257.11774678508,23.387563816019203,27.45,33.95
2026-07-16 14:14:00.336,77522.10620624578,23.388079383480132,27.449999999999996,33.94450980392157
2026-07-16 14:14:00.436,77729.93822263344,23.38871659055616,27.449999999999996,33.94
2026-07-16 14:14:00.536,77636.53295004822,23.389202340912135,27.45,33.93485148514851
2026-07-16 14:14:00.636,77360.83953272169,23.389397220605918,27.449999999999996,33.925
2026-07-16 14:14:00.736,77384.64855209744,23.38935739753398,27.449999999999996,33.92
2026-07-16 14:14:00.836,77626.72355170992,23.389978841794225,27.45,33.91524752475247
2026-07-16 14:14:00.936,77448.19789208581,23.390281405825295,27.454607843137254,33.90539215686274
2026-07-16 14:14:01.036,77378.53158043118,23.39028237950053,27.46,33.89999999999999
2026-07-16 14:14:01.136,77440.45978909305,23.390511841398794,27.459999999999997,33.8956862745098
2026-07-16 14:14:01.236,77518.03008056247,23.39099901369179,27.46,33.885882352941174
2026-07-16 14:14:01.336,77484.82894287305,23.391220315925903,27.46,33.87603960396039
2026-07-16 14:14:01.436,77251.16647979023,23.3914297306368,27.456138613861384,33.86613861386138
2026-07-16 14:14:01.536,77222.96514566311,23.391627701220983,27.449999999999996,33.86
2026-07-16 14:14:01.636,77401.73344369417,23.3920757993911,27.449999999999996,33.85643564356435
2026-07-16 14:14:01.736,77578.80130132248,23.392618208927523,27.449999999999996,33.84653465346534
2026-07-16 14:14:01.836,77533.58019861086,23.393024496116404,27.45,33.836666666666666
2026-07-16 14:14:01.936,77253.92203014706,23.393168803437096,27.45,33.83
2026-07-16 14:14:02.036,77379.51378626759,23.39330401981922,27.449999999999996,33.82696078431372
2026-07-16 14:14:02.136,77491.9012620438,23.393429945518562,27.449999999999996,33.81712871287129
2026-07-16 14:14:02.236,77338.94284379605,23.393548691503675,27.449999999999996,33.80725490196078
2026-07-16 14:14:02.336,77303.38300602965,23.393660745758964,27.449999999999996,33.79999999999999
2026-07-16 14:14:02.436,77420.23627953709,23.393896864788886,27.449999999999996,33.79752475247524
2026-07-16 14:14:02.536,77519.3178535873,23.394336201886617,27.45,33.78764705882353
2026-07-16 14:14:02.636,77503.24277995364,23.394771100655642,27.45,33.78
2026-07-16 14:14:02.736,77503.02521690841,23.39555486024296,27.45,33.77792079207921
2026-07-16 14:14:02.836,77500.97539960509,23.396355487417544,27.449999999999996,33.76803921568627
2026-07-16 14:14:02.936,77442.41998385038,23.396658741950585,27.449999999999996,33.75821782178217
2026-07-16 14:14:03.036,77435.04911605416,23.396821686272414,27.449999999999996,33.75
2026-07-16 14:14:03.136,77487.64591245753,23.397110825216117,27.45,33.74851485148515
2026-07-16 14:14:03.236,77372.06026333744,23.397087724780384,27.449999999999996,33.73862745098039
2026-07-16 14:14:03.336,77381.95168752465,23.3970666402393,27.45,33.72882352941176
2026-07-16 14:14:03.436,77372.8122656607,23.397047129594288,27.45,33.719009900990095
2026-07-16 14:14:03.536,77215.15153660328,23.39680460619323,27.45,33.70910891089109
2026-07-16 14:14:03.636,77203.09212380124,23.39678175900681,27.45,33.69921568627451
2026-07-16 14:14:03.736,77301.98386578167,23.39702672662504,27.45,33.68940594059406
2026-07-16 14:14:03.836,77114.724595459,23.397101571248452,27.449999999999996,33.68
2026-07-16 14:14:03.936,77467.34317965384,23.39810579916242,27.45,33.67970297029703
2026-07-16 14:14:04.036,77515.38816610572,23.398489436387955,27.449999999999996,33.66980392156862
2026-07-16 14:14:04.136,77426.14030139372,23.398792821209828,27.449999999999996,33.65999999999999
2026-07-16 14:14:04.236,77369.0294007778,23.398887891483216,27.449999999999996,33.650196078431364
2026-07-16 14:14:04.336,77413.94302421171,23.398914754743707,27.449999999999996,33.64999999999999
2026-07-16 14:14:04.436,77511.95872151788,23.399191929643074,27.45,33.64049019607843
2026-07-16 14:14:04.536,77521.86909692665,23.399457291208858,27.45,33.630594059405944
2026-07-16 14:14:04.636,77421.6156880299,23.399030389539757,27.45,33.62078431372549
2026-07-16 14:14:04.736,77288.55397623684,23.39884474448722,27.45,33.610891089108904
2026-07-16 14:14:04.836,77296.97090133646,23.39875587106752,27.449999999999996,33.61
2026-07-16 14:14:04.936,77284.7321812726,23.39880235685629,27.45,33.60118811881188
2026-07-16 14:14:05.036,77104.87650041908,23.39900849326675,27.45,33.59137254901961
2026-07-16 14:14:05.136,77229.39099786691,23.398917228975904,27.45,33.581485148514844
2026-07-16 14:14:05.236,77354.7691349268,23.399168931288123,27.449999999999996,33.57999999999999
2026-07-16 14:14:05.336,77474.39622190612,23.399415934364118,27.45,33.571782178217816
2026-07-16 14:14:05.436,77508.05554122281,23.399859976912666,27.450000000000003,33.56188118811881
2026-07-16 14:14:05.536,77451.81874352717,23.400286835243524,27.45,33.55205882352941
2026-07-16 14:14:05.636,77372.43808789473,23.40034755346582,27.45,33.55
2026-07-16 14:14:05.736,77387.19622104107,23.39987980871165,27.45,33.54235294117647
2026-07-16 14:14:05.836,77502.65279308078,23.400117201883678,27.449999999999996,33.53247524752475
2026-07-16 14:14:05.936,77507.39764892665,23.400343758439824,27.45,33.522574257425745
2026-07-16 14:14:06.036,77228.64854771303,23.400327174153254,27.45,33.52
2026-07-16 14:14:06.136,49655.65804997295,23.400346490037137,27.449999999999996,33.51303921568627
2026-07-16 14:14:06.236,5315.794313479548,23.40055761196607,27.45,33.50316831683168
2026-07-16 14:14:06.336,2716.014908431164,23.400733114934027,27.449999999999996,33.5
2026-07-16 14:14:06.436,3161.237863892605,23.400581044482248,27.45,33.49346534653465
2026-07-16 14:14:06.536,38363.93402550321,23.400736553318232,27.45,33.48362745098039
2026-07-16 14:14:06.636,66089.29036760132,23.40069200320432,27.449999999999996,33.47376237623762
2026-07-16 14:14:06.736,77365.53466627389,23.400546505602097,27.449999999999996,33.46386138613861
2026-07-16 14:14:06.836,77493.58986694075,23.400509110829834,27.449999999999996,33.46
2026-07-16 14:14:06.936,77358.61715466528,23.4006216719543,27.449999999999996,33.45415841584158
2026-07-16 14:14:07.036,77120.17069157083,23.400166773350097,27.449999999999996,33.44431372549019
2026-07-16 14:14:07.136,77320.9584663072,23.400017674061417,27.449999999999996,33.44
2026-07-16 14:14:07.236,77301.85240368328,23.399897167775165,27.449999999999996,33.43460784313725
2026-07-16 14:14:07.336,77250.19681565416,23.39978257351489,27.45,33.42475247524753
2026-07-16 14:14:07.436,77293.18057044325,23.399673562334357,27.449999999999996,33.414901960784306
2026-07-16 14:14:07.536,77397.74546822625,23.39962097085799,27.45,33.41
2026-07-16 14:14:07.636,77377.76581169266,23.399830830346705,27.449999999999996,33.405148514851476
2026-07-16 14:14:07.736,77730.78565687251,23.40063399772811,27.45,33.395294117647055
2026-07-16 14:14:07.836,77624.46267562911,23.400958665706057,27.45,33.39
2026-07-16 14:14:07.936,77318.51176878072,23.400744996168807,27.45,33.38554455445544
2026-07-16 14:14:08.036,77300.4458631051,23.400534429285955,27.449999999999996,33.3756862745098
2026-07-16 14:14:08.136,77631.52053178927,23.400665665921245,27.449999999999996,33.36584158415841
2026-07-16 14:14:08.236,77397.41737965541,23.40052068980224,27.449999999999996,33.35598039215686
2026-07-16 14:14:08.336,77515.40569636827,23.40071904975749,27.45,33.346138613861385
2026-07-16 14:14:08.436,77537.75704617795,23.400908893374837,27.45,33.34
2026-07-16 14:14:08.536,77533.92333193288,23.401090694411945,27.449999999999996,33.33637254901961
2026-07-16 14:14:08.636,77580.07103407246,23.401559135731013,27.45,33.326534653465345
2026-07-16 14:14:08.736,77541.71606117356,23.402214872247026,27.449999999999996,33.31663366336633
2026-07-16 14:14:08.836,77114.84695822763,23.402384078818677,27.449999999999996,33.30676470588235
2026-07-16 14:14:08.936,77485.2138445608,23.402875972339487,27.449999999999996,33.3
2026-07-16 14:14:09.036,77847.88820694051,23.40368119871438,27.449999999999996,33.297058823529404
2026-07-16 14:14:09.136,77633.12605842497,23.404011662295773,27.449999999999996,33.28722772277227
2026-07-16 14:14:09.236,77447.65381392227,23.404094938371784,27.449999999999996,33.27735294117647
2026-07-16 14:14:09.336,77533.78896041431,23.4042826867478,27.449999999999996,33.26752475247525
2026-07-16 14:14:09.436,77527.53492812674,23.40472279895532,27.45,33.26
2026-07-16 14:14:09.536,77522.5794965885,23.405152332256616,27.45,33.25782178217822
2026-07-16 14:14:09.636,77536.93095841026,23.405569423060825,27.45,33.247920792079206
2026-07-16 14:14:09.736,77273.47495372398,23.405693901050668,27.449999999999996,33.24
2026-07-16 14:14:09.836,77230.5885010434,23.40570745737903,27.45,33.23821782178218
2026-07-16 14:14:09.936,77348.04485342269,23.40572002406223,27.449999999999996,33.22834951456311
2026-07-16 14:14:10.036,77192.88914883978,23.405629438737357,27.449999999999996,33.21999999999999
2026-07-16 14:14:10.136,76838.6297326924,23.404968530835852,27.449999999999996,33.217623762376235
2026-07-16 14:14:10.236,77276.52874625285,23.40498278083843,27.449999999999996,33.199999999999996
2026-07-16 14:14:10.336,77480.21427894296,23.40528966548517,27.45,33.19910891089109
2026-07-16 14:14:10.436,77391.51893357611,23.405464844471254,27.449999999999996,33.1892156862745
2026-07-16 14:14:10.536,77292.4649429403,23.405617823074333,27.45,33.17940594059406
2026-07-16 14:14:10.636,77370.0679074,23.40590815834215,27.45,33.17
2026-07-16 14:14:10.736,77238.06070692184,23.405910907985806,27.45,33.16960784313726
2026-07-16 14:14:10.836,77249.33877690599,23.405583256396966,27.45,33.16
2026-07-16 14:14:10.936,77348.53764610698,23.405537184112163,27.45,33.159904761904755
2026-07-16 14:14:11.036,77389.60768476911,23.405554410146756,27.449999999999996,33.15038095238095
2026-07-16 14:14:11.136,77496.1899582496,23.405570557131863,27.45,33.14049504950495
2026-07-16 14:14:11.236,77657.48075172529,23.405658261161854,27.449999999999996,33.130686274509806
2026-07-16 14:14:11.336,77525.12684907897,23.405973294465404,27.449999999999996,33.13
2026-07-16 14:14:11.436,77406.97494265856,23.40628304042429,27.449999999999996,33.12098039215686
2026-07-16 14:14:11.536,77296.536334625,23.40604972513027,27.449999999999996,33.11108910891089
2026-07-16 14:14:11.636,77405.29333842517,23.406370054485755,27.449999999999996,33.10127450980392
2026-07-16 14:14:11.736,77525.00028897563,23.406856373279993,27.45,33.09138613861386
2026-07-16 14:14:11.836,77532.26601870736,23.407072034707898,27.449999999999996,33.08156862745098
2026-07-16 14:14:11.936,77527.8827143092,23.407065442285308,27.45,33.07168316831683
2026-07-16 14:14:12.036,77538.81569752941,23.407362436533337,27.45,33.07
2026-07-16 14:14:12.136,77631.85568148666,23.407953118918993,27.45,33.06207920792079
2026-07-16 14:14:12.236,77590.43261407968,23.40832920728363,27.449999999999996,33.05225490196078
2026-07-16 14:14:12.336,77415.30473526407,23.408414279405587,27.45,33.042376237623756
2026-07-16 14:14:12.436,77287.69034403731,23.408439124410013,27.45,33.04
2026-07-16 14:14:12.536,77433.93492635328,23.408745714373584,27.45,33.03267326732673
2026-07-16 14:14:12.636,77801.83675287061,23.409339386800237,27.45,33.0228431372549
2026-07-16 14:14:12.736,77348.86229127011,23.409592993261775,27.449999999999996,33.02
2026-07-16 14:14:12.836,77328.0526367474,23.4098182236187,27.449999999999996,33.01306930693069
2026-07-16 14:14:12.936,77386.67590095862,23.409832359404067,27.449999999999996,33.003235294117644
2026-07-16 14:14:13.036,77426.54356623325,23.409950890972542,27.449999999999996,33.0
2026-07-16 14:14:13.136,77470.67833937214,23.410444842343974,27.449999999999996,32.993529411764705
2026-07-16 14:14:13.236,77246.8997347223,23.41064083110962,27.449999999999996,32.98366336633663
2026-07-16 14:14:13.336,77362.32526426713,23.410825189252712,27.449999999999996,32.97382352941176
2026-07-16 14:14:13.436,77490.39974487282,23.41100062712923,27.450000000000003,32.9639603960396
2026-07-16 14:14:13.536,77454.98222254924,23.411167565846668,27.45,32.96
2026-07-16 14:14:13.636,77324.18688095872,23.411326414799007,27.449999999999996,32.95421568627451
2026-07-16 14:14:13.736,77237.37655964505,23.411401098226364,27.45,32.94435643564356
2026-07-16 14:14:13.836,77248.15449479959,23.411209363884982,27.449999999999996,32.94
2026-07-16 14:14:13.936,77244.45201253076,23.411027133724314,27.449999999999996,32.93460784313725
2026-07-16 14:14:14.036,77352.10792909616,23.41085288591882,27.449999999999996,32.92475247524752
2026-07-16 14:14:14.136,77382.40787182772,23.4111123723206,27.449999999999996,32.914901960784306
2026-07-16 14:14:14.236,77381.30537091891,23.411443099884643,27.45,32.91
2026-07-16 14:14:14.336,77428.04168856457,23.411679606573266,27.449999999999996,32.90519607843137
2026-07-16 14:14:14.436,77521.60181892735,23.412124660375486,27.449999999999996,32.89534653465346
2026-07-16 14:14:14.536,77407.32524890907,23.412248561985475,27.45,32.89
2026-07-16 14:14:14.636,77604.59731654337,23.412967419625232,27.449999999999996,32.885588235294115
2026-07-16 14:14:14.736,77588.17101558183,23.413525523833663,27.45,32.87574257425742
2026-07-16 14:14:14.836,77528.99435930557,23.413785928536427,27.449999999999996,32.86584158415841
2026-07-16 14:14:14.936,77567.8361900125,23.413968533044418,27.449999999999996,32.85598039215686
2026-07-16 14:14:15.036,77652.57025045465,23.414347661845035,27.45,32.84613861386139
2026-07-16 14:14:15.136,77548.24039020452,23.41439312970603,27.449999999999996,32.83627450980392
2026-07-16 14:14:15.236,77419.25972213253,23.414767606164908,27.450000000000003,32.82643564356435
2026-07-16 14:14:15.336,77478.02401626413,23.41515709406372,27.45,32.81653465346535
2026-07-16 14:14:15.436,77467.20830594595,23.415536880694695,27.449999999999996,32.80666666666666
2026-07-16 14:14:15.536,77348.92223546079,23.41563846213618,27.45,32.8
2026-07-16 14:14:15.636,77232.84956477307,23.415322541253527,27.449999999999996,32.7969306930693
2026-07-16 14:14:15.736,77107.0464112183,23.41532987303148,27.449999999999996,32.78705882352941
2026-07-16 14:14:15.836,77100.89308883232,23.414985524871668,27.449999999999996,32.777227722772274
2026-07-16 14:14:15.936,77377.95738271438,23.41521385603402,27.45,32.77
2026-07-16 14:14:16.036,77387.08242543414,23.41537261315425,27.449999999999996,32.767450980392155
2026-07-16 14:14:16.136,77300.78002313417,23.415377734274003,27.45,32.76
2026-07-16 14:14:16.236,77366.74694677303,23.415382491844454,27.45,32.75774509803921
2026-07-16 14:14:16.336,77252.18972313977,23.41538692168241,27.45,32.747920792079206
2026-07-16 14:14:16.436,77241.0819038834,23.41539100207492,27.449999999999996,32.74
2026-07-16 14:14:16.536,77339.3886912691,23.415653488447543,27.45,32.73821782178218
2026-07-16 14:14:16.636,77469.59420095422,23.41576109718639,27.449999999999996,32.728333333333325
2026-07-16 14:14:16.736,77537.54660296542,23.41588971944371,27.45,32.72
2026-07-16 14:14:16.836,77562.02980230894,23.41618488203662,27.45,32.71861386138614
2026-07-16 14:14:16.936,77688.98103678689,23.416516311513234,27.449999999999996,32.70872549019607
2026-07-16 14:14:17.036,77662.56169521052,23.417420710506732,27.449999999999996,32.69892156862745
2026-07-16 14:14:17.136,77574.577295665,23.41777493848736,27.449999999999996,32.689117647058815
2026-07-16 14:14:17.236,77543.25618705276,23.418042976330355,27.45,32.679306930693066
2026-07-16 14:14:17.336,77540.18207920766,23.418301225986905,27.449999999999996,32.669999999999995
2026-07-16 14:14:17.436,77505.13374190267,23.418443859652587,27.45,32.66960396039604
2026-07-16 14:14:17.536,77410.15341471095,23.4183730307465,27.449999999999996,32.659702970297026
2026-07-16 14:14:17.636,77390.17840639179,23.418611909651624,27.450196078431368,32.64980392156862
2026-07-16 14:14:17.736,77612.76144232578,23.41915365816527,27.459999999999997,32.63999999999999
2026-07-16 14:14:17.836,77414.12693842352,23.419203006114024,27.45009900990099,32.63999999999999
2026-07-16 14:14:17.936,77190.35674579517,23.418876865135832,27.449999999999996,32.630294117647054
2026-07-16 14:14:18.036,77153.18518963302,23.418771406059577,27.45,32.62039603960395
2026-07-16 14:14:18.136,77268.94816553315,23.419376651905,27.45,32.61233751425313
2026-07-16 14:14:18.236,77527.37090493781,23.41998170795514,27.45,32.60435575826681
2026-07-16 14:14:18.336,77313.56254692868,23.419822990554096,27.449999999999996,32.5963740022805
2026-07-16 14:14:18.436,77165.19368738018,23.419348896292533,27.449999999999996,32.58839224629418
2026-07-16 14:14:18.536,77321.12706968829,23.419259008518946,27.450000000000003,32.58041049030786
2026-07-16 14:14:18.636,77577.01810870956,23.41980162407627,27.45,32.57242873432155
2026-07-16 14:14:18.736,77563.26602353119,23.420558763422832,27.450000000000003,32.56444697833523
2026-07-16 14:14:18.836,77106.23529223523,23.42033322658201,27.450000000000003,32.55646522234892
2026-07-16 14:14:18.936,77475.44508286801,23.420537932399625,27.449999999999996,32.55
2026-07-16 14:14:19.036,77544.79116465032,23.420396980865753,27.45,32.54823529411764
2026-07-16 14:14:19.136,77388.96497516324,23.420438906856305,27.449999999999996,32.538415841584154
2026-07-16 14:14:19.236,77149.79552801317,23.42028904448426,27.45,32.52852941176471
2026-07-16 14:14:19.336,77149.84609137577,23.420086540278394,27.45,32.52
2026-07-16 14:14:19.436,77808.26540678664,23.42108467700733,27.449999999999996,32.51764705882353
2026-07-16 14:14:19.536,77824.56943928052,23.42170576403603,27.449999999999996,32.499009900990096
2026-07-16 14:14:19.636,77419.46105516444,23.421534393673234,27.45,32.49
2026-07-16 14:14:19.736,77322.54327220278,23.42213261318029,27.45,32.48921568627451
2026-07-16 14:14:19.836,77491.29803393784,23.42295371843438,27.449999999999996,32.47941176470587
2026-07-16 14:14:19.936,77606.72927542345,23.423394778370344,27.45,32.47
2026-07-16 14:14:20.036,77418.956296272,23.42351944565934,27.449999999999996,32.46980392156862
2026-07-16 14:14:20.136,77653.85623314317,23.42404597964923,27.45,32.46
2026-07-16 14:14:20.236,77567.4719661279,23.424548519036893,27.45,32.450099009900995
2026-07-16 14:14:20.336,77715.08627203884,23.425029142755186,27.449999999999996,32.44029411764705
2026-07-16 14:14:20.436,77632.20000463049,23.42572322983901,27.45,32.44
2026-07-16 14:14:20.536,77335.93291096968,23.426296881071302,27.45,32.43059405940594
2026-07-16 14:14:20.636,77292.43266818815,23.42629507306195,27.45,32.42069306930693
2026-07-16 14:14:20.736,77667.7778719653,23.426691389659805,27.449999999999996,32.42
2026-07-16 14:14:20.836,77117.4014837214,23.42620110127751,27.450000000000003,32.410990099009894
2026-07-16 14:14:20.936,77234.63663314239,23.426379857855334,27.45,32.40117647058823
2026-07-16 14:14:21.036,77454.62472068981,23.426769307912465,27.45,32.391287128712875
2026-07-16 14:14:21.136,77442.90323452825,23.42696839403856,27.449999999999996,32.39
2026-07-16 14:14:21.236,77227.64065426277,23.426793957483078,27.449999999999996,32.38156862745098
2026-07-16 14:14:21.336,77119.47349103822,23.42627718316717,27.449999999999996,32.37168316831683
2026-07-16 14:14:21.436,77236.51496022672,23.426215740406334,27.45,32.36186274509804
2026-07-16 14:14:21.536,77428.49109481604,23.42715783604673,27.449999999999996,32.36
2026-07-16 14:14:21.636,77518.91354522313,23.427819126477637,27.45,32.35207920792079
2026-07-16 14:14:21.736,77478.26017631496,23.428139718962882,27.449999999999996,32.342254901960786
2026-07-16 14:14:21.836,77471.38656097095,23.42854131814006,27.449999999999996,32.33237623762376
2026-07-16 14:14:21.936,77797.35463096263,23.429222005085517,27.449999999999996,32.32247524752475
2026-07-16 14:14:22.036,77323.82319876135,23.429016929051542,27.449999999999996,32.32
2026-07-16 14:14:22.136,77258.53243090629,23.4288268939981,27.450000000000003,32.31277227722772
2026-07-16 14:14:22.236,77407.43959179534,23.428932663162144,27.449999999999996,32.309999999999995
2026-07-16 14:14:22.336,77643.28152909077,23.42937479868277,27.450000000000003,32.30306930693069
2026-07-16 14:14:22.436,77822.71342843352,23.430142817034874,27.45,32.293168316831675
2026-07-16 14:14:22.536,77754.38787475707,23.431099123860424,27.449999999999996,32.28999999999999
2026-07-16 14:14:22.636,77041.12527513957,23.430794960734104,27.45,32.283465346534655
2026-07-16 14:14:22.736,77288.00166713355,23.430922323921607,27.449999999999996,32.27356435643564
2026-07-16 14:14:22.836,77228.28477399675,23.430467277953756,27.449999999999996,32.26372549019607
2026-07-16 14:14:22.936,77165.00617280157,23.430220554283515,27.449999999999996,32.25386138613861
2026-07-16 14:14:23.036,77283.70976949262,23.430282682670224,27.449999999999996,32.25
2026-07-16 14:14:23.136,77413.30979787247,23.430032762639375,27.449999999999996,32.24415841584158
2026-07-16 14:14:23.236,77410.83653558658,23.429799866619838,27.449999999999996,32.234313725490196
2026-07-16 14:14:23.336,77391.95699238076,23.429981406542773,27.449999999999996,32.22445544554455
2026-07-16 14:14:23.436,77468.46461603823,23.4307899200723,27.449999999999996,32.22
2026-07-16 14:14:23.536,77326.54743818718,23.431324207910897,27.449999999999996,32.214705882352945
2026-07-16 14:14:23.636,77198.18803810101,23.43131391401678,27.449999999999996,32.20485148514852
2026-07-16 14:14:23.736,77421.60196735781,23.431169750980402,27.45,32.2
2026-07-16 14:14:23.836,77535.7233219733,23.431737288204065,27.449999999999996,32.19509803921568
2026-07-16 14:14:23.936,77663.71444872548,23.4318691721224,27.45,32.18524752475247
2026-07-16 14:14:24.036,77489.90084643564,23.431984354486932,27.449999999999996,32.17999999999999
2026-07-16 14:14:24.136,77609.67586901589,23.43256945451557,27.449999999999996,32.17554455445544
2026-07-16 14:14:24.236,77778.66789895305,23.43329955558815,27.45,32.16564356435644
2026-07-16 14:14:24.336,77606.03701946042,23.433591372665987,27.449999999999996,32.16
2026-07-16 14:14:24.436,77257.83831759117,23.433226894494556,27.450000000000003,32.1559405940594
2026-07-16 14:14:24.536,77358.3180601366,23.434142086361142,27.450000000000003,32.146039603960396
2026-07-16 14:14:24.636,77579.34830756205,23.435058984171164,27.449999999999996,32.13617647058824
2026-07-16 14:14:24.736,77597.76338176902,23.435354882302477,27.449999999999996,32.126336633663364
2026-07-16 14:14:24.836,77486.44601349486,23.435512767750375,27.453564356435642,32.11999999999999
2026-07-16 14:14:24.936,77460.96290324343,23.436030505906327,27.456568627450977,32.116568627450974
2026-07-16 14:14:25.036,77676.19825353703,23.436863027464717,27.45326732673267,32.106732673267324
2026-07-16 14:14:25.136,77667.5089462313,23.43768251576073,27.46,32.1
2026-07-16 14:14:25.236,77457.64621187809,23.438482546017394,27.46,32.09411764705882
2026-07-16 14:14:25.336,77313.63058576224,23.438574596986598,27.46,32.07722772277227
2026-07-16 14:14:25.436,77496.73519998504,23.43883592859047,27.46,32.067326732673266
2026-07-16 14:14:25.536,77711.1260522652,23.439581788174632,27.457450980392153,32.06
2026-07-16 14:14:25.636,77359.75854770944,23.440188486766445,27.45,32.05762376237624
2026-07-16 14:14:25.736,77126.21392949825,23.43988082815629,27.45,32.047722772277226
2026-07-16 14:14:25.836,77544.78874244702,23.440496855924827,27.449999999999996,32.037843137254896
2026-07-16 14:14:25.936,77504.28720848521,23.44079927171464,27.450000000000003,32.0280198019802
2026-07-16 14:14:26.036,77332.74918959991,23.44095084821182,27.449999999999996,32.02
2026-07-16 14:14:26.136,77248.53791573066,23.441089936381857,27.449999999999996,32.018316831683165
2026-07-16 14:14:26.236,77259.06198578287,23.44128808513056,27.449999999999996,32.01
2026-07-16 14:14:26.336,77377.03776374608,23.44184583094151,27.45,32.0085294117647
2026-07-16 14:14:26.436,77406.10707194239,23.4415252427162,27.45,31.998712871287125
2026-07-16 14:14:26.536,77306.60523177873,23.441530111130522,27.45,31.987647058823526
2026-07-16 14:14:26.636,77249.08334920468,23.441630624563487,27.450000000000003,31.97
2026-07-16 14:14:26.736,77347.26287984132,23.44172362694301,27.449999999999996,31.969117647058823
2026-07-16 14:14:26.836,77495.64742207894,23.441809848754783,27.45,31.959306930693067
2026-07-16 14:14:26.936,77243.44513871773,23.44188993826445,27.45,31.949405940594055
2026-07-16 14:14:27.036,77378.91626030282,23.441963412434294,27.45,31.939999999999998
2026-07-16 14:14:27.136,77400.0231909888,23.442032007817964,27.45,31.939705882352943
2026-07-16 14:14:27.236,77470.70650022785,23.442318585749966,27.45,31.929900990099007
2026-07-16 14:14:27.336,77433.15197271429,23.44257084553462,27.449999999999996,31.919999999999998
2026-07-16 14:14:27.436,77345.45944141962,23.4427009032006,27.449999999999996,31.91009900990099
2026-07-16 14:14:27.536,77671.80611813531,23.443108718434477,27.449999999999996,31.909999999999997
2026-07-16 14:14:27.636,77661.81706040111,23.44384045192589,27.45,31.900396039603958
2026-07-16 14:14:27.736,77475.45733715703,23.443931222677676,27.45,31.890495049504953
2026-07-16 14:14:27.836,77405.18313426603,23.44392338681221,27.45,31.8806862745098
2026-07-16 14:14:27.936,77401.55302294875,23.443916109090225,27.45,31.88
2026-07-16 14:14:28.036,77398.98950495772,23.443909334965998,27.45910891089109,31.87089108910891
2026-07-16 14:14:28.136,77403.53972189473,23.443903016254858,27.459999999999997,31.861078431372544
2026-07-16 14:14:28.236,77393.64622838155,23.443897150345137,27.46,31.86
2026-07-16 14:14:28.336,77493.24349262152,23.44445074436237,27.459999999999997,31.8513725490196
2026-07-16 14:14:28.436,77535.04084751103,23.44483584527088,27.45148514851485,31.84148514851485
2026-07-16 14:14:28.536,77532.22814718256,23.44530408254827,27.449999999999996,31.84
2026-07-16 14:14:28.636,77480.38467965879,23.44592803565938,27.45,31.83176470588235
2026-07-16 14:14:28.736,77383.85358366606,23.44645124084564,27.449999999999996,31.82188118811881
2026-07-16 14:14:28.836,77406.46986424614,23.44634386936583,27.449999999999996,31.811980198019796
2026-07-16 14:14:28.936,77626.89200922266,23.44693314131381,27.449999999999996,31.802156862745097
2026-07-16 14:14:29.036,77590.13661526151,23.447267083600153,27.45,31.79227722772277
2026-07-16 14:14:29.136,77608.15858325246,23.44771829531899,27.449999999999996,31.789999999999996
2026-07-16 14:14:29.236,77637.18181900683,23.448173017895698,27.449999999999996,31.782574257425743
2026-07-16 14:14:29.336,77493.55583249168,23.44838095088669,27.45,31.77267326732673
2026-07-16 14:14:29.436,77246.09475096062,23.448577629340342,27.45,31.762843137254897
2026-07-16 14:14:29.536,77380.04615554177,23.448761394959895,27.45,31.76
2026-07-16 14:14:29.636,77304.30458614358,23.44893545564775,27.449999999999996,31.75306930693069
2026-07-16 14:14:29.736,77249.34428716336,23.449100349153284,27.449999999999996,31.743235294117646
2026-07-16 14:14:29.836,77299.15659417563,23.449105370297083,27.449999999999996,31.74
2026-07-16 14:14:29.936,77346.36859672538,23.44890328243872,27.449999999999996,31.7335294117647
2026-07-16 14:14:30.036,77137.23584618428,23.448725505829312,27.449999999999996,31.723725490196074
2026-07-16 14:14:30.136,77363.58113387316,23.448889609902945,27.449999999999996,31.72
2026-07-16 14:14:30.236,77295.16455486054,23.449045468276047,27.449999999999996,31.714019607843134
2026-07-16 14:14:30.336,77259.74487335361,23.448972040185637,27.449999999999996,31.704158415841583
2026-07-16 14:14:30.436,77262.60191323908,23.44878654465542,27.45,31.694257425742574
2026-07-16 14:14:30.536,77329.11992323394,23.44879235855808,27.449999999999996,31.689999999999998
2026-07-16 14:14:30.636,77531.59495804706,23.449218538853827,27.449999999999996,31.684554455445543
2026-07-16 14:14:30.736,77296.79474962462,23.44901965740897,27.449999999999996,31.67465346534653
2026-07-16 14:14:30.836,77261.51366538042,23.44883009745777,27.45,31.664803921568627
2026-07-16 14:14:30.936,77509.57245964803,23.449121866233376,27.449999999999996,31.654999999999998
2026-07-16 14:14:31.036,77751.05884251057,23.44979206036466,27.449999999999996,31.65
2026-07-16 14:14:31.136,77800.73142564349,23.450641258608517,27.449999999999996,31.645294117647055
2026-07-16 14:14:31.236,77690.69470858673,23.451516385356477,27.449999999999996,31.64
2026-07-16 14:14:31.336,77674.55539366436,23.452411537058673,27.449999999999996,31.635588235294115
2026-07-16 14:14:31.436,77687.7721116796,23.45290680633072,27.45,31.625742574257423
2026-07-16 14:14:31.536,77518.21266222693,23.452701551088367,27.449999999999996,31.619999999999997
2026-07-16 14:14:31.636,77407.83461141534,23.452774808633237,27.449999999999996,31.615980392156864
2026-07-16 14:14:31.736,77403.82023545561,23.452912355018377,27.449999999999996,31.606138613861386
2026-07-16 14:14:31.836,77436.97356492434,23.45256009633051,27.45,31.599999999999998
2026-07-16 14:14:31.936,77553.7479993421,23.452590238120727,27.449999999999996,31.596372549019605
2026-07-16 14:14:32.036,77421.68691169943,23.453030238029303,27.45,31.586534653465346
2026-07-16 14:14:32.136,77212.9769715296,23.453124741039773,27.449999999999996,31.57666666666666
2026-07-16 14:14:32.236,77123.46070953585,23.453128142295835,27.45,31.566831683168317
2026-07-16 14:14:32.336,77166.74391743322,23.453288604169387,27.449999999999996,31.556930693069305
2026-07-16 14:14:32.436,77249.36647644873,23.453584642416306,27.449999999999996,31.54705882352941
2026-07-16 14:14:32.536,77266.87493721793,23.453569050961207,27.450000000000003,31.53722772277228
2026-07-16 14:14:32.636,77524.29106685394,23.453554827515735,27.449999999999996,31.527352941176474
2026-07-16 14:14:32.736,77451.9138806752,23.45383727037507,27.449999999999996,31.52
2026-07-16 14:14:32.836,77488.81646182256,23.453938469916515,27.45,31.517623762376235
2026-07-16 14:14:32.936,77554.11060256406,23.454067462051334,27.449999999999996,31.508401191658386
2026-07-16 14:14:33.036,77512.18495830521,23.454380697830477,27.45,31.5014498510427
2026-07-16 14:14:33.136,77416.17830694163,23.45471094956733,27.45,31.494498510427015
2026-07-16 14:14:33.236,77657.30209929249,23.455352265887985,27.449999999999996,31.48754716981132
2026-07-16 14:14:33.336,77484.62171133223,23.455350884898486,27.45,31.48059582919563
2026-07-16 14:14:33.436,77325.13051646965,23.455269157246725,27.449999999999996,31.47364448857994
2026-07-16 14:14:33.536,77378.33135374422,23.455365310137566,27.45,31.46669314796425
2026-07-16 14:14:33.636,77543.9094912914,23.455633008751505,27.45,31.45974180734856
2026-07-16 14:14:33.736,77510.90923138568,23.45580939248296,27.449999999999996,31.452790466732868
2026-07-16 14:14:33.836,77150.4843177342,23.455367370224472,27.45,31.44583912611718
2026-07-16 14:14:33.936,77456.49383109274,23.455590458364085,27.45,31.438415841584156
2026-07-16 14:14:34.036,77548.8486827877,23.4561173820097,27.45,31.43
2026-07-16 14:14:34.136,77475.85445946825,23.456532603217973,27.45,31.428712871287125
2026-07-16 14:14:34.236,77389.92559910662,23.4569056862563,27.45,31.417647058823526
2026-07-16 14:14:34.336,77409.2456009551,23.45744504785988,27.45,31.4
2026-07-16 14:14:34.436,77541.19772868506,23.457659321394445,27.449999999999996,31.39911764705882
2026-07-16 14:14:34.536,77550.90342680225,23.457860267139502,27.45,31.389306930693067
2026-07-16 14:14:34.636,77458.0305849267,23.458050827824316,27.45,31.38
2026-07-16 14:14:34.736,77333.82973397966,23.458015576260433,27.45,31.379509803921568
2026-07-16 14:14:34.836,77357.83394592929,23.457829898662204,27.45,31.369724770642204
2026-07-16 14:14:34.936,77529.75760038401,23.457727056071732,27.450000000000003,31.360550458715597
2026-07-16 14:14:35.036,77395.31876374148,23.457901965481046,27.45,31.350784313725487
2026-07-16 14:14:35.136,77039.79912321786,23.457379012276306,27.45,31.35
2026-07-16 14:14:35.236,77182.90580041215,23.457158521539924,27.449999999999996,31.341078431372548
2026-07-16 14:14:35.336,77341.53252817717,23.457459588508172,27.45,31.331188118811873
2026-07-16 14:14:35.436,77350.39470659709,23.457694906416634,27.45,31.321287128712868
2026-07-16 14:14:35.536,77294.7595848586,23.457610580545623,27.449999999999996,31.319099378881987
2026-07-16 14:14:35.636,77412.25075411645,23.457828288467926,27.449999999999996,31.318064182194615
2026-07-16 14:14:35.736,77521.60201011399,23.458371947671758,27.45,31.317028985507243
2026-07-16 14:14:35.836,77638.59696085285,23.458911746330177,27.449999999999996,31.315993788819874
2026-07-16 14:14:35.936,77530.69814784412,23.458922851646715,27.449999999999996,31.314958592132506
2026-07-16 14:14:36.036,77356.28619328915,23.458690904607543,27.449999999999996,31.31392339544513
2026-07-16 14:14:36.136,77373.35071870244,23.458581508523643,27.449999999999996,31.31288819875776
2026-07-16 14:14:36.236,77690.70637696845,23.458744290376135,27.449999999999996,31.311853002070386
2026-07-16 14:14:36.336,77556.41306246517,23.458897167316458,27.45,31.310817805383017
2026-07-16 14:14:36.436,77425.39047274653,23.459368845641237,27.45,31.307294350842415
2026-07-16 14:14:36.536,77323.7633413329,23.45906169114226,27.449999999999996,31.294410307234884
2026-07-16 14:14:36.636,77397.6596234887,23.45906370506674,27.45,31.281526263627352
2026-07-16 14:14:36.736,77383.74062675428,23.459199213655303,27.450000000000003,31.26864222001982
2026-07-16 14:14:36.836,77024.20278132198,23.458664219576516,27.449999999999996,31.255758176412286
2026-07-16 14:14:36.936,77256.61079211382,23.458841081299685,27.449999999999996,31.242874132804754
2026-07-16 14:14:37.036,77486.90537373892,23.459004796442,27.450000000000003,31.229990089197223
2026-07-16 14:14:37.136,77632.90775671521,23.459460020512083,27.45,31.217106045589695
2026-07-16 14:14:37.236,77484.83264873133,23.459531180389362,27.449999999999996,31.20422200198216
2026-07-16 14:14:37.336,77268.5690250799,23.459261411954856,27.45,31.19133795837463
2026-07-16 14:14:37.436,77306.60726202423,23.459234466984256,27.45,31.179157472417256
2026-07-16 14:14:37.536,77544.02864487849,23.46017268611821,27.45,31.172136409227683
2026-07-16 14:14:37.636,77900.94244324349,23.46113580044192,27.45,31.165115346038114
2026-07-16 14:14:37.736,77481.76570672782,23.461370066118423,27.450000000000003,31.158094282848545
2026-07-16 14:14:37.836,77486.07030680901,23.461431245572133,27.450000000000003,31.151073219658976
2026-07-16 14:14:37.936,77690.25544590046,23.461843418996917,27.450000000000003,31.144052156469407
2026-07-16 14:14:38.036,77622.16311305523,23.46251667829949,27.45,31.13703109327984
2026-07-16 14:14:38.136,77411.47991219105,23.462543947012364,27.450000000000003,31.130010030090272
2026-07-16 14:14:38.236,77411.3058567963,23.462968697527433,27.45,31.122988966900703
2026-07-16 14:14:38.336,77609.4040963494,23.463375800945613,27.45,31.11596790371113
2026-07-16 14:14:38.436,77843.84463399214,23.46431902016498,27.45,31.1085294117647
2026-07-16 14:14:38.536,77517.94051788648,23.464465934063767,27.45,31.098712871287127
2026-07-16 14:14:38.636,76966.20122304553,23.463984345908138,27.45,31.088823529411762
2026-07-16 14:14:38.736,77395.07463236472,23.464865994406047,27.450000000000003,31.079009900990098
2026-07-16 14:14:38.836,77541.90761236,23.46526196002094,27.449999999999996,31.069117647058818
2026-07-16 14:14:38.936,77549.81449581108,23.465628212769214,27.45,31.059306930693065
2026-07-16 14:14:39.036,77295.31363966517,23.465621277498165,27.45,31.04940594059406
2026-07-16 14:14:39.136,77305.76647535691,23.46571516488154,27.45,31.03950495049505
2026-07-16 14:14:39.236,77502.27028237052,23.46603526355607,27.45,31.029999999999998
2026-07-16 14:14:39.336,77382.63424119796,23.46627354476348,27.449999999999996,31.029803921568625
2026-07-16 14:14:39.436,77269.53938281865,23.466100652387063,27.45,31.02
2026-07-16 14:14:39.536,77026.08246946814,23.465942230054306,27.450000000000003,31.018979591836736
2026-07-16 14:14:39.636,77523.78710593007,23.466113696350526,27.450000000000003,31.017959183673472
2026-07-16 14:14:39.736,77569.82072430936,23.466382001442174,27.45,31.016938775510205
2026-07-16 14:14:39.836,77259.23735939543,23.46648328922836,27.450000000000003,31.01591836734694
2026-07-16 14:14:39.936,77262.15328736688,23.466318395527303,27.45,31.014897959183674
2026-07-16 14:14:40.036,77272.0289731159,23.466164084672467,27.45,31.01387755102041
2026-07-16 14:14:40.136,77606.64944507543,23.46678851350992,27.45,31.012857142857143
2026-07-16 14:14:40.236,77580.56597923233,23.467416426655724,27.45,31.01183673469388
2026-07-16 14:14:40.336,77396.85565421681,23.467529256663383,27.450000000000003,31.010816326530616
2026-07-16 14:14:40.436,77362.01858682062,23.46748613392764,27.45,31.0074180734856
2026-07-16 14:14:40.536,77571.98516455245,23.46777749181194,27.45,30.994508440913606
2026-07-16 14:14:40.636,77683.2690895572,23.468338847035152,27.449999999999996,30.98159880834161
2026-07-16 14:14:40.736,77317.88692264634,23.468092333009498,27.45,30.96868917576961
2026-07-16 14:14:40.836,77360.87024520678,23.468201099028192,27.450000000000003,30.955779543197615
2026-07-16 14:14:40.936,77404.9722176516,23.46811061002308,27.45,30.942869910625618
2026-07-16 14:14:41.036,77514.00195760539,23.468242525813487,27.449999999999996,30.929960278053624
2026-07-16 14:14:41.136,77588.353715163,23.46869103489892,27.449999999999996,30.917050645481627
2026-07-16 14:14:41.236,77261.08567752836,23.46883808949564,27.449999999999996,30.904141012909633
2026-07-16 14:14:41.336,77253.67876583469,23.4689746404513,27.449999999999996,30.891231380337633
2026-07-16 14:14:41.436,77482.26701333627,23.469102069440027,27.449999999999996,30.878725490196075
2026-07-16 14:14:41.536,77474.36929565208,23.469221864786768,27.449999999999996,30.86892156862745
2026-07-16 14:14:41.636,77285.41177199382,23.469153884454727,27.45,30.859108910891088
2026-07-16 14:14:41.736,77228.04138726895,23.469020015079014,27.45,30.849999999999998
2026-07-16 14:14:41.836,77550.99575680327,23.46918067569791,27.449999999999996,30.849405940594057
2026-07-16 14:14:41.936,77542.12657803496,23.46963888413127,27.45,30.839509803921562
2026-07-16 14:14:42.036,77450.21247669877,23.469424532164517,27.45,30.829702970297028
2026-07-16 14:14:42.136,77415.33723129792,23.469697709598506,27.45,30.82
2026-07-16 14:14:42.236,77468.37672601247,23.47015457178358,27.45,30.81990196078431
2026-07-16 14:14:42.336,77498.83494237004,23.470469511723476,27.449999999999996,30.810098039215678
2026-07-16 14:14:42.436,77408.15646743301,23.47053608172444,27.449999999999996,30.790588235294113
2026-07-16 14:14:42.536,77398.2618371397,23.47059811786798,27.45,30.79
2026-07-16 14:14:42.636,77399.22869318309,23.47065543193047,27.449999999999996,30.780588235294115
2026-07-16 14:14:42.736,77598.43509754151,23.470973927205858,27.45,30.770693069306926
2026-07-16 14:14:42.836,77626.19908573103,23.47135924100883,27.45,30.76079207920792
2026-07-16 14:14:42.936,77361.3007119284,23.471313264660015,27.449999999999996,30.76
2026-07-16 14:14:43.036,77140.3739401145,23.470943175278176,27.449999999999996,30.75108910891089
2026-07-16 14:14:43.136,77824.85675192846,23.471720325672294,27.449999999999996,30.74118811881188
2026-07-16 14:14:43.236,77336.36744392444,23.471738554025915,27.449999999999996,30.731372549019607
2026-07-16 14:14:43.336,77357.84663173828,23.47207120147473,27.45,30.729999999999997
2026-07-16 14:14:43.436,77551.21371841404,23.472699414925252,27.45,30.72174757281553
2026-07-16 14:14:43.536,77530.34065025054,23.472918582938163,27.449999999999996,30.71196078431372
2026-07-16 14:14:43.636,77340.25206588066,23.472684487397323,27.45,30.71
2026-07-16 14:14:43.736,77543.82576272002,23.473076415185368,27.45,30.702178217821785
2026-07-16 14:14:43.836,77419.45777458858,23.473449884931703,27.449999999999996,30.692352941176466
2026-07-16 14:14:43.936,77306.0239054831,23.473446071617857,27.449999999999996,30.689999999999998
2026-07-16 14:14:44.036,77512.40621540761,23.473391216422186,27.449999999999996,30.682647058823527
2026-07-16 14:14:44.136,77512.59904810984,23.473526602516937,27.450000000000003,30.672772277227722
2026-07-16 14:14:44.236,77260.23989075563,23.473624828936273,27.45,30.67
2026-07-16 14:14:44.336,77271.97526458597,23.47322424118159,27.449999999999996,30.66303921568627
2026-07-16 14:14:44.436,77257.01257806765,23.473180350280067,27.45,30.653365384615384
2026-07-16 14:14:44.536,77155.3454215386,23.473139956955723,27.449999999999996,30.65
2026-07-16 14:14:44.636,77388.41825338366,23.473102309367277,27.449999999999996,30.643725490196076
2026-07-16 14:14:44.736,77488.47331448164,23.473250930423117,27.449999999999996,30.63386138613861
2026-07-16 14:14:44.836,77445.84216380952,23.473673047676478,27.450000000000003,30.629999999999995
2026-07-16 14:14:44.936,77546.00029883385,23.474256049489686,27.449999999999996,30.624117647058817
2026-07-16 14:14:45.036,77547.37016036572,23.474542346252097,27.45,30.614257425742572
2026-07-16 14:14:45.136,77556.96074094751,23.474815525545907,27.449999999999996,30.604356435643567
2026-07-16 14:14:45.236,77547.6638032678,23.475352470144784,27.449999999999996,30.6
2026-07-16 14:14:45.336,77680.57023407872,23.475967709096828,27.45,30.594653465346532
2026-07-16 14:14:45.436,77691.97402444508,23.476275422884378,27.449999999999996,30.58591915303176
2026-07-16 14:14:45.536,77435.10386024794,23.476178993157344,27.45,30.578219441770937
2026-07-16 14:14:45.636,77546.66421341726,23.47640091879908,27.45,30.570519730510107
2026-07-16 14:14:45.736,77431.13086441185,23.476229850691844,27.45,30.562820019249276
2026-07-16 14:14:45.836,77413.70381295944,23.476372623644444,27.45,30.55512030798845
2026-07-16 14:14:45.936,77341.01225406429,23.476578398961834,27.450000000000003,30.547420596727626
2026-07-16 14:14:46.036,77320.24805231334,23.476774091930977,27.449999999999996,30.539720885466796
2026-07-16 14:14:46.136,77403.43698770885,23.476960160146632,27.450000000000003,30.53202117420597
2026-07-16 14:14:46.236,77413.51310356669,23.477172463268438,27.450000000000003,30.52432146294514
2026-07-16 14:14:46.336,77519.12907437058,23.478034265564844,27.449999999999996,30.516621751684312
2026-07-16 14:14:46.436,77532.86846156951,23.4789271949497,27.449999999999996,30.508627450980388
2026-07-16 14:14:46.536,77549.97416834587,23.47929478765053,27.449999999999996,30.497623762376236
2026-07-16 14:14:46.636,77499.52876298453,23.479395291332338,27.449999999999996,30.479999999999997
2026-07-16 14:14:46.736,77408.72144814668,23.479378605516946,27.449999999999996,30.479108910891085
2026-07-16 14:14:46.836,77423.46271330949,23.47911972938942,27.449999999999996,30.469999999999995
2026-07-16 14:14:46.936,77412.16154345278,23.479221440548066,27.45,30.469405940594058
2026-07-16 14:14:47.036,77302.1195986589,23.4789806720362,27.45,30.45950495049505
2026-07-16 14:14:47.136,77357.00262924493,23.478976924687174,27.45,30.45
2026-07-16 14:14:47.236,77417.61779307266,23.479079044291453,27.45,30.449801980198018
2026-07-16 14:14:47.336,77371.9813772255,23.479287910204338,27.45,30.44
2026-07-16 14:14:47.436,77252.54166763288,23.479719082567414,27.45,30.439999999999998
2026-07-16 14:14:47.536,77262.41824433363,23.48014294130732,27.449999999999996,30.43029411764705
2026-07-16 14:14:47.636,77483.49386426993,23.48055686695459,27.45,30.42049019607843
2026-07-16 14:14:47.736,77542.70212949303,23.48096106203975,27.459405940594063,30.410594059405938
2026-07-16 14:14:47.836,77621.07731863871,23.48135467642458,27.450784313725485,30.400784313725488
2026-07-16 14:14:47.936,77571.88157925698,23.48145476684765,27.45,30.4
2026-07-16 14:14:48.036,77303.68350588111,23.48107866567898,27.449999999999996,30.391078431372545
2026-07-16 14:14:48.136,77428.08697717333,23.480714979238886,27.449999999999996,30.381188118811878
2026-07-16 14:14:48.236,77421.42274511259,23.48074932085132,27.45,30.37128712871287
2026-07-16 14:14:48.336,77324.27116678646,23.480487747780387,27.45,30.36138613861386
2026-07-16 14:14:48.436,77283.09638330167,23.48038755193629,27.449999999999996,30.351568627450977
2026-07-16 14:14:48.536,77335.56856977555,23.480582242967323,27.45,30.34176470588235
2026-07-16 14:14:48.636,77420.03239506116,23.480974865878427,27.449999999999996,30.34
2026-07-16 14:14:48.736,77412.95224060274,23.481371991977806,27.449999999999996,30.332058823529408
2026-07-16 14:14:48.836,77542.12094373704,23.4821112696131,27.449999999999996,30.32217821782178
2026-07-16 14:14:48.936,77454.76583562547,23.482528348028012,27.449999999999996,30.312352941176467
2026-07-16 14:14:49.036,77496.61930398272,23.482624171781687,27.449999999999996,30.31
2026-07-16 14:14:49.136,77569.48605196149,23.48258343951491,27.449999999999996,30.30264705882353
2026-07-16 14:14:49.236,77569.89787470178,23.48264213883242,27.449999999999996,30.292772277227716
2026-07-16 14:14:49.336,77566.79951048481,23.482959337884125,27.45,30.282871287128714
2026-07-16 14:14:49.436,77697.3918264265,23.483264418916605,27.449999999999996,30.28
2026-07-16 14:14:49.536,77400.47862719934,23.482916928256497,27.449999999999996,30.27326732673267
2026-07-16 14:14:49.636,77365.96159096915,23.483010454555938,27.449999999999996,30.263431372549018
2026-07-16 14:14:49.736,77414.23423133684,23.483320583839063,27.449999999999996,30.260000000000005
2026-07-16 14:14:49.836,77337.18972551049,23.483503897091342,27.449999999999996,30.253725490196075
2026-07-16 14:14:49.936,77145.94925361413,23.48343017390713,27.449999999999996,30.24386138613861
2026-07-16 14:14:50.036,77275.27691189505,23.483361579570776,27.450000000000003,30.233960396039606
2026-07-16 14:14:50.136,77717.05489071543,23.48426388733202,27.449999999999996,30.229999999999997
2026-07-16 14:14:50.236,77666.64640711597,23.484705203974848,27.45,30.22425742574257
2026-07-16 14:14:50.336,77436.48176509995,23.484750206336706,27.449999999999996,30.21441176470588
2026-07-16 14:14:50.436,77323.64245908946,23.484756332642476,27.449999999999996,30.209999999999997
2026-07-16 14:14:50.536,77468.75997376935,23.485060289072695,27.449999999999996,30.20470588235294
2026-07-16 14:14:50.636,77841.60572073708,23.485657574564165,27.449999999999996,30.194901960784314
2026-07-16 14:14:50.736,77599.69569109594,23.48625215995324,27.45,30.185049504950495
2026-07-16 14:14:50.836,77365.49753354436,23.48622092979471,27.449999999999996,30.18
2026-07-16 14:14:50.936,77420.3147589624,23.486257389252575,27.450000000000003,30.175346534653468
2026-07-16 14:14:51.036,77561.42355458942,23.486447518529097,27.449999999999996,30.16549019607843
2026-07-16 14:14:51.136,77473.65660985815,23.486627170490564,27.449999999999996,30.159999999999997
2026-07-16 14:14:51.236,77125.10783696061,23.486796959147163,27.45,30.15574257425742
2026-07-16 14:14:51.336,77373.8673570029,23.48695572456647,27.45,30.14588235294117
2026-07-16 14:14:51.436,77510.70631557258,23.48710580608061,27.45,30.136039603960395
2026-07-16 14:14:51.536,77262.92166745622,23.48657663654027,27.449999999999996,30.129999999999995
2026-07-16 14:14:51.636,77163.92878218838,23.486339724350763,27.449999999999996,30.126372549019607
2026-07-16 14:14:51.736,77406.00612674511,23.48691894453252,27.449999999999996,30.116534653465344
2026-07-16 14:14:51.836,77384.35075461591,23.487379324657084,27.449999999999996,30.106666666666662
2026-07-16 14:14:51.936,77168.16637644422,23.48630620099922,27.45,30.09683168316832
2026-07-16 14:14:52.036,77341.10175116021,23.486369936766216,27.449999999999996,30.089999999999996
2026-07-16 14:14:52.136,77408.30297127506,23.48658055596175,27.449999999999996,30.08705882352941
2026-07-16 14:14:52.236,77470.93023978049,23.486986923453344,27.449999999999996,30.07722772277227
2026-07-16 14:14:52.336,77525.356117999,23.487461687488047,27.45,30.07
2026-07-16 14:14:52.436,77401.00602861674,23.487573789400095,27.450000000000003,30.067946692991118
2026-07-16 14:14:52.536,77285.40839077719,23.48730839149327,27.45,30.06004935834156
2026-07-16 14:14:52.636,77718.59064352147,23.487432892029556,27.45,30.052152023692006
2026-07-16 14:14:52.736,77406.65405678598,23.487294331630622,27.450000000000003,30.044254689042447
2026-07-16 14:14:52.836,77191.83304753013,23.487263828786666,27.450000000000003,30.03635735439289
2026-07-16 14:14:52.936,77441.53478793184,23.48741513369234,27.450000000000003,30.028460019743335
2026-07-16 14:14:53.036,77854.74569985556,23.48773387555608,27.450000000000003,30.020562685093783
2026-07-16 14:14:53.136,77822.03130301765,23.48899262562377,27.45,30.012665350444223
2026-07-16 14:14:53.236,77492.17405599101,23.489116534356654,27.45,30.004768015794667
2026-07-16 14:14:53.336,77316.26264148195,23.489194347884926,27.45,29.99687068114511
2026-07-16 14:14:53.436,77334.78767053125,23.4892665139795,27.45127450980392,29.988725490196074
2026-07-16 14:14:53.536,77415.42619678254,23.489188410039937,27.46,29.97891089108911
2026-07-16 14:14:53.636,77471.31578684141,23.489111285786176,27.459999999999997,29.969019607843137
2026-07-16 14:14:53.736,77686.71352397226,23.489935527217668,27.46,29.95920792079208
2026-07-16 14:14:53.836,77583.62787375499,23.489976756457033,27.459999999999997,29.949999999999996
2026-07-16 14:14:53.936,77374.57325764725,23.489704281317763,27.459999999999997,29.94941176470588
2026-07-16 14:14:54.036,77496.46599766993,23.490098147075738,27.46,29.93960396039604
2026-07-16 14:14:54.136,77424.77158135627,23.490571765456544,27.46,29.93
2026-07-16 14:14:54.236,77067.61306859375,23.49058604564518,27.459999999999997,29.929900990099004
2026-07-16 14:14:54.336,77418.12542771496,23.49061974520235,27.459999999999997,29.919999999999998
2026-07-16 14:14:54.436,77547.29893856724,23.491008226476296,27.450384615384614,29.910384615384615
2026-07-16 14:14:54.536,77460.87087430869,23.491055671308338,27.45,29.90049504950495
2026-07-16 14:14:54.636,77506.60674370902,23.491049591421433,27.45,29.899999999999995
2026-07-16 14:14:54.736,77394.60681723613,23.491043948527913,27.45,29.890784313725486
2026-07-16 14:14:54.836,77232.35548556148,23.491135465040962,27.45,29.880891089108907
2026-07-16 14:14:54.936,77543.65344848254,23.491429668584892,27.449999999999996,29.871078431372545
2026-07-16 14:14:55.036,77552.36773522517,23.49141070592084,27.449999999999996,29.861188118811878
2026-07-16 14:14:55.136,77334.04096564132,23.49168838440087,27.45,29.85128712871287
2026-07-16 14:14:55.236,77362.03113536719,23.491753755035035,27.45,29.85
2026-07-16 14:14:55.336,77419.95392555279,23.491724520663574,27.449999999999996,29.841584158415838
2026-07-16 14:14:55.436,77412.49062399773,23.49179978945172,27.45,29.83176470588235
2026-07-16 14:14:55.536,77411.66478957044,23.492035160759567,27.449999999999996,29.82188118811881
2026-07-16 14:14:55.636,77406.88032738186,23.491997705289034,27.449999999999996,29.82
2026-07-16 14:14:55.736,77532.01158923145,23.49224979000964,27.45,29.81217821782178
2026-07-16 14:14:55.836,77562.51389257946,23.49251104199753,27.449999999999996,29.802352941176466
2026-07-16 14:14:55.936,77554.82511962621,23.49294191027863,27.449999999999996,29.79247524752475
2026-07-16 14:14:56.036,77553.66253286222,23.49338247976757,27.449999999999996,29.789999999999996
2026-07-16 14:14:56.136,77541.97412142373,23.493625292679063,27.450000000000003,29.775544554455443
2026-07-16 14:14:56.236,77403.97379906484,23.49386017250931,27.45,29.77
2026-07-16 14:14:56.336,77763.92106407398,23.49473805163453,27.449999999999996,29.76303921568627
2026-07-16 14:14:56.436,77654.11593679749,23.49507752224134,27.45,29.753168316831676
2026-07-16 14:14:56.536,77486.8987112829,23.495279117146026,27.449999999999996,29.749999999999996
2026-07-16 14:14:56.636,77516.63032148681,23.49562072195337,27.45,29.74346534653465
2026-07-16 14:14:56.736,77626.50757955312,23.495988142503403,27.449999999999996,29.733627450980386
2026-07-16 14:14:56.836,77292.16088882467,23.49580448932777,27.45,29.73
2026-07-16 14:14:56.936,77395.3842556134,23.495979225061614,27.449999999999996,29.723921568627446
2026-07-16 14:14:57.036,77217.41002370091,23.495842656625292,27.45,29.714059405940596
2026-07-16 14:14:57.136,77291.32902686845,23.495889365006924,27.449999999999996,29.709999999999997
2026-07-16 14:14:57.236,77473.07808633787,23.496216120534385,27.449999999999996,29.704313725490195
2026-07-16 14:14:57.336,77432.00094293506,23.49652213294159,27.449999999999996,29.69445544554455
2026-07-16 14:14:57.436,77043.2265122875,23.496399198187607,27.45,29.686305182341652
2026-07-16 14:14:57.536,77631.35353214883,23.49725916925769,27.45,29.679587332053746
2026-07-16 14:14:57.636,77701.29577191299,23.498149765164875,27.45,29.672869481765836
2026-07-16 14:14:57.736,77447.79036600594,23.498475609643183,27.450000000000003,29.666151631477927
2026-07-16 14:14:57.836,77338.29384179122,23.49835303834175,27.45,29.65943378119002
2026-07-16 14:14:57.936,77427.50901502826,23.498165044221544,27.45,29.652715930902115
2026-07-16 14:14:58.036,77439.48125374617,23.498258002317314,27.45,29.645998080614206
2026-07-16 14:14:58.136,77557.68514805217,23.49834415870885,27.450000000000003,29.6392802303263
2026-07-16 14:14:58.236,77352.42845008631,23.498075813643275,27.450000000000003,29.632562380038387
2026-07-16 14:14:58.336,77375.10761588457,23.498348002692836,27.45,29.62584452975048
2026-07-16 14:14:58.436,77616.91261316017,23.499014809716833,27.45,29.618712871287126
2026-07-16 14:14:58.536,77664.23749917463,23.499702614067125,27.45,29.60882352941176
2026-07-16 14:14:58.636,77248.87076754821,23.50006942440725,27.450000000000003,29.599009900990104
2026-07-16 14:14:58.736,77128.34553459953,23.500082686555633,27.449999999999996,29.58911764705882
2026-07-16 14:14:58.836,77491.81489662538,23.500478357535567,27.45,29.579306930693065
2026-07-16 14:14:58.936,77668.67280471619,23.50086756582322,27.45,29.57
2026-07-16 14:14:59.036,77567.95116263011,23.501005305366977,27.450000000000003,29.56960396039604
2026-07-16 14:14:59.136,77471.12386554953,23.501134300470465,27.45,29.559702970297028
2026-07-16 14:14:59.236,77594.19094986052,23.501484817401483,27.45,29.549999999999997
2026-07-16 14:14:59.336,77698.71961092843,23.501823046825233,27.449999999999996,29.549999999999997
2026-07-16 14:14:59.436,77451.1981727715,23.502146245126696,27.449999999999996,29.540099009900988
2026-07-16 14:14:59.536,77212.04220641487,23.502137733886684,27.449999999999996,29.530294117647056
2026-07-16 14:14:59.636,77131.868631925,23.501830971121933,27.45,29.52039603960396
2026-07-16 14:14:59.736,77249.36553471812,23.50157154650845,27.449999999999996,29.519999999999996
2026-07-16 14:14:59.836,77400.43756641049,23.5015243475307,27.449999999999996,29.51069306930693
2026-07-16 14:14:59.936,77280.20175484441,23.50148037016797,27.449999999999996,29.500882352941172
2026-07-16 14:15:00.036,77277.73242716867,23.501439693471088,27.450000000000003,29.4909900990099
2026-07-16 14:15:00.136,77587.27858504462,23.50199197512888,27.449999999999996,29.489999999999995
2026-07-16 14:15:00.236,77371.60749393488,23.501895971327098,27.449999999999996,29.48127450980392
2026-07-16 14:15:00.336,77311.88140407311,23.50202073106847,27.45,29.47138613861386
2026-07-16 14:15:00.436,77518.63535462243,23.502581236792942,27.449999999999996,29.463605947955383
2026-07-16 14:15:00.536,77437.35766008912,23.50292219836598,27.449999999999996,29.456171003717472
2026-07-16 14:15:00.636,77692.18582829749,23.50358740716147,27.45,29.448736059479554
2026-07-16 14:15:00.736,77822.89725940893,23.504250815296274,27.449999999999996,29.441301115241632
2026-07-16 14:15:00.836,77503.74907951869,23.503990433581848,27.449999999999996,29.433866171003714
2026-07-16 14:15:00.936,77353.10498921227,23.503636397574986,27.449999999999996,29.426431226765793
2026-07-16 14:15:01.036,77469.87512242701,23.503635471690934,27.449999999999996,29.41899628252788
2026-07-16 14:15:01.136,77515.64362017547,23.50390825548659,27.450000000000003,29.41156133828996
2026-07-16 14:15:01.236,77274.287177891,23.504165944530435,27.45,29.404126394052042
2026-07-16 14:15:01.336,77626.31423597322,23.504407243388844,27.45,29.39669144981412
2026-07-16 14:15:01.436,77420.89273803751,23.50463569864707,27.449999999999996,29.38901960784313
2026-07-16 14:15:01.536,77414.42094599357,23.5050803924507,27.449999999999996,29.379207920792076
2026-07-16 14:15:01.636,77510.3998021343,23.505676047554843,27.45,29.369306930693064
2026-07-16 14:15:01.736,77402.41756957462,23.506263701307077,27.449999999999996,29.35941176470588
2026-07-16 14:15:01.836,77408.06567111552,23.506828937085025,27.449999999999996,29.35
2026-07-16 14:15:01.936,77551.3472166502,23.506539058227506,27.449999999999996,29.349705882352936
2026-07-16 14:15:02.036,77566.41440482535,23.506609951737666,27.45,29.33990099009901
2026-07-16 14:15:02.136,77560.92252125623,23.50700734479448,27.45,29.33
2026-07-16 14:15:02.236,77507.6015305426,23.5073598371623,27.449999999999996,29.33
2026-07-16 14:15:02.336,77418.97935744781,23.50746865051964,27.449999999999996,29.320294117647055
2026-07-16 14:15:02.436,77422.97878981633,23.50756982219024,27.45,29.31049019607843
2026-07-16 14:15:02.536,77431.63818755344,23.507663049989368,27.449999999999996,29.309999999999995
2026-07-16 14:15:02.636,77409.05183515859,23.508074068117157,27.449999999999996,29.30079207920792
2026-07-16 14:15:02.736,77331.22948856131,23.508267273586988,27.449999999999996,29.299999999999997
2026-07-16 14:15:02.836,77273.89947381492,23.508330128384415,27.449999999999996,29.29108910891089
2026-07-16 14:15:02.936,77306.78865353423,23.508284522841194,27.449999999999996,29.28118811881188
2026-07-16 14:15:03.036,77440.0265422766,23.50805926583391,27.449999999999996,29.271372549019606
2026-07-16 14:15:03.136,77551.74642899956,23.50848411502781,27.45,29.26148514851485
2026-07-16 14:15:03.236,77347.35524454327,23.50856809848225,27.45,29.251584158415845
2026-07-16 14:15:03.336,77450.97798996622,23.50886863143935,27.45,29.25
2026-07-16 14:15:03.436,77620.15556855925,23.50944973029528,27.45,29.243874883286647
2026-07-16 14:15:03.536,77657.20345440772,23.51007037152566,27.45,29.23640522875817
2026-07-16 14:15:03.636,77512.49861866022,23.51033320827179,27.45,29.22893557422969
2026-07-16 14:15:03.736,77148.23442898363,23.50992616046531,27.449999999999996,29.22146591970121
2026-07-16 14:15:03.836,77474.457885608,23.510277753527912,27.450000000000003,29.213996265172735
2026-07-16 14:15:03.936,77471.22460606683,23.510352208407014,27.45,29.206526610644254
2026-07-16 14:15:04.036,77422.5659416192,23.510117024200305,27.449999999999996,29.19905695611578
2026-07-16 14:15:04.136,77420.17674088344,23.510018300220764,27.449999999999996,29.1915873015873
2026-07-16 14:15:04.236,77438.49626099615,23.510393222430686,27.450000000000003,29.184117647058827
2026-07-16 14:15:04.336,77561.62999838915,23.510756097308985,27.45,29.176647992530345
2026-07-16 14:15:04.436,77560.21165135449,23.511487152970716,27.45,29.16923076923077
2026-07-16 14:15:04.536,77368.76711552854,23.511893162925688,27.45,29.16223776223776
2026-07-16 14:15:04.636,77344.712755937,23.51221116973254,27.45,29.155244755244755
2026-07-16 14:15:04.736,77564.79246442439,23.512685546438654,27.45,29.14825174825175
2026-07-16 14:15:04.836,77734.83536632953,23.513180578483414,27.450000000000003,29.14125874125874
2026-07-16 14:15:04.936,77278.7533340448,23.51303238712332,27.450000000000003,29.134265734265735
2026-07-16 14:15:05.036,77411.82847240125,23.51289584219043,27.450000000000003,29.127272727272732
2026-07-16 14:15:05.136,77438.842575911,23.512433104575013,27.450000000000003,29.120279720279726
2026-07-16 14:15:05.236,77424.399816083,23.512456782873866,27.450000000000003,29.113286713286712
2026-07-16 14:15:05.336,77414.5791090032,23.512748577323215,27.45,29.106293706293705
2026-07-16 14:15:05.436,77416.6095664442,23.513137104634126,27.449999999999996,29.099019607843132
2026-07-16 14:15:05.536,77403.62151492208,23.51376068146785,27.449999999999996,29.089215686274507
2026-07-16 14:15:05.636,77411.19802743479,23.51400338626441,27.45,29.079405940594057
2026-07-16 14:15:05.736,77523.52136286725,23.514594325988345,27.449999999999996,29.07
2026-07-16 14:15:05.836,77389.45674667456,23.514921073597165,27.45,29.069607843137252
2026-07-16 14:15:05.936,77459.27226344695,23.515324566282764,27.45,29.059801980198017
2026-07-16 14:15:06.036,77706.11025175326,23.51591380839818,27.45,29.05
2026-07-16 14:15:06.136,77711.75863395471,23.516433650668567,27.449999999999996,29.049999999999997
2026-07-16 14:15:06.236,77705.70405971011,23.51656555686666,27.449999999999996,29.040196078431368
2026-07-16 14:15:06.336,77477.91153761695,23.516686638294026,27.45,29.03029702970297
2026-07-16 14:15:06.436,77497.22755865293,23.517100425408646,27.45,29.02049019607843
2026-07-16 14:15:06.536,77419.70330025625,23.51737348366126,27.45,29.010594059405943
2026-07-16 14:15:06.636,77366.26038818122,23.517602098187936,27.449999999999996,29.00078431372549
2026-07-16 14:15:06.736,77537.22408586518,23.518071456381065,27.45,28.990891089108906
2026-07-16 14:15:06.836,77417.79382236447,23.51852794845064,27.449999999999996,28.981078431372545
2026-07-16 14:15:06.936,77423.68427734339,23.51856733943191,27.449999999999996,28.979999999999997
2026-07-16 14:15:07.036,77319.38497172193,23.51859862638545,27.449999999999996,28.971372549019605
2026-07-16 14:15:07.136,77267.51115115437,23.518627626267943,27.45,28.961485148514846
2026-07-16 14:15:07.236,77369.4668459759,23.51880179262636,27.45,28.96
2026-07-16 14:15:07.336,77533.1580322688,23.519100583721897,27.45,28.95176470588235
2026-07-16 14:15:07.436,77405.63321490439,23.51908758386359,27.449999999999996,28.94188118811881
2026-07-16 14:15:07.536,77059.8479550037,23.51840274764492,27.449999999999996,28.932058823529406
2026-07-16 14:15:07.636,77106.96574013607,23.51770704003906,27.449999999999996,28.929999999999996
2026-07-16 14:15:07.736,77365.90856676843,23.51801266264163,27.449999999999996,28.922277227722766
2026-07-16 14:15:07.836,77281.34899112428,23.517916948127414,27.449999999999996,28.91245098039215
2026-07-16 14:15:07.936,77011.32279086858,23.517179002650543,27.45,28.902574257425737
2026-07-16 14:15:08.036,77540.43380689017,23.517714314913317,27.45,28.9
2026-07-16 14:15:08.136,77438.49304300893,23.517793712418893,27.45,28.8928431372549
2026-07-16 14:15:08.236,77524.53343690577,23.51825875620959,27.449999999999996,28.8829702970297
2026-07-16 14:15:08.336,77398.10604250446,23.518446586430883,27.45,28.87313725490196
2026-07-16 14:15:08.436,77460.87035769082,23.518910900237238,27.449999999999996,28.87
2026-07-16 14:15:08.536,77812.49081543356,23.51993404638616,27.449999999999996,28.863431372549016
2026-07-16 14:15:08.636,78103.25078470288,23.521216111231237,27.449999999999996,28.85356435643564
2026-07-16 14:15:08.736,77991.5168589427,23.522106491312552,27.449999999999996,28.843725490196075
2026-07-16 14:15:08.836,77534.28835935207,23.52297188535138,27.449999999999996,28.839999999999996
2026-07-16 14:15:08.936,77686.41534983533,23.52303910553084,27.450000000000003,28.8339603960396
2026-07-16 14:15:09.036,77721.15795352886,23.523383136052317,27.449999999999996,28.82411764705882
2026-07-16 14:15:09.136,77564.25001939529,23.523999542333776,27.45,28.82
2026-07-16 14:15:09.236,77532.84372571463,23.524180673525645,27.449999999999996,28.814411764705874
2026-07-16 14:15:09.336,77278.01879129541,23.523921856790146,27.449999999999996,28.80455445544554
2026-07-16 14:15:09.436,77509.51040628253,23.5241578058979,27.449999999999996,28.79585810162991
2026-07-16 14:15:09.536,77279.02366202683,23.524022682263336,27.449999999999996,28.788187919463084
2026-07-16 14:15:09.636,77132.61999117513,23.524062221462493,27.449999999999996,28.78051773729626
2026-07-16 14:15:09.736,77092.01605982256,23.523934190435448,27.45,28.772847555129434
2026-07-16 14:15:09.836,77052.85802636915,23.523456103492293,27.449999999999996,28.765177372962604
2026-07-16 14:15:09.936,77269.22639688276,23.523707614942296,27.449999999999996,28.757507190795778
2026-07-16 14:15:10.036,77410.94706400207,23.523501512874528,27.449999999999996,28.74983700862895
2026-07-16 14:15:10.136,77411.91377699538,23.52401654712582,27.449999999999996,28.742166826462128
2026-07-16 14:15:10.236,77335.12158018412,23.524112196729604,27.45,28.734496644295298
2026-07-16 14:15:10.336,77384.74834059333,23.52408117537515,27.45,28.726826462128468
2026-07-16 14:15:10.436,77503.55810757945,23.524190266584394,27.449999999999996,28.717843137254892
2026-07-16 14:15:10.536,77288.58129501913,23.523996938383785,27.449999999999996,28.7
2026-07-16 14:15:10.636,77545.88998173045,23.52420710248202,27.449999999999996,28.699215686274506
2026-07-16 14:15:10.736,77555.28853733093,23.524748621705015,27.449999999999996,28.689405940594053
2026-07-16 14:15:10.836,77719.82767283797,23.52533016622943,27.449999999999996,28.68
2026-07-16 14:15:10.936,77726.87479941464,23.525899071472466,27.45,28.67960784313725
2026-07-16 14:15:11.036,77517.71082742831,23.526197567824315,27.45,28.66980198019802
2026-07-16 14:15:11.136,77421.74437599957,23.525970446737453,27.45,28.66
2026-07-16 14:15:11.236,77416.65173455745,23.52652098302994,27.449999999999996,28.659999999999997
2026-07-16 14:15:11.336,77424.27706970378,23.52626238273708,27.449999999999996,28.650198019801973
2026-07-16 14:15:11.436,77429.28260697577,23.526256918853527,27.45,28.64057692307692
2026-07-16 14:15:11.536,77495.92751918765,23.52637083229004,27.45,28.639999999999997
2026-07-16 14:15:11.636,77570.21031415512,23.526610633894332,27.449999999999996,28.63088235294117
2026-07-16 14:15:11.736,77538.70173666849,23.52709990778624,27.45,28.63
2026-07-16 14:15:11.836,77428.06062158468,23.527575157474253,27.449999999999996,28.62117647058823
2026-07-16 14:15:11.936,77188.67788838451,23.52724818344842,27.45,28.611287128712867
2026-07-16 14:15:12.036,77224.61923061716,23.527219214573464,27.45,28.609999999999996
2026-07-16 14:15:12.136,77414.83191562584,23.527286542635494,27.449999999999996,28.60156862745098
2026-07-16 14:15:12.236,77516.76989378335,23.527492792035872,27.45,28.591683168316827
2026-07-16 14:15:12.336,77422.11681919439,23.527772246307837,27.45,28.589999999999996
2026-07-16 14:15:12.436,77429.64794982718,23.52742671335614,27.449999999999996,28.58196078431372
2026-07-16 14:15:12.536,77428.25744924988,23.527482691572647,27.449999999999996,28.572156862745096
2026-07-16 14:15:12.636,77520.9665926916,23.52783075194035,27.45,28.56227722772277
2026-07-16 14:15:12.736,77553.4297042221,23.528472643980162,27.449999999999996,28.559999999999995
2026-07-16 14:15:12.836,77449.32222325822,23.52891445475568,27.449999999999996,28.552549019607838
2026-07-16 14:15:12.936,77366.5904339775,23.528999354400785,27.45,28.542673267326727
2026-07-16 14:15:13.036,77693.140144655,23.529369243568635,27.450000000000003,28.53277227722772
2026-07-16 14:15:13.136,77570.00319801447,23.529724142752578,27.449999999999996,28.529999999999998
2026-07-16 14:15:13.236,77656.78691779773,23.530396856271462,27.450000000000003,28.52306930693069
2026-07-16 14:15:13.336,77459.87229942413,23.5305863325662,27.449999999999996,28.513235294117642
2026-07-16 14:15:13.436,77502.876177881,23.530878942708675,27.449999999999996,28.50336633663366
2026-07-16 14:15:13.536,77813.66843405059,23.531582093845188,27.45647058823529,28.4935294117647
2026-07-16 14:15:13.636,77675.54347582598,23.532243354335964,27.46,28.489999999999995
2026-07-16 14:15:13.736,77439.44859031118,23.532508056988892,27.459999999999997,28.48382352941176
2026-07-16 14:15:13.836,77295.16755970345,23.532755778724972,27.46,28.473960396039605
2026-07-16 14:15:13.936,77510.6091781171,23.5332824605901,27.46,28.46411764705882
2026-07-16 14:15:14.036,77626.49579076313,23.53391684551415,27.46,28.46
2026-07-16 14:15:14.136,77513.50053894635,23.53439546886544,27.46,28.454411764705878
2026-07-16 14:15:14.236,77406.67932756443,23.534624251901114,27.46,28.44455445544554
2026-07-16 14:15:14.336,77401.5827653177,23.53520666002801,27.45465346534653,28.434653465346535
2026-07-16 14:15:14.436,77410.80142627508,23.53495905723508,27.45,28.42485436893204
2026-07-16 14:15:14.536,77396.34656012419,23.535317521304002,27.449999999999996,28.419999999999998
2026-07-16 14:15:14.636,77457.29898490052,23.536122637277593,27.45,28.415247524752477
2026-07-16 14:15:14.736,77492.07913102186,23.536765886213537,27.449999999999996,28.40539215686274
2026-07-16 14:15:14.836,77436.40153149884,23.536990723252714,27.45,28.4
2026-07-16 14:15:14.936,77661.25026324877,23.53793515101875,27.449999999999996,28.395643564356433
2026-07-16 14:15:15.036,77539.06458683537,23.538880300219073,27.449999999999996,28.39
2026-07-16 14:15:15.136,77518.81467428905,23.53981632879145,27.45,28.385940594059406
2026-07-16 14:15:15.236,77596.09469946887,23.54073644715742,27.45,28.379999999999995
2026-07-16 14:15:15.336,77665.71831749659,23.541855183904072,27.45,28.383762376237623
2026-07-16 14:15:15.436,77717.05917365852,23.54326493368236,27.449999999999996,28.389999999999997
2026-07-16 14:15:15.536,77944.3937451591,23.54467762592487,27.449999999999996,28.393529411764703
2026-07-16 14:15:15.636,77687.18448595105,23.546069060880388,27.449999999999996,28.406732673267324
2026-07-16 14:15:15.736,77355.53371901216,23.546357284141504,27.449999999999996,28.423235294117646
2026-07-16 14:15:15.836,77537.14765324545,23.54720186599123,27.449999999999996,28.43920792079208
2026-07-16 14:15:15.936,77621.00836818515,23.548147464224485,27.45,28.46891089108911
2026-07-16 14:15:16.036,77423.29496407718,23.549045834650528,27.45,28.4985294117647
2026-07-16 14:15:16.136,77629.74629933278,23.550723535390368,27.45,28.530693069306924
2026-07-16 14:15:16.236,77508.08893451431,23.551801087530265,27.449999999999996,28.570196078431376
2026-07-16 14:15:16.336,77706.16150649078,23.55395129709656,27.45,28.609504950495065
2026-07-16 14:15:16.436,77684.01593412527,23.556252427373856,27.449999999999996,28.649019607843147
2026-07-16 14:15:16.536,77511.54026817897,23.557766663804372,27.45,28.68831683168317
2026-07-16 14:15:16.636,77366.5964160151,23.55847426099254,27.449999999999996,28.729803921568628
2026-07-16 14:15:16.736,77404.77319480588,23.559191050044298,27.45,28.784117647058842
2026-07-16 14:15:16.836,77757.66546771157,23.560453602248376,27.45,28.857920792079216
2026-07-16 14:15:16.936,77649.31600593087,23.562268246145166,27.45,28.90594059405941
2026-07-16 14:15:17.036,77621.9141785942,23.563517928974132,27.449999999999996,28.945490196078435
2026-07-16 14:15:17.136,77557.76017610684,23.564888259298193,27.449999999999996,28.989504950495046
2026-07-16 14:15:17.236,77515.7300249288,23.566489505906784,27.449999999999996,29.064313725490198
2026-07-16 14:15:17.336,77549.56884344787,23.56787258931393,27.449999999999996,29.103564356435648
2026-07-16 14:15:17.436,77209.23803880271,23.56853149639881,27.45,29.143018867924532
2026-07-16 14:15:17.536,77419.68616130798,23.570507419873664,27.449999999999996,29.180784313725493
2026-07-16 14:15:17.636,77483.26096355393,23.57125641499923,27.45,29.22
2026-07-16 14:15:17.736,77490.61056188084,23.57162560010619,27.449999999999996,29.25960396039605
2026-07-16 14:15:17.836,77480.82978285477,23.57221642637758,27.449999999999996,29.29882352941177
2026-07-16 14:15:17.936,77440.24209342009,23.573153297825396,27.45,29.348019801980204
2026-07-16 14:15:18.036,77331.85129995087,23.573991641499067,27.45,29.3880198019802
2026-07-16 14:15:18.136,77206.48114713427,23.57346746056557,27.449999999999996,29.42725490196078
2026-07-16 14:15:18.236,77191.31970295412,23.57352289797835,27.45,29.466831683168326
2026-07-16 14:15:18.336,77264.6256961278,23.574056270530036,27.449999999999996,29.50607843137255
2026-07-16 14:15:18.436,77277.27050202228,23.574239061225022,27.449999999999996,29.545643564356435
2026-07-16 14:15:18.536,77135.39220455366,23.57375200328674,27.449999999999996,29.584901960784308
2026-07-16 14:15:18.636,76926.42040677459,23.57330473016276,27.449999999999996,29.624455445544548
2026-07-16 14:15:18.736,77156.31662640693,23.572898918948454,27.449999999999996,29.663725490196082
2026-07-16 14:15:18.836,77392.52252134813,23.57347264066577,27.449999999999996,29.70326732673267
2026-07-16 14:15:18.936,77304.72862783298,23.57378850353367,27.45,29.742871287128715
2026-07-16 14:15:19.036,77291.85892481211,23.57441796925709,27.449999999999996,29.782156862745097
2026-07-16 14:15:19.136,77455.1806754986,23.575230201472007,27.45,29.821683168316834
2026-07-16 14:15:19.236,77445.30710453674,23.57515992270792,27.449999999999996,29.860980392156872
2026-07-16 14:15:19.336,77093.77422590568,23.574170289775708,27.449999999999996,29.90049504950496
2026-07-16 14:15:19.436,77265.00132826876,23.574667466120214,27.449999999999996,29.940099009900997
2026-07-16 14:15:19.536,77505.84315508502,23.575264410907927,27.449999999999996,29.979411764705887
2026-07-16 14:15:19.636,77736.6781943263,23.57639535768267,27.450000000000003,30.018910891089114
2026-07-16 14:15:19.736,77759.68284477871,23.577412911223988,27.45,30.058514851485164
2026-07-16 14:15:19.836,77486.88890714696,23.57757481945116,27.449999999999996,30.09784313725491
2026-07-16 14:15:19.936,77582.34858312045,23.57911814941204,27.45,30.137326732673273
2026-07-16 14:15:20.036,77707.77913802325,23.580672424385202,27.449999999999996,30.17666666666667
2026-07-16 14:15:20.136,77281.32486831592,23.58076814552787,27.45,30.23574257425743
2026-07-16 14:15:20.236,77173.50148376712,23.580456836153473,27.449999999999996,30.28574257425744
2026-07-16 14:15:20.336,77508.06492050187,23.580616825132957,27.449999999999996,30.325098039215696
2026-07-16 14:15:20.436,77819.82550766776,23.581477104171505,27.443861386138614,30.364554455445546
2026-07-16 14:15:20.536,77443.0304202944,23.582289538807846,27.446039603960397,30.404158415841586
2026-07-16 14:15:20.636,77320.20617938625,23.58247048859864,27.444117647058825,30.4435294117647
2026-07-16 14:15:20.736,77109.93619320991,23.582633532205215,27.44,30.482970297029713
2026-07-16 14:15:20.836,77322.00151725022,23.58310808515327,27.439999999999998,30.52235294117647
2026-07-16 14:15:20.936,77431.61746932185,23.583753829158177,27.439999999999998,30.56178217821782
2026-07-16 14:15:21.036,77125.32123270658,23.5842386858526,27.439999999999998,30.606732673267324
2026-07-16 14:15:21.136,77050.0666667073,23.58434617028863,27.44,30.645588235294113
2026-07-16 14:15:21.236,77639.76776059608,23.5853865176847,27.439999999999998,30.680198019801985
2026-07-16 14:15:21.336,77633.16585247405,23.58596559555848,27.444901960784314,30.72450980392157
2026-07-16 14:15:21.436,77352.24224909968,23.58609979419633,27.45,30.7690099009901
2026-07-16 14:15:21.536,77271.70250297524,23.58651935399704,27.449999999999996,30.808431372549013
2026-07-16 14:15:21.636,77440.45640327883,23.587297270287234,27.449999999999996,30.847821782178208
2026-07-16 14:15:21.736,77447.43996774852,23.58769693353262,27.45,30.887254901960794
2026-07-16 14:15:21.836,77437.52368266968,23.58806715479292,27.45,30.926470588235304
2026-07-16 14:15:21.936,77429.75218364068,23.588851441436155,27.446039603960394,30.965841584158422
2026-07-16 14:15:22.036,77269.82049056474,23.58894231626167,27.443823529411763,31.00529411764706
2026-07-16 14:15:22.136,77289.77705814474,23.589001624062227,27.446336633663364,31.044653465346535
2026-07-16 14:15:22.236,77329.10314646311,23.589136289084983,27.439999999999998,31.08425742574258
2026-07-16 14:15:22.336,77066.79926981933,23.589070008755343,27.439999999999998,31.12372549019608
2026-07-16 14:15:22.436,77424.35962928375,23.589801707231967,27.439999999999998,31.16294117647059
2026-07-16 14:15:22.536,77431.86951662484,23.590067921604003,27.439999999999998,31.205196078431374
2026-07-16 14:15:22.636,77512.73552024561,23.591331087968754,27.439999999999998,31.25148514851485
2026-07-16 14:15:22.736,77442.17203822755,23.592101276261428,27.439999999999998,31.290980392156868
2026-07-16 14:15:22.836,77435.95426981684,23.592795765684265,27.44,31.330297029702976
2026-07-16 14:15:22.936,77618.58789303851,23.594108426907898,27.442475247524754,31.369900990099012
2026-07-16 14:15:23.036,77158.17065982867,23.594143734831963,27.447647058823527,31.40941176470588
2026-07-16 14:15:23.136,77398.69090014955,23.594174647332757,27.439999999999998,31.448712871287125
2026-07-16 14:15:23.236,77433.89292758719,23.594590422032184,27.439999999999998,31.48831683168317
2026-07-16 14:15:23.336,77366.15822651287,23.59449131250402,27.44,31.527843137254905
2026-07-16 14:15:23.436,77205.5426404539,23.59401875987288,27.439999999999998,31.567128712871288
2026-07-16 14:15:23.536,77096.59622141859,23.593790181449027,27.439999999999998,31.614999999999995
2026-07-16 14:15:23.636,77411.94382726126,23.594318225525303,27.439999999999998,31.6959405940594
2026-07-16 14:15:23.736,77043.12475844291,23.59481664301822,27.44,31.735490196078434
2026-07-16 14:15:23.836,77204.68002278687,23.594885176568486,27.44,31.779411764705902
2026-07-16 14:15:23.936,77197.64675599335,23.59546758066194,27.44,31.85396039603961
2026-07-16 14:15:24.036,77297.6916539331,23.596356284290117,27.44089108910891,31.893564356435647
2026-07-16 14:15:24.136,77606.94531174327,23.59737106497488,27.449999999999996,31.93313725490196
2026-07-16 14:15:24.236,77683.44338616898,23.59864422143545,27.449999999999996,31.97237623762377
2026-07-16 14:15:24.336,77329.75738673532,23.598958778212925,27.449999999999996,32.011980198019806
2026-07-16 14:15:24.436,77306.03376165328,23.598323174720658,27.45,32.05153846153846
2026-07-16 14:15:24.536,77543.85953910419,23.598702388353896,27.45,32.09
2026-07-16 14:15:24.636,77648.05990193725,23.599818757259747,27.45,32.12960396039604
2026-07-16 14:15:24.736,77495.79585392361,23.600812859181914,27.449999999999996,32.16882352941177
2026-07-16 14:15:24.836,77337.49260440777,23.601156819926565,27.45,32.20841584158416
2026-07-16 14:15:24.936,77676.26105792519,23.602431302513438,27.449999999999996,32.247647058823524
2026-07-16 14:15:25.036,77475.9278625971,23.603686210953963,27.44069306930693,32.28722772277227
2026-07-16 14:15:25.136,77240.7844071203,23.604014658433947,27.44,32.326470588235296
2026-07-16 14:15:25.236,77193.15843618615,23.604645000946498,27.440000000000005,32.3660396039604
2026-07-16 14:15:25.336,77351.48221069085,23.605759284655765,27.44882352941176,32.40529411764706
2026-07-16 14:15:25.436,77624.88597144387,23.60693963100652,27.45,32.444851485148526
2026-07-16 14:15:25.536,77983.60503130477,23.608561089538835,27.45,32.48411764705883
2026-07-16 14:15:25.636,77402.8418756067,23.60892716194675,27.441584158415843,32.523663366336635
2026-07-16 14:15:25.736,77097.19264488596,23.60875579411059,27.448316831683172,32.563267326732685
2026-07-16 14:15:25.836,77282.14521950466,23.609163071037365,27.45,32.60254901960785
2026-07-16 14:15:25.936,77412.9209448815,23.609789474876358,27.449999999999996,32.642079207920794
2026-07-16 14:15:26.036,77136.16091166704,23.610029036406836,27.449999999999996,32.681372549019606
2026-07-16 14:15:26.136,77133.56763283911,23.61023215238829,27.45,32.72089108910891
2026-07-16 14:15:26.236,77271.47070411246,23.609891928648704,27.449999999999996,32.76049504950496
2026-07-16 14:15:26.336,77186.63196693224,23.61000958094921,27.449999999999996,32.80725490196079
2026-07-16 14:15:26.436,77132.50070736998,23.61020479867083,27.45,32.849306930693075
2026-07-16 14:15:26.536,77124.05514998488,23.61059935571124,27.45,32.888627450980394
2026-07-16 14:15:26.636,77214.03509151688,23.61136090639424,27.45,32.928118811881184
2026-07-16 14:15:26.736,77529.86245405508,23.612344500283754,27.45,32.96745098039216
2026-07-16 14:15:26.836,77304.21672513387,23.611901276823517,27.449999999999996,33.006930693069314
2026-07-16 14:15:26.936,77278.66271073729,23.612375829769565,27.449999999999996,33.04653465346535
2026-07-16 14:15:27.036,77199.32126306888,23.612256824779188,27.449999999999996,33.11176470588235
2026-07-16 14:15:27.136,77254.40100869848,23.612321535347018,27.449999999999996,33.15900990099009
2026-07-16 14:15:27.236,77381.49241571585,23.612591114318903,27.45,33.182475247524756
2026-07-16 14:15:27.336,77271.79795853142,23.612143969335925,27.449999999999996,33.20823529411765
2026-07-16 14:15:27.436,77137.74103429842,23.611726506367752,27.45,33.2259405940594
2026-07-16 14:15:27.536,77352.7645811245,23.612237143661233,27.45,33.23185924369748
2026-07-16 14:15:27.636,77328.49868729076,23.612801601792768,27.45,33.235010504201675
2026-07-16 14:15:27.736,77139.97710079308,23.61307402714523,27.45,33.23816176470588
2026-07-16 14:15:27.836,77111.80979423056,23.613104249397132,27.450000000000003,33.24131302521008
2026-07-16 14:15:27.936,77386.60799779477,23.61313168414962,27.45,33.24446428571429
2026-07-16 14:15:28.036,77128.39195115145,23.613156600167837,27.45,33.24761554621848
2026-07-16 14:15:28.136,77240.00672641912,23.612774935699115,27.450000000000003,33.25076680672269
2026-07-16 14:15:28.236,77180.08428388464,23.612719737206206,27.450000000000003,33.25391806722689
2026-07-16 14:15:28.336,77270.30234507205,23.612760533570814,27.450000000000003,33.25706932773109
2026-07-16 14:15:28.436,77461.45233860603,23.61294879174775,27.45,33.26
2026-07-16 14:15:28.536,77487.51552888477,23.61328545818195,27.449999999999996,33.25999999999999
2026-07-16 14:15:28.636,77134.04625423184,23.61330934727068,27.45,33.26
2026-07-16 14:15:28.736,77349.94292832332,23.614056404147803,27.449999999999996,33.25999999999999
2026-07-16 14:15:28.836,77495.66030185086,23.614812311738575,27.45,33.26009900990098
2026-07-16 14:15:28.936,77613.40660887721,23.615833396739333,27.45,33.27
2026-07-16 14:15:29.036,77680.86847821798,23.61703173579124,27.45,33.27
2026-07-16 14:15:29.136,77663.9464932101,23.618022739161496,27.449999999999996,33.27
2026-07-16 14:15:29.236,77568.43236846756,23.618346446120622,27.45,33.27940594059406
2026-07-16 14:15:29.336,77660.04573897488,23.61954779700322,27.45,33.28
2026-07-16 14:15:29.436,77481.62565409948,23.619872342123962,27.45,33.28
2026-07-16 14:15:29.536,77402.80629061276,23.6203729368792,27.449999999999996,33.28881188118812
2026-07-16 14:15:29.636,77400.65868659383,23.62077263802429,27.449999999999996,33.28999999999999
2026-07-16 14:15:29.736,77369.6965611915,23.621033053673578,27.45,33.29
2026-07-16 14:15:29.836,77272.02863890148,23.621660245117642,27.449999999999996,33.29841584158416
2026-07-16 14:15:29.936,77389.84908207641,23.622692526731765,27.45,33.3
2026-07-16 14:15:30.036,77276.50819147943,23.623716653868538,27.449999999999996,33.3
2026-07-16 14:15:30.136,77072.37564581913,23.623970587096412,27.449999999999996,33.307941176470585
2026-07-16 14:15:30.236,77153.32043337572,23.624182749147703,27.45,33.31
2026-07-16 14:15:30.336,77273.70669631424,23.624455939785765,27.45,33.31
2026-07-16 14:15:30.436,77020.83839978819,23.624453413823698,27.45,33.31754901960784
2026-07-16 14:15:30.536,77379.41376959562,23.6248496492065,27.449999999999996,33.32735294117647
2026-07-16 14:15:30.636,77165.59067498337,23.62478753471912,27.450000000000003,33.33
2026-07-16 14:15:30.736,77204.47586631408,23.624709483128136,27.45,33.33712871287129
2026-07-16 14:15:30.836,77128.35964052062,23.624396167219295,27.449999999999996,33.34
2026-07-16 14:15:30.936,76940.57601224585,23.6239125436633,27.45,33.34
2026-07-16 14:15:31.036,76861.78934922602,23.62352735922683,27.449999999999996,33.346732673267326
2026-07-16 14:15:31.136,76967.33498888547,23.623509517380366,27.449999999999996,33.35
2026-07-16 14:15:31.236,77103.74250116681,23.6230847303408,27.449999999999996,33.35643564356436
2026-07-16 14:15:31.336,77209.25696148117,23.62333271909557,27.449999999999996,33.36
2026-07-16 14:15:31.436,77178.24596463772,23.623226025895896,27.449999999999996,33.36617647058823
2026-07-16 14:15:31.536,77117.10463104601,23.622981902972928,27.450000000000003,33.37
2026-07-16 14:15:31.636,77148.82574457146,23.622988750422586,27.449999999999996,33.36999999999999
2026-07-16 14:15:31.736,77270.49742507111,23.623042382438694,27.45,33.37574257425743
2026-07-16 14:15:31.836,77620.2210766951,23.624172779174067,27.449999999999996,33.379999999999995
2026-07-16 14:15:31.936,77476.15059426222,23.624295764776967,27.449999999999996,33.38544554455446
2026-07-16 14:15:32.036,77469.74855857676,23.62450569917592,27.449999999999996,33.38999999999999
2026-07-16 14:15:32.136,77475.37475337402,23.624842858679635,27.449999999999996,33.39
2026-07-16 14:15:32.236,77460.45117437221,23.625276380593522,27.449999999999996,33.39504950495049
2026-07-16 14:15:32.336,77645.58089027951,23.625949313396863,27.45,33.4
2026-07-16 14:15:32.436,77283.40233623327,23.626236022667552,27.449999999999996,33.40480392156863
2026-07-16 14:15:32.536,77468.77406252071,23.62650593789884,27.449999999999996,33.41
2026-07-16 14:15:32.636,77606.1335153842,23.62733470766203,27.449999999999996,33.41445544554455
2026-07-16 14:15:32.736,77526.71705660103,23.627962480295064,27.45,33.42
2026-07-16 14:15:32.836,77167.99972987267,23.627895394451404,27.45,33.42415841584159
2026-07-16 14:15:32.936,76654.79592439036,23.627123355069106,27.450000000000003,33.43
2026-07-16 14:15:33.036,76769.15558161467,23.62559406498514,27.449999999999996,33.42999999999999
2026-07-16 14:15:33.136,76569.63932054427,23.623500484914388,27.45,33.433762376237624
2026-07-16 14:15:33.236,76361.73336197644,23.620370642710242,27.45,33.44
2026-07-16 14:15:33.336,76010.36424958816,23.61543491740917,27.449999999999996,33.43999999999999
2026-07-16 14:15:33.436,75847.7881061111,23.60956693047466,27.449999999999996,33.44336538461538
2026-07-16 14:15:33.536,76109.36400946365,23.60370282076634,27.449999999999996,33.45
2026-07-16 14:15:33.636,75878.21944739972,23.595947784717502,27.449999999999996,33.452871287128715
2026-07-16 14:15:33.736,75650.24355178411,23.588017484525736,27.449999999999996,33.459999999999994
2026-07-16 14:15:33.836,75894.74799378097,23.581667203056384,27.449999999999996,33.459999999999994
2026-07-16 14:15:33.936,76044.19430869597,23.574593566193272,27.449999999999996,33.46
2026-07-16 14:15:34.036,76294.17810095474,23.569109225371285,27.449999999999996,33.46
2026-07-16 14:15:34.136,76762.98176280547,23.56681006142131,27.449999999999996,33.46
2026-07-16 14:15:34.236,76767.93886838746,23.5639146369784,27.45,33.46
2026-07-16 14:15:34.336,77021.26411360606,23.561652867663355,27.449999999999996,33.45803921568627
2026-07-16 14:15:34.436,77186.42831992763,23.557788530244824,27.45,33.44821782178218
2026-07-16 14:15:34.536,77226.6340139883,23.555571706665297,27.449999999999996,33.44
2026-07-16 14:15:34.636,77232.81398052738,23.55353970246521,27.449999999999996,33.43843137254902
2026-07-16 14:15:34.736,77349.59930931573,23.551442288634018,27.449999999999996,33.42861386138613
2026-07-16 14:15:34.836,77648.88444800918,23.55203827768922,27.45,33.418725490196074
2026-07-16 14:15:34.936,77409.03230445166,23.551554036461898,27.449999999999996,33.4089108910891
2026-07-16 14:15:35.036,77390.61804825967,23.54955095598131,27.449999999999996,33.399009900990094
2026-07-16 14:15:35.136,77222.33354690271,23.548137179582746,27.449999999999996,33.38999999999999
2026-07-16 14:15:35.236,77161.22389920148,23.547164055331606,27.45,33.38930693069307
2026-07-16 14:15:35.336,77320.21342541648,23.546835228508954,27.449999999999996,33.38
2026-07-16 14:15:35.436,77527.55701481331,23.54755573770385,27.449999999999996,33.37960396039603
2026-07-16 14:15:35.536,77556.21208984886,23.546745772515287,27.449999999999996,33.36970588235293
2026-07-16 14:15:35.636,77544.41661849504,23.54746092425637,27.45,33.36
2026-07-16 14:15:35.736,77545.10007514329,23.54713032810257,27.449999999999996,33.36
2026-07-16 14:15:35.836,77416.04105777058,23.546818691000112,27.449999999999996,33.35009900990099
2026-07-16 14:15:35.936,77339.32140247968,23.5471048844678,27.449999999999996,33.34029411764706
2026-07-16 14:15:36.036,77552.01194525439,23.54769547644111,27.45,33.330396039603954
2026-07-16 14:15:36.136,77687.53058459685,23.54768510390672,27.449999999999996,33.32999999999999
2026-07-16 14:15:36.236,77692.72338782683,23.548254778592188,27.449999999999996,33.32069306930693
2026-07-16 14:15:36.336,77689.12469502073,23.54879953061264,27.45,33.31079207920792
2026-07-16 14:15:36.436,77607.98961432348,23.549639220616093,27.449999999999996,33.30098039215686
2026-07-16 14:15:36.536,77532.97242532362,23.550207662717888,27.449999999999996,33.3
2026-07-16 14:15:36.636,77494.26543618836,23.550042719719947,27.45,33.29135922330097
2026-07-16 14:15:36.736,77258.69907800257,23.549910427026443,27.449999999999996,33.28156862745098
2026-07-16 14:15:36.836,77728.54289404166,23.550833654609516,27.449999999999996,33.28
2026-07-16 14:15:36.936,77709.92760555388,23.551726743056737,27.45,33.27186274509804
2026-07-16 14:15:37.036,77577.42343494328,23.552585914010024,27.449999999999996,33.26205882352941
2026-07-16 14:15:37.136,77558.55821787538,23.55340788905481,27.449999999999996,33.25217821782178
2026-07-16 14:15:37.236,77621.21899318905,23.55419026265762,27.449999999999996,33.24999999999999
2026-07-16 14:15:37.336,77477.21831674005,23.554897918497986,27.449999999999996,33.2349019607843
2026-07-16 14:15:37.436,77335.77995031246,23.555025013308597,27.45,33.22257425742574
2026-07-16 14:15:37.536,77498.02719284702,23.556520693265586,27.449999999999996,33.21999999999999
2026-07-16 14:15:37.636,77620.8180332258,23.55786523504107,27.449999999999996,33.21287128712871
2026-07-16 14:15:37.736,77546.72220564658,23.558423269789216,27.449999999999996,33.2029702970297
2026-07-16 14:15:37.836,77291.40249550474,23.558334093027973,27.45,33.193137254901956
2026-07-16 14:15:37.936,77007.74565764124,23.558199268402067,27.449999999999996,33.19
2026-07-16 14:15:38.036,76812.42710765515,23.55759372521976,27.449999999999996,33.183431372549016
2026-07-16 14:15:38.136,76846.32415638417,23.557514072915467,27.449999999999996,33.17356435643564
2026-07-16 14:15:38.236,76767.51891368478,23.557487387560307,27.449999999999996,33.17
2026-07-16 14:15:38.336,76448.50844592362,23.55771392179667,27.449999999999996,33.16382352941176
2026-07-16 14:15:38.436,76162.59582211304,23.55831322620881,27.450000000000003,33.16
2026-07-16 14:15:38.536,76197.23359666712,23.559201211021474,27.45,33.154059405940586
2026-07-16 14:15:38.636,75837.27860690732,23.560075567208518,27.449999999999996,33.14421568627451
2026-07-16 14:15:38.736,75602.89389899484,23.559954639570964,27.45,33.13435643564356
2026-07-16 14:15:38.836,75706.13350314797,23.560174116510673,27.449999999999996,33.129999999999995
2026-07-16 14:15:38.936,75793.20083388416,23.560495666903964,27.449999999999996,33.124607843137255
2026-07-16 14:15:39.036,75790.93169368937,23.5607960382545,27.45,33.11475247524752
2026-07-16 14:15:39.136,75687.26399905887,23.560901731746146,27.449999999999996,33.104851485148515
2026-07-16 14:15:39.236,75174.32042241473,23.560256587388665,27.449999999999996,33.099999999999994
2026-07-16 14:15:39.336,75254.23293192752,23.560561979716926,27.449999999999996,33.09514851485149
2026-07-16 14:15:39.436,75039.7900443627,23.560848196375094,27.45,33.085247524752475
2026-07-16 14:15:39.536,74584.6510394504,23.560841130204377,27.449999999999996,33.07539215686274
2026-07-16 14:15:39.636,74173.0910293929,23.56066312878462,27.449999999999996,33.06999999999999
2026-07-16 14:15:39.736,74010.50663937507,23.560596413185024,27.45,33.0656862745098
2026-07-16 14:15:39.836,73994.05433905305,23.560858432230418,27.45,33.055841584158415
2026-07-16 14:15:39.936,73698.32274148706,23.56110339139548,27.450000000000003,33.0459405940594
2026-07-16 14:15:40.036,73124.02444674447,23.560643704032024,27.449999999999996,33.036078431372545
2026-07-16 14:15:40.136,72938.66000102901,23.560624527938167,27.45,33.03
2026-07-16 14:15:40.236,72816.38766051212,23.560688024657935,27.45,33.02633663366336
2026-07-16 14:15:40.336,72506.61441052452,23.56064177731225,27.449999999999996,33.01647058823529
2026-07-16 14:15:40.436,72171.33324224784,23.560924164964092,27.449999999999996,33.01
2026-07-16 14:15:40.536,71857.69631445651,23.56154880863535,27.45,33.0085294117647
2026-07-16 14:15:40.636,71643.40207843992,23.56180042130645,27.45,32.998712871287125
2026-07-16 14:15:40.736,71297.09735389755,23.56199956450274,27.45,32.98882352941176
2026-07-16 14:15:40.836,70865.03311461555,23.561985812193605,27.45,32.97900990099009
2026-07-16 14:15:40.936,70504.08045201487,23.56178155162269,27.449999999999996,32.96910891089109
2026-07-16 14:15:41.036,70325.8324277249,23.56153776271194,27.449999999999996,32.96
2026-07-16 14:15:41.136,70043.23253228648,23.560979821701817,27.45,32.95940594059406
2026-07-16 14:15:41.236,69821.86924696984,23.56116294591923,27.449999999999996,32.94950495049505
2026-07-16 14:15:41.336,69485.26676547284,23.561091652458817,27.45,32.94
2026-07-16 14:15:41.436,69079.89039314046,23.56071836347659,27.45,32.93980198019802
2026-07-16 14:15:41.536,68633.36013538376,23.56018922209976,27.45,32.929901960784306
2026-07-16 14:15:41.636,68247.3886407273,23.559738927187816,27.45,32.92009803921569
2026-07-16 14:15:41.736,68279.92230672637,23.55962429755541,27.449999999999996,32.92
2026-07-16 14:15:41.836,67705.25117618624,23.55876048363953,27.45,32.91039215686274
2026-07-16 14:15:41.936,67802.6704811478,23.558857621210905,27.449999999999996,32.90058823529411
2026-07-16 14:15:42.036,67560.68807199312,23.55869291744468,27.45,32.89069306930693
2026-07-16 14:15:42.136,67319.71424824093,23.55872271144274,27.449999999999996,32.89
2026-07-16 14:15:42.236,67357.0967428995,23.559397483635745,27.45,32.88099009900991
2026-07-16 14:15:42.336,66740.38780485412,23.559755464477686,27.449999999999996,32.871176470588225
2026-07-16 14:15:42.436,66863.93983821625,23.560920128158152,27.45,32.86128712871287
2026-07-16 14:15:42.536,66672.9087191539,23.56133083272751,27.45,32.85379204892966
2026-07-16 14:15:42.636,66321.48428103872,23.561285949196048,27.45,32.84665647298675
2026-07-16 14:15:42.736,66092.9489627821,23.561489639524595,27.45,32.839520897043826
2026-07-16 14:15:42.836,65972.6432454043,23.561811888724023,27.450000000000003,32.832385321100915
2026-07-16 14:15:42.936,65596.75881946816,23.56122198894095,27.450000000000003,32.825249745158004
2026-07-16 14:15:43.036,65466.23513984618,23.561957079527083,27.449999999999996,32.818114169215086
2026-07-16 14:15:43.136,65229.39210687118,23.561814719675667,27.450000000000003,32.810978593272175
2026-07-16 14:15:43.236,65019.937009748326,23.562543752323478,27.45,32.80384301732926
2026-07-16 14:15:43.336,64704.24006326329,23.562958221825145,27.45,32.79670744138634
2026-07-16 14:15:43.436,64314.04950182491,23.562795904048254,27.45,32.789411764705875
2026-07-16 14:15:43.536,64021.35290525249,23.562816879602,27.450000000000003,32.77960396039604
2026-07-16 14:15:43.636,63663.66870465783,23.56157614254174,27.45,32.77
2026-07-16 14:15:43.736,63790.236763115856,23.561265130933293,27.449999999999996,32.76990099009901
2026-07-16 14:15:43.836,63418.51823184667,23.560677874886288,27.449999999999996,32.75999999999999
2026-07-16 14:15:43.936,63324.841493044456,23.56026018490132,27.449999999999996,32.750099009900985
2026-07-16 14:15:44.036,63353.39989437004,23.56009019178554,27.449999999999996,32.75
2026-07-16 14:15:44.136,62977.08056949572,23.559934239487713,27.45,32.730792079207916
2026-07-16 14:15:44.236,62961.03501148692,23.559791198295663,27.449999999999996,32.72999999999999
2026-07-16 14:15:44.336,62683.130741993984,23.560525538732648,27.449999999999996,32.720693069306925
2026-07-16 14:15:44.436,62473.93140213915,23.560189857610524,27.45,32.71097087378641
2026-07-16 14:15:44.536,62447.45804809101,23.560398970377975,27.449999999999996,32.71
2026-07-16 14:15:44.636,62453.94094268115,23.560795351883623,27.449999999999996,32.70127450980392
2026-07-16 14:15:44.736,62291.01777442287,23.56050436224594,27.45,32.69147058823529
2026-07-16 14:15:44.836,61938.28746236819,23.55986849966808,27.449999999999996,32.69
2026-07-16 14:15:44.936,61907.80818182285,23.559725606911655,27.449999999999996,32.68168316831682
2026-07-16 14:15:45.036,61745.56095870452,23.559594274310182,27.449999999999996,32.67186274509804
2026-07-16 14:15:45.136,61562.56229811651,23.559473083546173,27.450000000000003,32.67
2026-07-16 14:15:45.236,61409.326673938485,23.559361038781002,27.449999999999996,32.66215686274509
2026-07-16 14:15:45.336,61254.51323769363,23.559360322946695,27.45,32.65227722772277
2026-07-16 14:15:45.436,61021.53910298166,23.559642616530372,27.45,32.64999999999999
2026-07-16 14:15:45.536,61105.13669703146,23.559530917866518,27.449999999999996,32.64264705882353
2026-07-16 14:15:45.636,60840.4358272004,23.559427224175575,27.450000000000003,32.63277227722772
2026-07-16 14:15:45.736,60697.48080890206,23.55907397957143,27.449999999999996,32.62294117647058
2026-07-16 14:15:45.836,60762.0171739337,23.558985992522082,27.450000000000003,32.62
2026-07-16 14:15:45.936,60833.07688517289,23.559292357277215,27.45,32.613168316831675
2026-07-16 14:15:46.036,60632.881278312314,23.559626949107084,27.449999999999996,32.603333333333325
2026-07-16 14:15:46.136,60624.191801737375,23.560288580563977,27.45,32.6
2026-07-16 14:15:46.236,60341.450468066876,23.560215430522007,27.449999999999996,32.59356435643564
2026-07-16 14:15:46.336,60201.229251474266,23.560083042422157,27.449999999999996,32.58372549019607
2026-07-16 14:15:46.436,60078.24810339592,23.56016033454714,27.449999999999996,32.57386138613861
2026-07-16 14:15:46.536,59951.306664237025,23.560284842227784,27.449999999999996,32.57
2026-07-16 14:15:46.636,59887.65800151541,23.560210899399433,27.449999999999996,32.56415841584158
2026-07-16 14:15:46.736,59787.595805447854,23.560453888112875,27.449999999999996,32.55431372549019
2026-07-16 14:15:46.836,59775.21155385778,23.560337261780816,27.449999999999996,32.54445544554455
2026-07-16 14:15:46.936,59574.689758978406,23.56048429630635,27.449999999999996,32.53999999999999
2026-07-16 14:15:47.036,59373.56317388884,23.56050527398228,27.45,32.53475247524753
2026-07-16 14:15:47.136,59174.70109291526,23.560244148513107,27.449999999999996,32.52485148514852
2026-07-16 14:15:47.236,59006.4882656696,23.559918148112786,27.449999999999996,32.519999999999996
2026-07-16 14:15:47.336,59216.15547826247,23.560163714529907,27.449999999999996,32.51514851485148
2026-07-16 14:15:47.436,59106.32399348581,23.56004684556493,27.45,32.505339805825244
2026-07-16 14:15:47.536,58884.45866309451,23.55993640554614,27.45,32.5
2026-07-16 14:15:47.636,58880.32758685133,23.560040726712636,27.449999999999996,32.4913725490196
2026-07-16 14:15:47.736,58827.14130286107,23.560125397435662,27.45,32.47584158415841
2026-07-16 14:15:47.836,58575.535393370454,23.55993712391851,27.449999999999996,32.47
2026-07-16 14:15:47.936,58511.71510900946,23.55952272143127,27.45,32.466078431372544
2026-07-16 14:15:48.036,58401.167969599075,23.55943339786575,27.45,32.45623762376238
2026-07-16 14:15:48.136,58397.01893715512,23.559349258936365,27.449999999999996,32.45
2026-07-16 14:15:48.236,58404.79516837445,23.5592696494173,27.449999999999996,32.44653465346534
2026-07-16 14:15:48.336,58323.94712778748,23.559342811222756,27.449999999999996,32.43663366336633
2026-07-16 14:15:48.436,58193.78057851417,23.559490423270667,27.449999999999996,32.42676470588235
2026-07-16 14:15:48.536,58175.9817882202,23.559437120957902,27.449999999999996,32.42
2026-07-16 14:15:48.636,58149.565433710944,23.559665746712174,27.449999999999996,32.41705882352941
2026-07-16 14:15:48.736,57951.41313694347,23.559609911262456,27.449999999999996,32.40722772277227
2026-07-16 14:15:48.836,57894.703039493805,23.55952706948263,27.449999999999996,32.397352941176464
2026-07-16 14:15:48.936,57907.57117032587,23.559448189946544,27.449999999999996,32.39
2026-07-16 14:15:49.036,57838.424007408285,23.559278256965086,27.45,32.387623762376236
2026-07-16 14:15:49.136,57617.7204714892,23.558918403135795,27.449999999999996,32.37774509803921
2026-07-16 14:15:49.236,57548.99463499063,23.558559638505784,27.45,32.37
2026-07-16 14:15:49.336,57542.132657373106,23.558494060988913,27.450000000000003,32.368019801980196
2026-07-16 14:15:49.436,57583.02498348475,23.558897582225,27.449999999999996,32.358137254901955
2026-07-16 14:15:49.536,57551.99733506428,23.55927592357792,27.449999999999996,32.348333333333336
2026-07-16 14:15:49.636,57416.89151230533,23.559399922033094,27.45,32.34
2026-07-16 14:15:49.736,57240.7685631693,23.55926311428352,27.45,32.33862745098039
2026-07-16 14:15:49.836,57163.48993807365,23.558876527007648,27.45,32.32882352941176
2026-07-16 14:15:49.936,57509.466342373846,23.560073987053443,27.45,32.319009900990096
2026-07-16 14:15:50.036,57330.36753759963,23.56051072265496,27.449999999999996,32.30911764705883
2026-07-16 14:15:50.136,57071.74339125458,23.560069977799586,27.45,32.299306930693064
2026-07-16 14:15:50.236,57036.72529491325,23.55968069825392,27.449999999999996,32.29
2026-07-16 14:15:50.336,57155.39444271796,23.559879984343482,27.449999999999996,32.289603960396036
2026-07-16 14:15:50.436,56898.17608420048,23.55975929104776,27.449999999999996,32.279705882352935
2026-07-16 14:15:50.536,56678.91073923935,23.55964788465145,27.45,32.27
2026-07-16 14:15:50.636,56583.778376371294,23.55922862103167,27.45,32.27
2026-07-16 14:15:50.736,56647.51311220342,23.55900993384375,27.449999999999996,32.260198019801976
2026-07-16 14:15:50.836,56772.421435156226,23.559101204938276,27.45,32.25029702970297
2026-07-16 14:15:50.936,56693.48193909851,23.559290576068932,27.45,32.25
2026-07-16 14:15:51.036,56178.83039576578,23.559259163599044,27.45,32.23118811881188
2026-07-16 14:15:51.136,56553.5128861766,23.559890432678152,27.45,32.22999999999999
2026-07-16 14:15:51.236,56649.20911486918,23.55985679613483,27.449999999999996,32.220882352941175
2026-07-16 14:15:51.336,56485.9124827162,23.560000997331624,27.450000000000003,32.210990099009905
2026-07-16 14:15:51.436,56364.925779717014,23.560067432257803,27.449999999999996,32.21
2026-07-16 14:15:51.536,56360.24876264249,23.559951058016843,27.45,32.202778904665315
2026-07-16 14:15:51.636,56336.23838017945,23.559884276327633,27.45,32.194665314401625
2026-07-16 14:15:51.736,56469.399486337476,23.560125658569284,27.449999999999996,32.18655172413793
2026-07-16 14:15:51.836,56266.3101308302,23.560036147119305,27.45,32.17843813387424
2026-07-16 14:15:51.936,56225.828296811764,23.56042620610742,27.45,32.17032454361055
2026-07-16 14:15:52.036,56233.23855726882,23.560798791837996,27.449999999999996,32.16221095334686
2026-07-16 14:15:52.136,56140.756904946895,23.561010870051135,27.449999999999996,32.15409736308317
2026-07-16 14:15:52.236,55953.6041235524,23.561155368266515,27.449999999999996,32.14598377281948
2026-07-16 14:15:52.336,56053.826098923775,23.56100362918618,27.449999999999996,32.13787018255578
2026-07-16 14:15:52.436,56069.37680118269,23.561524551240424,27.449999999999996,32.12970588235294
2026-07-16 14:15:52.536,55926.45236975252,23.561223884631357,27.45,32.12
2026-07-16 14:15:52.636,55873.81097677752,23.560918274072755,27.449999999999996,32.11999999999999
2026-07-16 14:15:52.736,55780.36255277279,23.56047616500108,27.449999999999996,32.110196078431365
2026-07-16 14:15:52.836,55582.70152521097,23.559687986454854,27.45,32.10029702970297
2026-07-16 14:15:52.936,55703.99015170998,23.5591826153645,27.45,32.1
2026-07-16 14:15:53.036,55503.422010228256,23.55869099640006,27.449999999999996,32.09058823529412
2026-07-16 14:15:53.136,55593.517368817134,23.55855128909129,27.45,32.080693069306925
2026-07-16 14:15:53.236,55564.32036934633,23.55823677683664,27.45,32.08
2026-07-16 14:15:53.336,55567.02392698562,23.55796891781285,27.449999999999996,32.07098039215686
2026-07-16 14:15:53.436,55649.26385586308,23.558027341981727,27.449999999999996,32.06126213592233
2026-07-16 14:15:53.536,55520.14126690072,23.55836958144971,27.45,32.06
2026-07-16 14:15:53.636,55769.30118747237,23.55869741509174,27.449999999999996,32.051568627450976
2026-07-16 14:15:53.736,55622.76950688255,23.558677658172122,27.45,32.04168316831682
2026-07-16 14:15:53.836,55599.11665924416,23.558360653955653,27.45,32.04
2026-07-16 14:15:53.936,55611.55377162954,23.558120221493674,27.449999999999996,32.03196078431372
2026-07-16 14:15:54.036,55552.39056043386,23.55796809006896,27.45,32.02207920792079
2026-07-16 14:15:54.136,55437.13527826793,23.557568397115748,27.449999999999996,32.02
2026-07-16 14:15:54.236,55313.19615250937,23.557179129266554,27.449999999999996,32.012376237623755
2026-07-16 14:15:54.336,55466.9863065049,23.557143347749395,27.449999999999996,32.00247524752475
2026-07-16 14:15:54.436,55476.00498668221,23.55739732631453,27.45,31.99271844660194
2026-07-16 14:15:54.536,55356.164319445175,23.557548333182083,27.449999999999996,31.98287128712871
2026-07-16 14:15:54.636,55230.00218448485,23.5575285092402,27.45,31.9729702970297
2026-07-16 14:15:54.736,55225.42323494114,23.55756148630391,27.45,31.97
2026-07-16 14:15:54.836,55364.906928191514,23.557875351107946,27.449999999999996,31.963267326732673
2026-07-16 14:15:54.936,55535.46261997595,23.55850297733483,27.449999999999996,31.95343137254902
2026-07-16 14:15:55.036,55419.3187081901,23.558875992615715,27.449999999999996,31.943564356435644
2026-07-16 14:15:55.136,55331.83969727534,23.55895586731269,27.449999999999996,31.939999999999998
2026-07-16 14:15:55.236,55284.471401896364,23.558748417016318,27.449999999999996,31.93382352941176
2026-07-16 14:15:55.336,55190.11683011293,23.55840629510555,27.450000000000003,31.923960396039604
2026-07-16 14:15:55.436,55164.0288845165,23.558357168786884,27.449999999999996,31.91411764705882
2026-07-16 14:15:55.536,55129.95033838197,23.5586504726772,27.45,31.91
2026-07-16 14:15:55.636,55121.44158507279,23.558654102783613,27.449999999999996,31.904411764705877
2026-07-16 14:15:55.736,55108.84456072317,23.55859590116265,27.45,31.89455445544554
2026-07-16 14:15:55.836,54978.04857896056,23.55826063779711,27.449999999999996,31.89
2026-07-16 14:15:55.936,54783.38834597755,23.557727570609483,27.449999999999996,31.88485148514851
2026-07-16 14:15:56.036,54846.84534992994,23.557719245034807,27.449999999999996,31.8749504950495
2026-07-16 14:15:56.136,54993.678092051225,23.5580295472698,27.449999999999996,31.86509803921568
2026-07-16 14:15:56.236,55091.369291943905,23.55833120317726,27.449999999999996,31.86
2026-07-16 14:15:56.336,55166.47223892654,23.558624383801483,27.449999999999996,31.85539215686274
2026-07-16 14:15:56.436,55107.119276252284,23.558744713253482,27.449999999999996,31.845588235294116
2026-07-16 14:15:56.536,54983.91533870123,23.55887397801832,27.449999999999996,31.839999999999996
2026-07-16 14:15:56.636,55035.62999169707,23.559444814948712,27.45,31.835940594059405
2026-07-16 14:15:56.736,55014.36997207518,23.559706953089734,27.45,31.826078431372544
2026-07-16 14:15:56.836,54922.3325889361,23.559640616921136,27.45,31.819999999999997
2026-07-16 14:15:56.936,54961.08732051138,23.5593013421542,27.449999999999996,31.816372549019604
2026-07-16 14:15:57.036,54982.04856278366,23.55923810724657,27.45,31.806534653465345
2026-07-16 14:15:57.136,54898.648445378305,23.5593911853505,27.449999999999996,31.799999999999997
2026-07-16 14:15:57.236,54768.518740932705,23.559351552726998,27.449999999999996,31.796764705882346
2026-07-16 14:15:57.336,54819.46661596333,23.55960970887154,27.449999999999996,31.7869306930693
2026-07-16 14:15:57.436,54740.78080981631,23.55953345626649,27.449999999999996,31.77705882352941
2026-07-16 14:15:57.536,54831.226689041956,23.559696734737198,27.450000000000003,31.77
2026-07-16 14:15:57.636,54786.040847187425,23.559935520230706,27.449999999999996,31.76735294117647
2026-07-16 14:15:57.736,54699.505186203576,23.56016608937357,27.45,31.75752475247524
2026-07-16 14:15:57.836,54782.61257603242,23.5603884848742,27.449999999999996,31.75
2026-07-16 14:15:57.936,54858.21040193798,23.56060273394928,27.449999999999996,31.745686274509797
2026-07-16 14:15:58.036,54690.61592445747,23.559825578348686,27.450000000000003,31.7280198019802
2026-07-16 14:15:58.136,54757.506169689106,23.560167655151524,27.449999999999996,31.719999999999995
2026-07-16 14:15:58.236,54858.97576937794,23.560784728504558,27.449999999999996,31.718316831683165
2026-07-16 14:15:58.336,54831.32357117989,23.561235355837184,27.449999999999996,31.708431372549015
2026-07-16 14:15:58.436,54760.744059478806,23.561718602365524,27.449999999999996,31.699999999999996
2026-07-16 14:15:58.536,55043.07568168897,23.56301018186927,27.449999999999996,31.697450980392155
2026-07-16 14:15:58.636,54634.51760248159,23.56273133077954,27.449999999999996,31.678910891089107
2026-07-16 14:15:58.736,54616.5415466307,23.562836220665307,27.449999999999996,31.669999999999998
2026-07-16 14:15:58.836,54468.72863385993,23.56217420999726,27.449999999999996,31.66920792079208
2026-07-16 14:15:58.936,54486.49864538076,23.56191090264229,27.45,31.659306930693067
2026-07-16 14:15:59.036,54790.237920056534,23.562596972346213,27.449999999999996,31.64999999999999
2026-07-16 14:15:59.136,54956.50083697041,23.563104088728245,27.45,31.64960396039604
2026-07-16 14:15:59.236,54281.35601007832,23.5618380600375,27.449999999999996,31.639705882352935
2026-07-16 14:15:59.336,54409.206888229746,23.561935390493904,27.45,31.63
2026-07-16 14:15:59.436,54527.37486394301,23.562178676516847,27.449999999999996,31.629999999999995
2026-07-16 14:15:59.536,54387.73305732243,23.562157263741405,27.45,31.620196078431373
2026-07-16 14:15:59.636,54260.907597099475,23.561896733464792,27.45,31.610392156862744
2026-07-16 14:15:59.736,54539.76438382715,23.561654677982382,27.449999999999996,31.600588235294115
2026-07-16 14:15:59.836,54436.93065765535,23.56143079406754,27.449999999999996,31.599999999999998
2026-07-16 14:15:59.936,54726.901495122074,23.561638754121695,27.449999999999996,31.590882352941172
2026-07-16 14:16:00.036,54619.57292090474,23.56218362461125,27.450000000000003,31.5809900990099
2026-07-16 14:16:00.136,54410.19699651325,23.562331124716252,27.449999999999996,31.579999999999995
2026-07-16 14:16:00.236,54450.09926336241,23.562240712692756,27.449999999999996,31.571274509803917
2026-07-16 14:16:00.336,54734.51451817456,23.562363154289056,27.45,31.561386138613855
2026-07-16 14:16:00.436,54385.02639211247,23.56212340631181,27.449999999999996,31.551568627450976
2026-07-16 14:16:00.536,54362.820161582385,23.56190061117581,27.449999999999996,31.549999999999997
2026-07-16 14:16:00.636,54494.98350577556,23.562010701924763,27.449999999999996,31.541862745098037
2026-07-16 14:16:00.736,54508.72545077653,23.561963202510164,27.449999999999996,31.5319801980198
2026-07-16 14:16:00.836,54481.078660366846,23.56191575210963,27.449999999999996,31.53
2026-07-16 14:16:00.936,54460.40006963889,23.561855999584868,27.45,31.52227722772277
2026-07-16 14:16:01.036,54139.845097105506,23.560912568717395,27.449999999999996,31.512450980392153
2026-07-16 14:16:01.136,54199.998150692976,23.560741925041544,27.449999999999996,31.51
2026-07-16 14:16:01.236,54474.79560862147,23.561255974775534,27.45,31.50267326732673
2026-07-16 14:16:01.336,54434.18166268054,23.561360369143035,27.45,31.485686274509803
2026-07-16 14:16:01.436,54373.714921860636,23.561354519944988,27.45,31.479999999999997
2026-07-16 14:16:01.536,54485.02162755037,23.5615762731405,27.449999999999996,31.473137254901957
2026-07-16 14:16:01.636,54461.225332690294,23.561757809323588,27.449999999999996,31.463267326732673
2026-07-16 14:16:01.736,54290.04781956834,23.56156098334633,27.449999999999996,31.46
2026-07-16 14:16:01.836,54405.70842607566,23.56171410072706,27.449999999999996,31.453564356435642
2026-07-16 14:16:01.936,54381.17044748753,23.561906245619703,27.449999999999996,31.44366336633663
2026-07-16 14:16:02.036,54465.31158005284,23.562088199439486,27.449999999999996,31.439999999999998
2026-07-16 14:16:02.136,54597.05153398962,23.56226052002073,27.450000000000003,31.433960396039602
2026-07-16 14:16:02.236,54430.227209150464,23.56254559151506,27.449999999999996,31.424117647058814
2026-07-16 14:16:02.336,54496.87789929564,23.563761877357727,27.45,31.42
2026-07-16 14:16:02.436,54353.79796869731,23.563583831466467,27.45,31.414356435643562
2026-07-16 14:16:02.536,54296.94593053899,23.563598358649738,27.449999999999996,31.404509803921567
2026-07-16 14:16:02.636,54338.35138766818,23.563931001863324,27.449999999999996,31.399999999999995
2026-07-16 14:16:02.736,54449.718206691825,23.5645698108709,27.45,31.394803921568624
2026-07-16 14:16:02.836,54533.93448069573,23.565321334942702,27.449999999999996,31.3849504950495
2026-07-16 14:16:02.936,54290.55674831962,23.56537457995431,27.449999999999996,31.379999999999995
2026-07-16 14:16:03.036,54423.63390596629,23.56620469439499,27.45,31.375247524752474
2026-07-16 14:16:03.136,54264.02867303189,23.566062190633474,27.449999999999996,31.36534653465346
2026-07-16 14:16:03.236,54294.951247408855,23.566403903932837,27.449999999999996,31.355490196078428
2026-07-16 14:16:03.336,54300.079460768546,23.56711337551264,27.449999999999996,31.345643564356433
2026-07-16 14:16:03.436,54069.73640234073,23.567359039508947,27.449999999999996,31.339999999999996
2026-07-16 14:16:03.536,54253.68338620083,23.566872920337005,27.45,31.3359405940594
2026-07-16 14:16:03.636,54381.2046872104,23.56776229631996,27.449999999999996,31.326078431372547
2026-07-16 14:16:03.736,54283.13256239114,23.56825626244888,27.45,31.32
2026-07-16 14:16:03.836,54167.5487425472,23.568645649462155,27.449999999999996,31.3163725490196
2026-07-16 14:16:03.936,54115.396866398565,23.568601568399455,27.45,31.30653465346535
2026-07-16 14:16:04.036,54075.878980589114,23.568024499527475,27.449999999999996,31.296633663366336
2026-07-16 14:16:04.136,53928.767701765886,23.5674976839435,27.449999999999996,31.29
2026-07-16 14:16:04.236,54249.433687491764,23.567447214919667,27.449999999999996,31.286862745098034
2026-07-16 14:16:04.336,53929.03176429929,23.56662074422242,27.45,31.277029702970296
2026-07-16 14:16:04.436,54013.12540892856,23.566640113624196,27.45,31.269999999999996
2026-07-16 14:16:04.536,54182.87642932584,23.56665175495189,27.45,31.267326732673265
2026-07-16 14:16:04.636,54198.87323141256,23.56671715147034,27.449999999999996,31.257450980392157
2026-07-16 14:16:04.736,54261.46288488996,23.568197727442772,27.45,31.247623762376232
2026-07-16 14:16:04.836,54422.03398812262,23.570191943652073,27.449999999999996,31.237722772277223
2026-07-16 14:16:04.936,54210.94836195654,23.570689872133215,27.449999999999996,31.227843137254897
2026-07-16 14:16:05.036,54317.0556492026,23.571412518347305,27.450000000000003,31.22
2026-07-16 14:16:05.136,54394.38906745247,23.57195556303074,27.449999999999996,31.218118811881183
2026-07-16 14:16:05.236,54314.356453398366,23.572197785628553,27.45,31.208235294117642
2026-07-16 14:16:05.336,54246.208371154324,23.572340865507346,27.45,31.199999999999996
2026-07-16 14:16:05.436,54337.59225143469,23.572013718959496,27.45,31.19711538461538
2026-07-16 14:16:05.536,54082.07544814948,23.571715863801835,27.449999999999996,31.179999999999996
2026-07-16 14:16:05.636,54204.625556963234,23.571818015412273,27.45,31.179108910891088
2026-07-16 14:16:05.736,54116.77754591248,23.572031564816605,27.45,31.16921568627451
2026-07-16 14:16:05.836,53932.15857364877,23.572576693230385,27.449999999999996,31.16
2026-07-16 14:16:05.936,53971.69454468709,23.573303958898148,27.45,31.159509803921562
2026-07-16 14:16:06.036,53913.242741605754,23.572446714740188,27.45,31.149702970297028
2026-07-16 14:16:06.136,53904.07121313993,23.572125868059103,27.449999999999996,31.139803921568625
2026-07-16 14:16:06.236,54144.37825216961,23.57302143427112,27.449999999999996,31.13
2026-07-16 14:16:06.336,54112.367252454904,23.573235876956026,27.449999999999996,31.13
2026-07-16 14:16:06.436,54047.83731672703,23.573080599610822,27.449999999999996,31.12019801980198
2026-07-16 14:16:06.536,54156.85503133073,23.57312203384222,27.45,31.110392156862744
2026-07-16 14:16:06.636,54072.629543358846,23.57281556587327,27.449999999999996,31.100588235294115
2026-07-16 14:16:06.736,54140.747080749774,23.57344931811982,27.449999999999996,31.099999999999998
2026-07-16 14:16:06.836,54079.53774904861,23.57364946348348,27.449999999999996,31.090882352941172
2026-07-16 14:16:06.936,53883.826603102854,23.57345772396046,27.450000000000003,31.0809900990099
2026-07-16 14:16:07.036,53985.36960217666,23.573542427694374,27.45,31.071176470588235
2026-07-16 14:16:07.136,54279.248972931535,23.573858793409045,27.45,31.07
2026-07-16 14:16:07.236,54039.38828942125,23.573535055627655,27.45,31.061386138613855
2026-07-16 14:16:07.336,53849.170452936385,23.57365321812796,27.449999999999996,31.051568627450976
2026-07-16 14:16:07.436,53985.60174800483,23.573367224425425,27.449999999999996,31.049999999999997
2026-07-16 14:16:07.536,53917.7504669432,23.572744007722786,27.449999999999996,31.041862745098033
2026-07-16 14:16:07.636,53955.18692879409,23.572470039906385,27.450000000000003,31.031980198019802
2026-07-16 14:16:07.736,54087.97666669481,23.572773741885023,27.449999999999996,31.022156862745096
2026-07-16 14:16:07.836,54000.6850175896,23.57317869967262,27.45,31.019999999999996
2026-07-16 14:16:07.936,53839.74335678354,23.57241644944429,27.45,31.012450980392153
2026-07-16 14:16:08.036,54043.50653939182,23.57253594773191,27.45,31.002574257425742
2026-07-16 14:16:08.136,53920.04394373103,23.57236548197339,27.449999999999996,30.99274509803921
2026-07-16 14:16:08.236,53949.47985626648,23.57233526800867,27.45,30.98287128712871
2026-07-16 14:16:08.336,54040.10389260976,23.572346338524987,27.449999999999996,30.979999999999997
2026-07-16 14:16:08.436,53941.40970063627,23.572229017275315,27.45,30.973137254901957
2026-07-16 14:16:08.536,54181.20008225156,23.572804463299583,27.449999999999996,30.97
2026-07-16 14:16:08.636,54183.629225324825,23.572952650837365,27.449999999999996,30.963431372549017
2026-07-16 14:16:08.736,54164.60826625771,23.573731707878697,27.449999999999996,30.953627450980385
2026-07-16 14:16:08.836,53876.87136945383,23.573360126846417,27.45,30.950000000000003
2026-07-16 14:16:08.936,53869.9516216575,23.573096121170778,27.449999999999996,30.94386138613861
2026-07-16 14:16:09.036,54294.52656516259,23.573998502640826,27.449999999999996,30.934019607843133
2026-07-16 14:16:09.136,53964.410186813904,23.574120601767877,27.449999999999996,30.929999999999996
2026-07-16 14:16:09.236,54122.27564452659,23.574695603662057,27.45,30.924257425742574
2026-07-16 14:16:09.336,54080.63761952646,23.57524258750551,27.449999999999996,30.914411764705875
2026-07-16 14:16:09.436,54000.240960894036,23.575133870991053,27.449999999999996,30.904554455445542
2026-07-16 14:16:09.536,53884.14702569325,23.57468562494686,27.449999999999996,30.9
2026-07-16 14:16:09.636,53788.47263230446,23.574263149356206,27.449999999999996,30.89490196078431
2026-07-16 14:16:09.736,53858.71786289087,23.573934973365045,27.45,30.885049504950494
2026-07-16 14:16:09.836,53827.85278590512,23.57450337832515,27.449999999999996,30.879999999999995
2026-07-16 14:16:09.936,54143.88877856564,23.57463218977226,27.450000000000003,30.875346534653467
2026-07-16 14:16:10.036,53954.41558393624,23.574697497687268,27.449999999999996,30.865445544554454
2026-07-16 14:16:10.136,53817.44655904661,23.574757312690394,27.449999999999996,30.855588235294114
2026-07-16 14:16:10.236,53949.9442508893,23.575065629511226,27.45,30.85
2026-07-16 14:16:10.336,54002.02187965026,23.575884233975984,27.45,30.84588235294117
2026-07-16 14:16:10.436,53922.64317865165,23.57632075507221,27.45,30.836039603960394
2026-07-16 14:16:10.536,54072.106347393135,23.57673501410151,27.449999999999996,30.82617647058823
2026-07-16 14:16:10.636,54058.23397024564,23.57681402403388,27.449999999999996,30.82
2026-07-16 14:16:10.736,54025.474639626154,23.576775680708046,27.449999999999996,30.816470588235287
2026-07-16 14:16:10.836,53962.23641434894,23.57674041176073,27.449999999999996,30.806633663366334
2026-07-16 14:16:10.936,53817.499832060785,23.576707882797308,27.449999999999996,30.799999999999997
2026-07-16 14:16:11.036,53901.433858787714,23.576677877428942,27.449999999999996,30.796930693069307
2026-07-16 14:16:11.136,53758.40782642264,23.575939735577425,27.45,30.787029702970294
2026-07-16 14:16:11.236,53898.53424500974,23.576077764181775,27.45,30.777156862745095
2026-07-16 14:16:11.336,53796.96546656208,23.575999692005997,27.45,30.77
2026-07-16 14:16:11.436,53726.365250331364,23.5760722117595,27.452549019607844,30.76745098039215
2026-07-16 14:16:11.536,53960.354133215056,23.576779439486096,27.46,30.757623762376237
2026-07-16 14:16:11.636,53880.236093215164,23.577151047828075,27.46,30.747745098039218
2026-07-16 14:16:11.736,53892.17850245905,23.57709867978478,27.459999999999997,30.7379207920792
2026-07-16 14:16:11.836,53831.63132866574,23.57671973394223,27.458039215686277,30.73
2026-07-16 14:16:11.936,53890.27863887453,23.576791208887272,27.45,30.728217821782177
2026-07-16 14:16:12.036,53965.807878844695,23.57715472924628,27.449999999999996,30.718316831683165
2026-07-16 14:16:12.136,53991.41583555072,23.577403381882675,27.449999999999996,30.709999999999997
2026-07-16 14:16:12.236,54084.07456530585,23.57738813066362,27.45138613861386,30.708613861386137
2026-07-16 14:16:12.336,53981.1511850698,23.57810072918137,27.458725490196077,30.69872549019607
2026-07-16 14:16:12.436,54104.08174877956,23.578813458161022,27.449999999999996,30.688910891089108
2026-07-16 14:16:12.536,53878.18081716508,23.578948931412995,27.449999999999996,30.67901960784313
2026-07-16 14:16:12.636,53821.97724933838,23.579414489850144,27.449999999999996,30.669215686274505
2026-07-16 14:16:12.736,54024.28650411441,23.58026136364363,27.449999999999996,30.659999999999997
2026-07-16 14:16:12.836,53976.78018769799,23.58049955458907,27.449999999999996,30.659603960396034
2026-07-16 14:16:12.936,54063.61857032363,23.580720413787454,27.449999999999996,30.649705882352933
2026-07-16 14:16:13.036,53828.516800958874,23.580542584361947,27.45,30.64
2026-07-16 14:16:13.136,53755.666743175316,23.580339023368303,27.449999999999996,30.639999999999997
2026-07-16 14:16:13.236,53763.47975569227,23.57993160500682,27.449999999999996,30.630196078431368
2026-07-16 14:16:13.336,53711.31983437287,23.579345197790204,27.45,30.620297029702968
2026-07-16 14:16:13.436,53558.8203820855,23.57877076770834,27.45,30.610490196078427
2026-07-16 14:16:13.536,53562.235165091275,23.57821139136271,27.45,30.61
2026-07-16 14:16:13.636,53945.62185285747,23.57891748462926,27.449999999999996,30.60078431372549
2026-07-16 14:16:13.736,53712.35698719765,23.57898002168359,27.45,30.590891089108908
2026-07-16 14:16:13.836,53585.392240690315,23.57858610316452,27.449999999999996,30.59
2026-07-16 14:16:13.936,53736.634790422744,23.578530970991874,27.449999999999996,30.581188118811877
2026-07-16 14:16:14.036,53904.28351450526,23.579035847538425,27.45,30.57128712871287
2026-07-16 14:16:14.136,53753.803441584205,23.57842016643923,27.449999999999996,30.57
2026-07-16 14:16:14.236,53894.661815867126,23.578758281252416,27.45,30.56158415841584
2026-07-16 14:16:14.336,54000.02169932089,23.57907560266286,27.449999999999996,30.551683168316828
2026-07-16 14:16:14.436,53931.096865585685,23.57881816706712,27.45,30.541862745098037
2026-07-16 14:16:14.536,53901.469154014136,23.578612953399492,27.449999999999996,30.539999999999996
2026-07-16 14:16:14.636,53942.43274640276,23.578830578426114,27.449999999999996,30.532156862745097
2026-07-16 14:16:14.736,53635.46515532175,23.57871288662915,27.449999999999996,30.522277227722764
2026-07-16 14:16:14.836,53874.460898087826,23.57901346497373,27.449999999999996,30.512450980392153
2026-07-16 14:16:14.936,53911.90279463386,23.57893724900723,27.45,30.51
2026-07-16 14:16:15.036,53855.41272465126,23.57935011408901,27.449999999999996,30.49549019607843
2026-07-16 14:16:15.136,53856.23442932438,23.57963378042937,27.449999999999996,30.489999999999995
2026-07-16 14:16:15.236,53895.943788339064,23.579582878039936,27.449999999999996,30.48303921568627
2026-07-16 14:16:15.336,53797.09118217514,23.57983375386107,27.45,30.473168316831682
2026-07-16 14:16:15.436,53799.37981086832,23.580068762016165,27.449999999999996,30.463267326732673
2026-07-16 14:16:15.536,54095.592516150886,23.581013903478617,27.449999999999996,30.46
2026-07-16 14:16:15.636,53901.55397917829,23.581136884104154,27.449999999999996,30.453564356435642
2026-07-16 14:16:15.736,53832.012905932286,23.581338255241057,27.449999999999996,30.443725490196073
2026-07-16 14:16:15.836,53940.83121004075,23.58180764542353,27.449999999999996,30.44
2026-07-16 14:16:15.936,53800.64675435188,23.58196730435651,27.45,30.434059405940594
2026-07-16 14:16:16.036,53878.67184408808,23.582114934619565,27.449999999999996,30.424215686274508
2026-07-16 14:16:16.136,53663.85567155022,23.581870961256328,27.449999999999996,30.42
2026-07-16 14:16:16.236,53729.05100772294,23.581617102585362,27.449999999999996,30.414509803921568
2026-07-16 14:16:16.336,53840.577236823534,23.581820386325276,27.45,30.404653465346534
2026-07-16 14:16:16.436,53883.62031532902,23.5823711931397,27.45,30.4
2026-07-16 14:16:16.536,53848.12518194915,23.582910362232784,27.45,30.395185185185184
2026-07-16 14:16:16.636,53677.017999720134,23.583435789692505,27.449999999999996,30.38564356435643
2026-07-16 14:16:16.736,53916.89232499311,23.583942213268255,27.45,30.375742574257423
2026-07-16 14:16:16.836,53780.03013631215,23.584088006783837,27.45,30.37
2026-07-16 14:16:16.936,53737.97062963697,23.584139232826608,27.45,30.366039603960395
2026-07-16 14:16:17.036,53749.48841595407,23.584026321486647,27.449999999999996,30.35617647058823
2026-07-16 14:16:17.136,53734.53118078815,23.58386397919163,27.449999999999996,30.346336633663363
2026-07-16 14:16:17.236,53966.128925522535,23.5843317537238,27.449999999999996,30.339999999999996
2026-07-16 14:16:17.336,54041.807889949705,23.585170151633477,27.449999999999996,30.33663366336633
2026-07-16 14:16:17.436,53781.80984377387,23.585300209319552,27.45,30.33
2026-07-16 14:16:17.536,53616.4024995614,23.585040439342237,27.449999999999996,30.326862745098033
2026-07-16 14:16:17.636,53610.43018831912,23.5848338815437,27.45,30.317029702970295
2026-07-16 14:16:17.736,53668.315976506354,23.584851213317112,27.45,30.31
2026-07-16 14:16:17.836,53655.77198019439,23.584810421464557,27.45,30.307326732673268
2026-07-16 14:16:17.936,53589.158887596066,23.584093621276352,27.449999999999996,30.297450980392153
2026-07-16 14:16:18.036,53785.60727494191,23.584404630190473,27.45,30.29
2026-07-16 14:16:18.136,53911.5170130332,23.584836055201436,27.45,30.287722772277228
2026-07-16 14:16:18.236,53785.26523824094,23.58485367612235,27.449999999999996,30.277843137254898
2026-07-16 14:16:18.336,53537.30234700769,23.584474985248708,27.450000000000003,30.269999999999996
2026-07-16 14:16:18.436,53505.267553676444,23.58415910530489,27.449999999999996,30.266274509803917
2026-07-16 14:16:18.536,53743.61266728191,23.584205335262205,27.449999999999996,30.248316831683162
2026-07-16 14:16:18.636,53977.81561089075,23.58496580246744,27.449999999999996,30.239999999999995
2026-07-16 14:16:18.736,53809.16248803783,23.58488163636204,27.449999999999996,30.238613861386135
2026-07-16 14:16:18.836,53709.138641425074,23.584714024761862,27.45,30.227450980392156
2026-07-16 14:16:18.936,53757.22514462301,23.584458386890212,27.449999999999996,30.209999999999997
2026-07-16 14:16:19.036,53769.52710720538,23.583975674475468,27.449999999999996,30.209019607843135
2026-07-16 14:16:19.136,53826.24610444597,23.584868555306258,27.449999999999996,30.199207920792077
2026-07-16 14:16:19.236,53683.35642780598,23.584906596161613,27.449999999999996,30.189999999999998
2026-07-16 14:16:19.336,53782.30838507107,23.584921637464625,27.449999999999996,30.189504950495046
2026-07-16 14:16:19.436,53935.873715630594,23.585409383633486,27.449999999999996,30.179603960396037
2026-07-16 14:16:19.536,54019.00617207501,23.586394522944182,27.449999999999996,30.169708737864077
2026-07-16 14:16:19.636,53929.26077403508,23.587352673144423,27.45,30.16
2026-07-16 14:16:19.736,53550.920936816416,23.587273871703403,27.45,30.160000000000004
2026-07-16 14:16:19.836,54034.791577947995,23.58852195747277,27.45,30.150490196078426
2026-07-16 14:16:19.936,53783.92912932772,23.58818942930555,27.45,30.140594059405938
2026-07-16 14:16:20.036,53747.85611972173,23.587550736133075,27.45,30.130784313725485
2026-07-16 14:16:20.136,53831.07754783916,23.587825997303494,27.45,30.13
2026-07-16 14:16:20.236,53774.36495018179,23.58867626706187,27.45,30.1209900990099
2026-07-16 14:16:20.336,53646.80942794149,23.587975383425192,27.449999999999996,30.11117647058823
2026-07-16 14:16:20.436,53723.13357587099,23.587817328659092,27.45,30.101287128712872
2026-07-16 14:16:20.536,53718.714603990375,23.588580918806098,27.45,30.099999999999998
2026-07-16 14:16:20.636,53652.19898108317,23.589455054003714,27.449999999999996,30.09156862745098
2026-07-16 14:16:20.736,53696.70368826943,23.590030637895403,27.45,30.081764705882346
2026-07-16 14:16:20.836,53793.8608192354,23.590613197063927,27.449999999999996,30.08
2026-07-16 14:16:20.936,53710.06650391961,23.591727559480752,27.449999999999996,30.07205882352941
2026-07-16 14:16:21.036,53810.5336146578,23.591342601799724,27.449999999999996,30.062178217821778
2026-07-16 14:16:21.136,53965.98811176652,23.59198653250442,27.449999999999996,30.059999999999995
2026-07-16 14:16:21.236,53480.18741436886,23.590718180444973,27.449999999999996,30.052475247524747
2026-07-16 14:16:21.336,53405.30925277232,23.589298234532066,27.45,30.04257425742574
2026-07-16 14:16:21.436,53752.028574436714,23.588845323979804,27.449999999999996,30.04
2026-07-16 14:16:21.536,53793.02731338142,23.58931877268368,27.449999999999996,30.032871287128714
2026-07-16 14:16:21.636,53695.506549351296,23.590255324373064,27.449999999999996,30.02303921568627
2026-07-16 14:16:21.736,53550.64211047205,23.58998475511767,27.45,30.02
2026-07-16 14:16:21.836,53524.905518367654,23.589262585245343,27.449999999999996,30.013333333333332
2026-07-16 14:16:21.936,53601.3022502517,23.58978207990673,27.45,30.003465346534654
2026-07-16 14:16:22.036,53811.55329701959,23.591521740483923,27.449999999999996,29.99356435643564
2026-07-16 14:16:22.136,53994.23635175152,23.593099215612973,27.449999999999996,29.983725490196072
2026-07-16 14:16:22.236,53518.541851865404,23.592522615572793,27.449999999999996,29.979999999999997
2026-07-16 14:16:22.336,53776.07432257929,23.59073050486574,27.450000000000003,29.9739603960396
2026-07-16 14:16:22.436,53744.22816698251,23.589539658889628,27.45,29.96405940594059
2026-07-16 14:16:22.536,53708.960492826904,23.589395939184612,27.449999999999996,29.95421568627451
2026-07-16 14:16:22.636,53738.23545942069,23.590344521431803,27.449999999999996,29.95
2026-07-16 14:16:22.736,53808.34214618893,23.59182478693912,27.449999999999996,29.944509803921562
2026-07-16 14:16:22.836,53895.25926200662,23.59273396613024,27.45,29.934653465346532
2026-07-16 14:16:22.936,53976.55660813656,23.593557536934743,27.45,29.93
2026-07-16 14:16:23.036,53495.4674877333,23.592603130771725,27.449999999999996,29.9249504950495
2026-07-16 14:16:23.136,53402.645907850965,23.592763102805634,27.449999999999996,29.915098039215682
2026-07-16 14:16:23.236,53497.68480849531,23.59231431998018,27.449999999999996,29.90524752475247
2026-07-16 14:16:23.336,53704.14460249066,23.591659799004393,27.449999999999996,29.899999999999995
2026-07-16 14:16:23.436,54245.31321894783,23.593918078180433,27.45,29.895544554455444
2026-07-16 14:16:23.536,54004.33864868534,23.594758470052877,27.449999999999996,29.885643564356435
2026-07-16 14:16:23.636,53626.93856146662,23.593502891488477,27.449999999999996,29.88
2026-07-16 14:16:23.736,53502.44740709436,23.593170449265155,27.449999999999996,29.8759405940594
2026-07-16 14:16:23.836,53535.46024442055,23.593289155512732,27.45,29.866078431372543
2026-07-16 14:16:23.936,53562.70685515287,23.593179713867244,27.45,29.856237623762375
2026-07-16 14:16:24.036,53563.77478790877,23.592897177692755,27.449999999999996,29.85
2026-07-16 14:16:24.136,54046.07208682399,23.594274774480745,27.45,29.846534653465348
2026-07-16 14:16:24.236,53756.144535409745,23.59498365474626,27.449999999999996,29.83666666666666
2026-07-16 14:16:24.336,53879.77890323041,23.595125203133463,27.45,29.83
2026-07-16 14:16:24.436,53660.65746767503,23.59476651869024,27.449999999999996,29.826930693069304
2026-07-16 14:16:24.536,53408.050707188,23.594608263326055,27.449999999999996,29.817058823529408
2026-07-16 14:16:24.636,53699.449363021435,23.59509251897843,27.450000000000003,29.809999999999995
2026-07-16 14:16:24.736,53874.7783981191,23.595069577825278,27.449999999999996,29.807352941176465
2026-07-16 14:16:24.836,53639.02654511067,23.594520969487466,27.449999999999996,29.797524752475248
2026-07-16 14:16:24.936,53644.850231828925,23.594424790945823,27.45,29.78764705882353
2026-07-16 14:16:25.036,53722.15605602698,23.594440453115567,27.45,29.78
2026-07-16 14:16:25.136,53633.92984637661,23.594258608323962,27.449999999999996,29.777941176470588
2026-07-16 14:16:25.236,53417.7784019304,23.593916843229536,27.45,29.768118811881187
2026-07-16 14:16:25.336,53571.90950099267,23.593940053525,27.449999999999996,29.758217821782175
2026-07-16 14:16:25.436,53576.00088344655,23.593533623589977,27.45,29.748333333333328
2026-07-16 14:16:25.536,53716.6420105502,23.59351983238178,27.45,29.739999999999995
2026-07-16 14:16:25.636,53557.36567737381,23.59302962687144,27.449999999999996,29.73862745098039
2026-07-16 14:16:25.736,53525.520513848955,23.592861104105772,27.45,29.727623762376233
2026-07-16 14:16:25.836,53778.762149082875,23.593393042400677,27.449999999999996,29.709999999999997
2026-07-16 14:16:25.936,53861.73765123111,23.593942324583786,27.449999999999996,29.709108910891086
2026-07-16 14:16:26.036,53853.052232668386,23.594881564569498,27.449999999999996,29.699215686274503
2026-07-16 14:16:26.136,53916.22697160675,23.59624097578099,27.45,29.68940594059406
2026-07-16 14:16:26.236,53884.79482634286,23.59695544841327,27.449999999999996,29.68
2026-07-16 14:16:26.336,53809.88187121652,23.597352132258646,27.45,29.67960784313725
2026-07-16 14:16:26.436,53757.79477717172,23.59756293013014,27.45,29.66980198019802
2026-07-16 14:16:26.536,53742.61692862532,23.597412015199847,27.45,29.65990196078431
2026-07-16 14:16:26.636,53657.27133174866,23.597274913265387,27.45,29.65009803921568
2026-07-16 14:16:26.736,53892.98019891653,23.597579225322,27.45,29.65
2026-07-16 14:16:26.836,53654.401054593756,23.59722523530396,27.449999999999996,29.64039603960396
2026-07-16 14:16:26.936,53548.64799818477,23.59715346378316,27.45,29.630588235294113
2026-07-16 14:16:27.036,53636.35346028306,23.59765749596485,27.45,29.629999999999995
2026-07-16 14:16:27.136,53591.62996357851,23.598272034722008,27.45,29.62079207920792
2026-07-16 14:16:27.236,53359.70436627935,23.598094643925354,27.449999999999996,29.610891089108904
2026-07-16 14:16:27.336,53364.37827002597,23.597058095823744,27.45,29.61
2026-07-16 14:16:27.436,53670.85974656365,23.59789081357839,27.449999999999996,29.60118811881188
2026-07-16 14:16:27.536,53785.47035024948,23.598622258096547,27.45,29.59128712871287
2026-07-16 14:16:27.636,53709.58450738077,23.598722742914358,27.449999999999996,29.59
2026-07-16 14:16:27.736,53590.32154848818,23.598299137123757,27.450000000000003,29.581666666666667
2026-07-16 14:16:27.836,53362.04869094238,23.597154786950828,27.449999999999996,29.571782178217823
2026-07-16 14:16:27.936,53695.94916579287,23.597020026667458,27.449999999999996,29.569999999999997
2026-07-16 14:16:28.036,53666.14095412486,23.597311730377147,27.450000000000003,29.56207920792079
2026-07-16 14:16:28.136,53573.69832803852,23.59766993619452,27.450000000000003,29.55225490196079
2026-07-16 14:16:28.236,53572.026114465145,23.597789558676553,27.45,29.549999999999997
2026-07-16 14:16:28.336,53751.69361499807,23.597991418635246,27.45,29.542475247524752
2026-07-16 14:16:28.436,54086.49087978773,23.59916016349143,27.449999999999996,29.53264705882353
2026-07-16 14:16:28.536,53493.632051562345,23.599426020315985,27.449999999999996,29.522772277227716
2026-07-16 14:16:28.636,53571.01449559111,23.599670459225564,27.45,29.519999999999996
2026-07-16 14:16:28.736,53634.88538060886,23.599575905692987,27.449999999999996,29.506138613861374
2026-07-16 14:16:28.836,53841.510215216054,23.600013043121894,27.450000000000003,29.500000000000004
2026-07-16 14:16:28.936,53997.80027562742,23.60071082555057,27.449999999999996,29.493366336633663
2026-07-16 14:16:29.036,53631.39305855174,23.600452047888226,27.45,29.48346534653465
2026-07-16 14:16:29.136,53620.452477362356,23.600642006245394,27.45,29.473627450980388
2026-07-16 14:16:29.236,53628.0109218767,23.60081553790058,27.45,29.47
2026-07-16 14:16:29.336,53686.07134682425,23.60097621488369,27.449999999999996,29.46386138613861
2026-07-16 14:16:29.436,53625.872054752384,23.60135681733756,27.450000000000003,29.45401960784314
2026-07-16 14:16:29.536,53516.81964829689,23.60161752746372,27.449999999999996,29.44415841584158
2026-07-16 14:16:29.636,53556.68658694295,23.601431815897545,27.449999999999996,29.439999999999998
2026-07-16 14:16:29.736,53712.29124540901,23.60199442531849,27.449999999999996,29.43445544554455
2026-07-16 14:16:29.836,53724.95962111313,23.602111546128675,27.450000000000003,29.42460784313726
2026-07-16 14:16:29.936,53406.1962619965,23.60155118717713,27.45,29.42
2026-07-16 14:16:30.036,53474.332163089195,23.60131736521997,27.449999999999996,29.41485148514851
2026-07-16 14:16:30.136,53662.242662161145,23.601283345257414,27.449999999999996,29.404999999999994
2026-07-16 14:16:30.236,53547.95140036193,23.601071523017826,27.45,29.4
2026-07-16 14:16:30.336,53618.24847910389,23.601210820655382,27.450000000000003,29.39529411764706
2026-07-16 14:16:30.436,53620.53486444957,23.60133859942212,27.449999999999996,29.385445544554454
2026-07-16 14:16:30.536,53614.803537686676,23.601779750709998,27.45,29.379999999999995
2026-07-16 14:16:30.636,53716.1672068608,23.602281336936986,27.449999999999996,29.3756862745098
2026-07-16 14:16:30.736,53775.220592519705,23.602948878282383,27.45,29.36584158415841
2026-07-16 14:16:30.836,53695.50645943934,23.603626137596997,27.450000000000003,29.360000000000003
2026-07-16 14:16:30.936,53640.2431809467,23.603719255592235,27.449999999999996,29.356138613861383
2026-07-16 14:16:31.036,54046.96399683408,23.6049796477639,27.449999999999996,29.34627450980392
2026-07-16 14:16:31.136,53750.68975461997,23.605111897633133,27.449999999999996,29.339999999999996
2026-07-16 14:16:31.236,53671.1033816564,23.605068363045454,27.45,29.336568627450973
2026-07-16 14:16:31.336,53717.65424653843,23.60522934595768,27.45,29.326732673267323
2026-07-16 14:16:31.436,53678.435421707414,23.605361793983008,27.45,29.320000000000004
2026-07-16 14:16:31.536,53517.97173985212,23.604847215982648,27.45,29.31702970297029
2026-07-16 14:16:31.636,53344.56540085372,23.60397049096634,27.449999999999996,29.307156862745096
2026-07-16 14:16:31.736,53611.92078996333,23.6047135573416,27.449999999999996,29.297326732673262
2026-07-16 14:16:31.836,53528.039376155575,23.604943482310095,27.45,29.29
2026-07-16 14:16:31.936,53541.69736346562,23.60514154286698,27.45,29.287623762376235
2026-07-16 14:16:32.036,53598.144337490674,23.605396866803808,27.449999999999996,29.277722772277226
2026-07-16 14:16:32.136,53384.97000936199,23.60546144374386,27.449999999999996,29.27
2026-07-16 14:16:32.236,53794.64365857402,23.606258446356332,27.449999999999996,29.266039603960387
2026-07-16 14:16:32.336,53651.11557246705,23.606202676768493,27.449999999999996,29.248118811881184
2026-07-16 14:16:32.436,53615.64981422138,23.606435543050612,27.45,29.238235294117647
2026-07-16 14:16:32.536,53758.29464912684,23.60700184361862,27.45,29.229999999999997
2026-07-16 14:16:32.636,53851.91595344222,23.6072369356711,27.449999999999996,29.228529411764708
2026-07-16 14:16:32.736,53678.00329639432,23.606732004474907,27.45,29.218712871287124
2026-07-16 14:16:32.836,53421.447462962235,23.6066104349991,27.450000000000003,29.208823529411767
2026-07-16 14:16:32.936,53735.06205961449,23.607360129248036,27.450000000000003,29.199009900990102
2026-07-16 14:16:33.036,53604.631279641675,23.60738032357635,27.449999999999996,29.189108910891086
2026-07-16 14:16:33.136,53524.15237436398,23.60696541854365,27.45,29.18
2026-07-16 14:16:33.236,53560.64668930715,23.60695787046646,27.449999999999996,29.17940594059405
2026-07-16 14:16:33.336,53645.068763165,23.607724353061514,27.45,29.169504950495053
2026-07-16 14:16:33.436,53792.0058179093,23.60844074075745,27.45,29.160000000000004
2026-07-16 14:16:33.536,53543.21883467038,23.608227695893667,27.45,29.15980198019802
2026-07-16 14:16:33.636,53446.86775919422,23.60803097701863,27.45,29.149901960784312
2026-07-16 14:16:33.736,53591.66202131155,23.60784837482288,27.45,29.14009803921568
2026-07-16 14:16:33.836,53682.82338322919,23.60767867857761,27.45,29.14
2026-07-16 14:16:33.936,53545.77358432916,23.60740584347163,27.45,29.13029702970297
2026-07-16 14:16:34.036,53357.88980380307,23.606951329808542,27.449999999999996,29.129999999999995
2026-07-16 14:16:34.136,53760.693442563694,23.60768136143194,27.45,29.12059405940594
2026-07-16 14:16:34.236,53809.18684029363,23.60800557571091,27.45,29.11069306930693
2026-07-16 14:16:34.336,53683.54799808327,23.60857218715446,27.449999999999996,29.11
2026-07-16 14:16:34.436,53518.23218769273,23.60879481491039,27.450000000000003,29.100990099009902
2026-07-16 14:16:34.536,53519.79450422057,23.608856952593186,27.449999999999996,29.091176470588227
2026-07-16 14:16:34.636,53790.6751408509,23.60946372527384,27.45,29.081287128712866
2026-07-16 14:16:34.736,53712.935718363704,23.60966392450056,27.45,29.080000000000002
2026-07-16 14:16:34.836,53852.43732074715,23.610656540068952,27.45,29.071584158415842
2026-07-16 14:16:34.936,53832.79278420842,23.611371658906194,27.45,29.06176470588235
2026-07-16 14:16:35.036,53757.05908327241,23.61143256864593,27.45,29.051881188118806
2026-07-16 14:16:35.136,53647.40697562993,23.611240366368104,27.449999999999996,29.05
2026-07-16 14:16:35.236,53533.70749597551,23.61143759211917,27.450000000000003,29.0421568627451
2026-07-16 14:16:35.336,53699.025425137814,23.611994517351782,27.449999999999996,29.032277227722773
2026-07-16 14:16:35.436,53530.49385956591,23.612082199693567,27.45,29.029999999999998
2026-07-16 14:16:35.536,53577.4894015437,23.611812905218468,27.449999999999996,29.022574257425735
2026-07-16 14:16:35.636,53563.19766240038,23.611722900133582,27.45,29.005346534653462
2026-07-16 14:16:35.736,53506.57117002927,23.61164125460501,27.45,29.0
2026-07-16 14:16:35.836,53501.52599541631,23.6114939673321,27.449999999999996,28.993039215686274
2026-07-16 14:16:35.936,53493.12722665674,23.61201279569925,27.45,28.98316831683168
2026-07-16 14:16:36.036,53657.2333824641,23.61291112722747,27.45,28.97333333333333
2026-07-16 14:16:36.136,53827.62656631161,23.613816184912697,27.449999999999996,28.97
2026-07-16 14:16:36.236,53679.90338271972,23.613821311536903,27.449999999999996,28.96356435643564
2026-07-16 14:16:36.336,53500.16075219435,23.613555277968448,27.449999999999996,28.96
2026-07-16 14:16:36.436,53538.261444553435,23.613676723082854,27.449999999999996,28.953861386138612
2026-07-16 14:16:36.536,53684.532227580676,23.614058938907725,27.449999999999996,28.9439603960396
2026-07-16 14:16:36.636,53613.15743582838,23.613596354256995,27.45,28.939999999999998
2026-07-16 14:16:36.736,53538.58982927115,23.61315541705192,27.449999999999996,28.934257425742572
2026-07-16 14:16:36.836,53523.57295843735,23.612428726900415,27.450000000000003,28.924411764705887
2026-07-16 14:16:36.936,53589.10343725971,23.612497891727273,27.449999999999996,28.92
2026-07-16 14:16:37.036,53555.85783508592,23.612898256088698,27.449999999999996,28.914653465346532
2026-07-16 14:16:37.136,53247.868400960404,23.61211890610604,27.45,28.90480392156862
2026-07-16 14:16:37.236,53475.61173289308,23.612720114387518,27.449999999999996,28.8949504950495
2026-07-16 14:16:37.336,53861.22208121996,23.614225572230488,27.450000000000003,28.89
2026-07-16 14:16:37.436,53678.93631400799,23.61418968454879,27.45,28.885247524752472
2026-07-16 14:16:37.536,53542.02848497858,23.61420016695871,27.45,28.875346534653463
2026-07-16 14:16:37.636,53680.14669075843,23.614917808246037,27.45,28.87
2026-07-16 14:16:37.736,53848.501168674426,23.615677499752728,27.450000000000003,28.86613861386138
2026-07-16 14:16:37.836,53606.656381592635,23.614982236403982,27.450000000000003,28.856274509803924
2026-07-16 14:16:37.936,53833.52609799153,23.615433931469006,27.449999999999996,28.846435643564355
2026-07-16 14:16:38.036,53747.50251577631,23.61673924527071,27.45,28.839999999999996
2026-07-16 14:16:38.136,53783.39983886771,23.617587813844672,27.45,28.83673267326732
2026-07-16 14:16:38.236,53790.65726073504,23.617934580595318,27.45,28.826862745098037
2026-07-16 14:16:38.336,53576.96663388793,23.618473062139508,27.449999999999996,28.8170297029703
2026-07-16 14:16:38.436,53579.38470035203,23.61984347732728,27.449999999999996,28.809999999999995
2026-07-16 14:16:38.536,53843.10184811513,23.62062172664818,27.449999999999996,28.80732673267326
2026-07-16 14:16:38.636,53608.25260000305,23.620399352765705,27.45,28.797450980392156
2026-07-16 14:16:38.736,53529.19815089305,23.620698228284844,27.45,28.787623762376235
2026-07-16 14:16:38.836,53584.02813216595,23.62066097944541,27.45,28.78
2026-07-16 14:16:38.936,53602.80368616055,23.619949307043868,27.45,28.777920792079204
2026-07-16 14:16:39.036,53571.677379279885,23.620082942041485,27.450000000000003,28.768039215686272
2026-07-16 14:16:39.136,53240.57733487326,23.619153431797276,27.45,28.75821782178218
2026-07-16 14:16:39.236,53476.451973470444,23.619241577057274,27.449999999999996,28.75
2026-07-16 14:16:39.336,53479.30390547121,23.61873897475683,27.449999999999996,28.74843137254902
2026-07-16 14:16:39.436,53430.86600470515,23.618691564165083,27.449999999999996,28.738613861386135
2026-07-16 14:16:39.536,53498.405061544625,23.61949672209679,27.449999999999996,28.728725490196073
2026-07-16 14:16:39.636,53599.41585798888,23.6203205170206,27.45,28.718921568627447
2026-07-16 14:16:39.736,53849.18327547778,23.621602174535308,27.449999999999996,28.709108910891086
2026-07-16 14:16:39.836,53638.64001899319,23.622321492283398,27.45,28.7
2026-07-16 14:16:39.936,53705.82652828243,23.622535470306474,27.45,28.699313725490196
2026-07-16 14:16:40.036,53664.135808441744,23.622283693486658,27.450000000000003,28.68950980392157
2026-07-16 14:16:40.136,53550.36467878588,23.621787344749837,27.45,28.68
2026-07-16 14:16:40.236,53679.93794916321,23.621477422801394,27.45,28.679801980198018
2026-07-16 14:16:40.336,53664.40391589727,23.62208976438193,27.45,28.669901960784316
2026-07-16 14:16:40.436,53835.31711233915,23.622662470748914,27.45,28.660098039215683
2026-07-16 14:16:40.536,53564.27602355693,23.622412115255045,27.45,28.66
2026-07-16 14:16:40.636,53385.37124118458,23.621930611207734,27.45,28.650392156862747
2026-07-16 14:16:40.736,53408.23583237456,23.621864333106174,27.45,28.640495049504953
2026-07-16 14:16:40.836,53468.206686141624,23.622340773419488,27.45,28.630686274509802
2026-07-16 14:16:40.936,53481.90256312247,23.622384039949534,27.45,28.63
2026-07-16 14:16:41.036,53642.527490470195,23.62289235822691,27.45,28.620980392156863
2026-07-16 14:16:41.136,53613.18400388828,23.622607824450697,27.449999999999996,28.61108910891089
2026-07-16 14:16:41.236,53634.189350145505,23.622449407260774,27.449999999999996,28.61
2026-07-16 14:16:41.336,53607.66588759789,23.622483550623294,27.45,28.601372549019608
2026-07-16 14:16:41.436,53496.27097833375,23.622613583019042,27.45,28.59148514851485
2026-07-16 14:16:41.536,53578.476400374704,23.623061492341925,27.45,28.59
2026-07-16 14:16:41.636,53743.66848452194,23.62348799278297,27.45,28.58176470588235
2026-07-16 14:16:41.736,53831.251943041556,23.624263449981957,27.449999999999996,28.57188118811881
2026-07-16 14:16:41.836,53642.20471797011,23.624501265203836,27.449999999999996,28.56205882352941
2026-07-16 14:16:41.936,53439.78406138411,23.624029446737794,27.449999999999996,28.559999999999995
2026-07-16 14:16:42.036,53412.140528435404,23.623359219284648,27.449999999999996,28.552352941176462
2026-07-16 14:16:42.136,53499.81499985636,23.62338619323104,27.449999999999996,28.54247524752475
2026-07-16 14:16:42.236,53747.962037736615,23.62380229817353,27.45,28.532647058823528
2026-07-16 14:16:42.336,53556.82453720784,23.623425907881494,27.449999999999996,28.53
2026-07-16 14:16:42.436,53647.04952857928,23.62389442778356,27.449999999999996,28.515742574257427
2026-07-16 14:16:42.536,53633.64259887667,23.624280789294758,27.449999999999996,28.509999999999998
2026-07-16 14:16:42.636,53523.83751679602,23.6245063519727,27.45,28.503168316831683
2026-07-16 14:16:42.736,53622.352520169974,23.625138277444446,27.45,28.493333333333332
2026-07-16 14:16:42.836,53301.01208881635,23.624580502684402,27.449999999999996,28.49
2026-07-16 14:16:42.936,53573.12023403182,23.624909366828113,27.45,28.48362745098039
2026-07-16 14:16:43.036,53844.03638635869,23.625616275407353,27.45,28.473762376237616
2026-07-16 14:16:43.136,53912.356919077894,23.62668718923583,27.450000000000003,28.47
2026-07-16 14:16:43.236,53772.22154701708,23.627589546271658,27.45,28.46405940594059
2026-07-16 14:16:43.336,53601.36632450686,23.62785236362079,27.45,28.45415841584159
2026-07-16 14:16:43.436,53756.2427304918,23.628094011398886,27.449999999999996,28.449999999999996
2026-07-16 14:16:43.536,53581.318715421985,23.628787467252202,27.450000000000003,28.44450980392157
2026-07-16 14:16:43.636,53751.26572684043,23.62985338266002,27.45,28.434653465346535
2026-07-16 14:16:43.736,53653.70401029589,23.63038270393826,27.45,28.43
2026-07-16 14:16:43.836,53595.17697583443,23.630697778357124,27.449999999999996,28.424999999999997
2026-07-16 14:16:43.936,53797.37093110346,23.63117819640076,27.45,28.42
2026-07-16 14:16:44.036,53557.609647410645,23.63125807380431,27.450000000000003,28.415294117647058
2026-07-16 14:16:44.136,53559.2503902851,23.631788586254782,27.449999999999996,28.409999999999997
2026-07-16 14:16:44.236,53544.58158900785,23.632691610237746,27.449999999999996,28.409999999999997
2026-07-16 14:16:44.336,53596.93699264899,23.63333586870032,27.45,28.414257425742573
2026-07-16 14:16:44.436,53721.205060661494,23.634236778759515,27.45,28.42
2026-07-16 14:16:44.536,53775.76501253276,23.63537717255083,27.450000000000003,28.428039215686283
2026-07-16 14:16:44.636,53533.67984522383,23.635710532130005,27.449999999999996,28.447722772277224
2026-07-16 14:16:44.736,53370.78108989562,23.635527570877063,27.45,28.46752475247525
2026-07-16 14:16:44.836,53508.54785330659,23.635361826467854,27.45,28.48725490196078
2026-07-16 14:16:44.936,53612.42374966292,23.63587431308754,27.449999999999996,28.510396039603968
2026-07-16 14:16:45.036,53607.02725828645,23.636177781774105,27.450000000000003,28.54333333333335
2026-07-16 14:16:45.136,53573.96620520472,23.636277796772845,27.45,28.582673267326726
2026-07-16 14:16:45.236,53638.89132812084,23.637103657991464,27.449999999999996,28.62227722772277
2026-07-16 14:16:45.336,53631.36162009815,23.638338253953165,27.45,28.66176470588234
2026-07-16 14:16:45.436,53644.1881686312,23.639093073377765,27.449999999999996,28.7010891089109
2026-07-16 14:16:45.536,53519.856076527896,23.639780195039645,27.449999999999996,28.743366336633684
2026-07-16 14:16:45.636,53617.5202623705,23.641014260308765,27.45,28.790196078431375
2026-07-16 14:16:45.736,53799.99741013337,23.642312651095658,27.45,28.82923076923077
2026-07-16 14:16:45.836,53764.115562458916,23.643064943485157,27.449999999999996,28.867920792079197
2026-07-16 14:16:45.936,53920.49574132817,23.6447356830067,27.45,28.91676470588236
2026-07-16 14:16:46.036,53831.88306059199,23.647001703390895,27.45,28.996732673267346
2026-07-16 14:16:46.136,53941.38217247882,23.649328854378407,27.45,29.036336633663375
2026-07-16 14:16:46.236,53864.346132932464,23.65122436173013,27.45,29.075882352941193
2026-07-16 14:16:46.336,53684.7655673145,23.652761787775113,27.45,29.12029702970295
2026-07-16 14:16:46.436,53703.86443302846,23.654832717669024,27.449999999999996,29.19470588235294
2026-07-16 14:16:46.536,54090.81993190995,23.659224393247804,27.449999999999996,29.23396039603962
2026-07-16 14:16:46.636,54087.354027523164,23.66391972044429,27.449999999999996,29.273564356435646
2026-07-16 14:16:46.736,53626.16081664828,23.664385282908835,27.450000000000003,29.313253856942513
2026-07-16 14:16:46.836,53530.62791403706,23.664017187392425,27.450000000000003,29.353927068723703
2026-07-16 14:16:46.936,53617.967530721,23.66445958305603,27.45,29.394600280504918
2026-07-16 14:16:47.036,53545.07973269408,23.665414074706284,27.45,29.435273492286132
2026-07-16 14:16:47.136,53320.8341320822,23.665004337497898,27.450000000000003,29.475946704067326
2026-07-16 14:16:47.236,53325.38741550944,23.66466033718775,27.45,29.516619915848537
2026-07-16 14:16:47.336,53464.10800750709,23.664995234396756,27.450000000000003,29.55729312762973
2026-07-16 14:16:47.436,53562.72857067021,23.66584602019653,27.45,29.597966339410945
2026-07-16 14:16:47.536,53397.97508672625,23.666520280674348,27.449999999999996,29.6372549019608
2026-07-16 14:16:47.636,53086.80120459048,23.666600919346795,27.45,29.676831683168324
2026-07-16 14:16:47.736,53072.95162065053,23.666271229921904,27.449999999999996,29.71643564356437
2026-07-16 14:16:47.836,53569.962265775954,23.666535717885708,27.45,29.7556862745098
2026-07-16 14:16:47.936,53680.76637774256,23.66729415691011,27.449999999999996,29.795247524752472
2026-07-16 14:16:48.036,53635.73939359224,23.668480980034044,27.44128712871287,29.834851485148526
2026-07-16 14:16:48.136,53645.9103621323,23.669465610834944,27.439999999999998,29.874117647058824
2026-07-16 14:16:48.236,53710.61069797831,23.670123286034254,27.44,29.91366336633665
2026-07-16 14:16:48.336,53706.95562217674,23.670820547784245,27.439999999999998,29.95326732673267
2026-07-16 14:16:48.436,53689.11210789698,23.671973006993944,27.44,29.99102803738318
2026-07-16 14:16:48.536,53385.65351905584,23.671328843384966,27.440000000000005,30.029803921568643
2026-07-16 14:16:48.636,53622.320907081616,23.672500881762037,27.447326732673268,30.069306930693074
2026-07-16 14:16:48.736,53751.34055134177,23.67348955507402,27.45,30.1157843137255
2026-07-16 14:16:48.836,53670.53402681618,23.673904151778643,27.45,30.158118811881174
2026-07-16 14:16:48.936,53578.83271838691,23.674278076655757,27.449999999999996,30.19745098039216
2026-07-16 14:16:49.036,53498.38383224737,23.674620028419106,27.449999999999996,30.23693069306932
2026-07-16 14:16:49.136,53574.193227261814,23.676064342531333,27.449999999999996,30.276534653465347
2026-07-16 14:16:49.236,53651.0300256096,23.67749144492709,27.450000000000003,30.31588235294118
2026-07-16 14:16:49.336,53632.03673684694,23.678490626961025,27.45,30.3806930693069
2026-07-16 14:16:49.436,53486.636825458874,23.67866803579702,27.449999999999996,30.43470588235294
2026-07-16 14:16:49.536,53386.34167203179,23.67825580645885,27.449999999999996,30.480198019801996
2026-07-16 14:16:49.636,53691.23964761432,23.678396612568335,27.45,30.523529411764713
2026-07-16 14:16:49.736,53506.70313124612,23.679613075479637,27.449999999999996,30.56297029702972
2026-07-16 14:16:49.836,53429.00293833008,23.679277704737046,27.45,30.604145234493195
2026-07-16 14:16:49.936,53458.80007767575,23.679099470819427,27.449999999999996,30.64650529500758
2026-07-16 14:16:50.036,53498.66139414547,23.67912853188632,27.449999999999996,30.688865355521962
2026-07-16 14:16:50.136,53495.23319957289,23.679444524530254,27.449999999999996,30.731225416036317
2026-07-16 14:16:50.236,53481.313430885035,23.68048954961999,27.449999999999996,30.7735854765507
2026-07-16 14:16:50.336,53477.88642566124,23.681514074740843,27.45,30.81594553706506
2026-07-16 14:16:50.436,53486.35735735406,23.68200778177006,27.449999999999996,30.858305597579438
2026-07-16 14:16:50.536,53720.48561043771,23.683182367502354,27.45,30.899242273180484
2026-07-16 14:16:50.636,53751.741482653204,23.684057389421724,27.45,30.940119641076777
2026-07-16 14:16:50.736,53558.47453405992,23.684546414159612,27.45,30.980997008973098
2026-07-16 14:16:50.836,53501.421947582574,23.68530337621887,27.45,31.02187437686939
2026-07-16 14:16:50.936,53676.13367902715,23.685529251542526,27.45,31.06275174476571
2026-07-16 14:16:51.036,53682.425760905935,23.686240868703774,27.45,31.103629112662027
2026-07-16 14:16:51.136,53684.1832571092,23.686946445609536,27.450000000000003,31.144506480558324
2026-07-16 14:16:51.236,53499.82165688924,23.687001551738796,27.449999999999996,31.18538384845464
2026-07-16 14:16:51.336,53349.57364096453,23.686971827077382,27.45,31.226261216350938
2026-07-16 14:16:51.436,53491.67647024712,23.687627458785794,27.449999999999996,31.267138584247256
2026-07-16 14:16:51.536,53584.75222803456,23.688247632849073,27.45,31.306831683168323
2026-07-16 14:16:51.636,53492.92436038988,23.689351682006137,27.449999999999996,31.34607843137255
2026-07-16 14:16:51.736,53665.48522085692,23.69088263671666,27.45,31.38564356435645
2026-07-16 14:16:51.836,53518.566489006145,23.691062887364005,27.45,31.424901960784304
2026-07-16 14:16:51.936,53358.811653571225,23.690578069915112,27.449999999999996,31.464455445544548
2026-07-16 14:16:52.036,53507.19574954678,23.690735840992787,27.449999999999996,31.50372549019609
2026-07-16 14:16:52.136,53572.4273361802,23.691773508807625,27.449999999999996,31.543267326732675
2026-07-16 14:16:52.236,53565.56079300552,23.692766968448215,27.45,31.58287128712872
2026-07-16 14:16:52.336,53518.4686959837,23.69222210692304,27.450000000000003,31.622156862745086
2026-07-16 14:16:52.436,53588.61906370754,23.692973563638596,27.449999999999996,31.66883495145632
2026-07-16 14:16:52.536,53555.04879479816,23.693687055070285,27.45,31.710495049504974
2026-07-16 14:16:52.636,53384.03226499125,23.693541493017236,27.45,31.749803921568628
2026-07-16 14:16:52.736,53379.077178285865,23.693906193752557,27.45,31.818613861386147
2026-07-16 14:16:52.836,53363.60353784087,23.694766956326696,27.449999999999996,31.868627450980387
2026-07-16 14:16:52.936,53590.946933263054,23.695063345620873,27.449999999999996,31.9081188118812
2026-07-16 14:16:53.036,53672.83231221731,23.69565482209542,27.450000000000003,31.94745098039217
2026-07-16 14:16:53.136,53510.95415812086,23.695819959088894,27.45,31.986930693069297
2026-07-16 14:16:53.236,53334.099580276445,23.69576312831078,27.45,32.026274509803926
2026-07-16 14:16:53.336,53484.90416247606,23.696401819496497,27.449999999999996,32.06574257425742
2026-07-16 14:16:53.436,53661.38417722033,23.69652472852511,27.450000000000003,32.10509803921568
2026-07-16 14:16:53.536,53289.24750667605,23.69615481537388,27.449999999999996,32.1443137254902
2026-07-16 14:16:53.636,53374.06528311399,23.695773894936455,27.45,32.183762376237624
2026-07-16 14:16:53.736,53612.15073850586,23.696498552521327,27.449999999999996,32.22313725490197
2026-07-16 14:16:53.836,53693.46624690756,23.697954116371953,27.449999999999996,32.26257425742574
2026-07-16 14:16:53.936,53541.10717375265,23.698912484943104,27.449999999999996,32.30196078431372
2026-07-16 14:16:54.036,53471.041826227876,23.6988892416021,27.449999999999996,32.34138613861387
2026-07-16 14:16:54.136,53473.22394861579,23.699392052182617,27.45,32.3809900990099
2026-07-16 14:16:54.236,53605.85366901032,23.699875335741908,27.449999999999996,32.42549019607845
2026-07-16 14:16:54.336,53568.84103771424,23.700326913272143,27.45,32.46980198019803
2026-07-16 14:16:54.436,53498.83844140978,23.70074844189903,27.45,32.50940594059408
2026-07-16 14:16:54.536,53585.8627725517,23.701141611546234,27.450000000000003,32.548823529411784
2026-07-16 14:16:54.636,53667.343076156416,23.701518287841505,27.449999999999996,32.58821782178217
2026-07-16 14:16:54.736,53742.576465183854,23.702345712865423,27.449999999999996,32.627647058823534
2026-07-16 14:16:54.836,53544.32002416384,23.70356034212269,27.45,32.6670297029703
2026-07-16 14:16:54.936,53407.48065330445,23.704173559646243,27.45,32.70663366336635
2026-07-16 14:16:55.036,53476.38015689977,23.70462268293629,27.450000000000003,32.74607843137257
2026-07-16 14:16:55.136,53595.70088015389,23.70506608460175,27.449999999999996,32.78544554455445
2026-07-16 14:16:55.236,53382.62999075198,23.70473419069245,27.45,32.8250495049505
2026-07-16 14:16:55.336,53460.21083967594,23.704911510533496,27.45,32.864509803921564
2026-07-16 14:16:55.436,53600.08619214341,23.705920151887554,27.449999999999996,32.90386138613862
2026-07-16 14:16:55.536,53597.832612398735,23.70669826618532,27.450000000000003,32.94307692307694
2026-07-16 14:16:55.636,53557.64238823157,23.707293860783366,27.449999999999996,32.984851485148496
2026-07-16 14:16:55.736,53504.64082434384,23.70770119358008,27.449999999999996,33.031485148514854
2026-07-16 14:16:55.836,53353.87159519008,23.70771791886375,27.449999999999996,33.07098039215685
2026-07-16 14:16:55.936,53280.882709591126,23.70773282141504,27.449999999999996,33.11029702970297
2026-07-16 14:16:56.036,53495.50811557814,23.708168805986247,27.45,33.14742574257426
2026-07-16 14:16:56.136,53438.59337326506,23.70828761717375,27.45,33.177058823529414
2026-07-16 14:16:56.236,53452.930951051705,23.708274259850466,27.45,33.20871287128715
2026-07-16 14:16:56.336,53562.47450768101,23.708404778496607,27.45,33.242079207920796
2026-07-16 14:16:56.436,53540.34006966645,23.708866464121634,27.450000000000003,33.25196078431373
2026-07-16 14:16:56.536,53450.25112925001,23.70965456611543,27.449999999999996,33.26178217821782
2026-07-16 14:16:56.636,53455.05005202229,23.710029404676714,27.449999999999996,33.27
2026-07-16 14:16:56.736,53635.145807332985,23.711364788343047,27.449999999999996,33.27
2026-07-16 14:16:56.836,53693.378368040736,23.712492840594145,27.449999999999996,33.268613861386136
2026-07-16 14:16:56.936,53621.42895542777,23.71305675916295,27.45,33.26
2026-07-16 14:16:57.036,53600.97216557352,23.71367959250911,27.449999999999996,33.26
2026-07-16 14:16:57.136,53819.98607454246,23.71582882630901,27.45,33.260000000000005
2026-07-16 14:16:57.236,53605.86402107155,23.715928779200667,27.450000000000003,33.260000000000005
2026-07-16 14:16:57.336,53693.92556090767,23.716898728332794,27.45,33.26
2026-07-16 14:16:57.436,53596.04011863718,23.717341548152984,27.450000000000003,33.260000000000005
2026-07-16 14:16:57.536,53452.07573116974,23.717573934422212,27.450000000000003,33.260000000000005
2026-07-16 14:16:57.636,53488.49194791417,23.718218082503853,27.450000000000003,33.260000000000005
2026-07-16 14:16:57.736,53628.85745268376,23.719205886784927,27.450000000000003,33.26
2026-07-16 14:16:57.836,53300.951738203294,23.719639705569655,27.450000000000003,33.260000000000005
2026-07-16 14:16:57.936,53461.79035894104,23.720506551446906,27.450000000000003,33.26
2026-07-16 14:16:58.036,53440.43256606643,23.72032237111743,27.450000000000003,33.26
2026-07-16 14:16:58.136,53312.997791556365,23.720394090481477,27.450000000000003,33.26
2026-07-16 14:16:58.236,53314.17627732262,23.721172209539702,27.450000000000003,33.260000000000005
2026-07-16 14:16:58.336,53531.05620795509,23.721506098738036,27.45,33.260000000000005
2026-07-16 14:16:58.436,53361.01221422619,23.721808447324783,27.450000000000003,33.26
2026-07-16 14:16:58.536,53426.922597928984,23.72161931231592,27.450000000000003,33.260000000000005
2026-07-16 14:16:58.636,53503.35916765955,23.72211528455461,27.450000000000003,33.26
2026-07-16 14:16:58.736,53415.46718452969,23.722350802024618,27.450000000000003,33.26
2026-07-16 14:16:58.836,53262.89808648449,23.721921810135896,27.450000000000003,33.26
2026-07-16 14:16:58.936,53279.411376559656,23.721322829581354,27.45,33.26
2026-07-16 14:16:59.036,53340.368764842715,23.721615968470868,27.45,33.324056603773606
2026-07-16 14:16:59.136,53511.399321151155,23.721426156766697,27.45,33.33
2026-07-16 14:16:59.236,53309.740730848804,23.720865865699775,27.449999999999996,33.33
2026-07-16 14:16:59.336,53305.72568933208,23.72075431192296,27.441287128712876,33.33871287128712
2026-07-16 14:16:59.436,53421.39126838712,23.720886072022505,27.439999999999998,33.34
2026-07-16 14:16:59.536,53392.77365649851,23.72088416145064,27.44,33.34
2026-07-16 14:16:59.636,53633.286552356134,23.72163729087142,27.439999999999998,33.34823529411765
2026-07-16 14:16:59.736,53325.41573015492,23.721437054471238,27.44,33.35
2026-07-16 14:16:59.836,53518.3924775356,23.72197519669868,27.439999999999998,33.35801980198019
2026-07-16 14:16:59.936,53643.85048005696,23.72239145197472,27.44,33.36
2026-07-16 14:17:00.036,53576.67346830539,23.722605497937508,27.439999999999998,33.36
2026-07-16 14:17:00.136,53488.127655645556,23.722907232998605,27.44,33.36
2026-07-16 14:17:00.236,53643.947429798594,23.72348994491377,27.439999999999998,33.36722772277227
2026-07-16 14:17:00.336,53488.37280857711,23.722752208306837,27.44705882352941,33.37
2026-07-16 14:17:00.436,53520.01464004197,23.72321280462532,27.449999999999996,33.376930693069305
2026-07-16 14:17:00.536,53498.44896131107,23.72324981490256,27.45,33.38
2026-07-16 14:17:00.636,53489.66024289343,23.723604375452922,27.449999999999996,33.38666666666666
2026-07-16 14:17:00.736,53557.682140166915,23.724581681563144,27.45,33.39
2026-07-16 14:17:00.836,53622.127865957096,23.725166907012305,27.449999999999996,33.39643564356435
2026-07-16 14:17:00.936,53368.355004476296,23.725251064805185,27.450000000000003,33.40298229263747
2026-07-16 14:17:01.036,53564.46792170536,23.72617407542235,27.45,33.40764212488351
2026-07-16 14:17:01.136,53527.19648057065,23.726491668687807,27.45,33.41230195712954
2026-07-16 14:17:01.236,53446.10974328087,23.726751105531825,27.45,33.416961789375584
2026-07-16 14:17:01.336,53548.775014618324,23.72738443569601,27.45,33.421621621621625
2026-07-16 14:17:01.436,53796.80300055908,23.728249678090656,27.450000000000003,33.42628145386766
2026-07-16 14:17:01.536,53465.899138266635,23.72867964255078,27.450000000000003,33.43094128611371
2026-07-16 14:17:01.636,53453.25724331256,23.72816606110125,27.45,33.43560111835974
2026-07-16 14:17:01.736,53384.22714903699,23.728342301843327,27.450000000000003,33.44026095060578
2026-07-16 14:17:01.836,53388.70593131916,23.728760117655188,27.45,33.444920782851824
2026-07-16 14:17:01.936,53444.76024863513,23.728976212702506,27.450000000000003,33.44958061509786
2026-07-16 14:17:02.036,53420.324199812625,23.728863959895406,27.449999999999996,33.45271912350598
2026-07-16 14:17:02.136,53257.09013993244,23.728761322364143,27.45,33.455707171314735
2026-07-16 14:17:02.236,53419.3906679533,23.728668485736804,27.45,33.45869521912351
2026-07-16 14:17:02.336,53441.82038156666,23.728920772551337,27.449999999999996,33.46168326693227
2026-07-16 14:17:02.436,53334.592332769986,23.728998717907118,27.45,33.46467131474104
2026-07-16 14:17:02.536,53243.84105214395,23.728741010105164,27.45,33.467659362549796
2026-07-16 14:17:02.636,53311.48336425319,23.728345090217346,27.449999999999996,33.470647410358566
2026-07-16 14:17:02.736,53533.05452762236,23.728266642468444,27.45,33.47363545816733
2026-07-16 14:17:02.836,53281.45144677284,23.727819892894704,27.45,33.47662350597609
2026-07-16 14:17:02.936,53302.73227637375,23.727710708314735,27.449999999999996,33.479611553784856
2026-07-16 14:17:03.036,53232.91206420025,23.726942909135644,27.45,33.48861386138614
2026-07-16 14:17:03.136,53078.972083941815,23.725351405635735,27.450000000000003,33.49843137254902
2026-07-16 14:17:03.236,52965.351650013596,23.723171445564223,27.449999999999996,33.5
2026-07-16 14:17:03.336,52969.29188760197,23.720751205222353,27.45,33.5
2026-07-16 14:17:03.436,52873.36868482082,23.718101381145996,27.449999999999996,33.50778846153846
2026-07-16 14:17:03.536,52802.00908089438,23.71410023430903,27.450000000000003,33.51
2026-07-16 14:17:03.636,52794.60671293339,23.709026822623844,27.450000000000003,33.50642099681866
2026-07-16 14:17:03.736,52723.35182897438,23.70283200862172,27.450000000000003,33.50164899257688
2026-07-16 14:17:03.836,52631.89849907362,23.69582933708451,27.45,33.4968769883351
2026-07-16 14:17:03.936,52690.136844793036,23.688692162006497,27.45,33.492104984093324
2026-07-16 14:17:04.036,52613.57537457678,23.681875653528174,27.45,33.48733297985153
2026-07-16 14:17:04.136,52994.11099710161,23.67846646200163,27.449999999999996,33.48256097560976
2026-07-16 14:17:04.236,52997.926638277146,23.6719498585432,27.45,33.47778897136797
2026-07-16 14:17:04.336,53013.54243601866,23.666149876365886,27.450000000000003,33.47301696712619
2026-07-16 14:17:04.436,53092.82686414769,23.661849062302892,27.450000000000003,33.46824496288441
2026-07-16 14:17:04.536,53114.48674194657,23.658232616481854,27.45,33.463472958642626
2026-07-16 14:17:04.636,53594.85593517707,23.660049680306223,27.450000000000003,33.458700954400854
2026-07-16 14:17:04.736,53386.44837507423,23.656545204632565,27.45,33.45392895015907
2026-07-16 14:17:04.836,53468.46697764129,23.65430362680124,27.449999999999996,33.44915694591728
2026-07-16 14:17:04.936,53500.40812157417,23.652036362194497,27.45,33.44438494167551
2026-07-16 14:17:05.036,53461.039707164055,23.64962450780127,27.45,33.43961293743372
2026-07-16 14:17:05.136,53417.63583367162,23.6473405701436,27.45,33.43484093319194
2026-07-16 14:17:05.236,53188.13311117972,23.644537521934097,27.45,33.430068928950156
2026-07-16 14:17:05.336,53689.12695647984,23.64423479475263,27.45,33.42529692470838
2026-07-16 14:17:05.436,53444.808939858296,23.641632613855958,27.45,33.4205249204666
2026-07-16 14:17:05.536,53445.617043088496,23.6399409131926,27.450000000000003,33.41127450980392
2026-07-16 14:17:05.636,53538.43756311854,23.640379012891522,27.449999999999996,33.40138613861386
2026-07-16 14:17:05.736,53507.546118605496,23.641960454266275,27.449999999999996,33.4
2026-07-16 14:17:05.836,53664.480885685545,23.641861869544563,27.449999999999996,33.39168316831683
2026-07-16 14:17:05.936,53431.09401685204,23.64020464851151,27.45,33.38178217821782
2026-07-16 14:17:06.036,53553.629755765156,23.639403271223454,27.450000000000003,33.38000000000001
2026-07-16 14:17:06.136,53633.55894863331,23.638806270069804,27.45,33.37207920792079
2026-07-16 14:17:06.236,53694.26164654546,23.63828352255974,27.45,33.36225490196078
2026-07-16 14:17:06.336,53746.6945251218,23.638028704481265,27.45,33.36
2026-07-16 14:17:06.436,53759.54812393358,23.63851516095236,27.449999999999996,33.3526923076923
2026-07-16 14:17:06.536,54277.68871752908,23.64075077786322,27.449999999999996,33.3428712871287
2026-07-16 14:17:06.636,53998.66651773614,23.641019821379807,27.450000000000003,33.33303921568628
2026-07-16 14:17:06.736,53827.39545547817,23.642037032504447,27.45,33.323168316831676
2026-07-16 14:17:06.836,53800.1055297752,23.642664904952746,27.45,33.31326732673267
2026-07-16 14:17:06.936,53937.51463986791,23.643033258131574,27.45,33.31
2026-07-16 14:17:07.036,54193.65215299399,23.644051982769952,27.449999999999996,33.303564356435636
2026-07-16 14:17:07.136,53954.7918063735,23.6439025962691,27.450000000000003,33.29372549019608
2026-07-16 14:17:07.236,53866.89698607949,23.643195855999327,27.449999999999996,33.28386138613861
2026-07-16 14:17:07.336,53960.62713284481,23.643423439065995,27.45,33.28
2026-07-16 14:17:07.436,54097.554502760315,23.644916652972253,27.45,33.27417475728156
2026-07-16 14:17:07.536,53991.19164317778,23.64642715003643,27.449999999999996,33.26441176470588
2026-07-16 14:17:07.636,53621.71782357249,23.646652564904947,27.449999999999996,33.25455445544554
2026-07-16 14:17:07.736,53772.937621677804,23.646334214226243,27.450000000000003,33.25
2026-07-16 14:17:07.836,53485.17339572936,23.645460687891738,27.449999999999996,33.24490196078432
2026-07-16 14:17:07.936,53714.752372504154,23.64608274837549,27.45,33.235049504950496
2026-07-16 14:17:08.036,53641.30093216463,23.646280717440654,27.45,33.23
2026-07-16 14:17:08.136,53546.54289261435,23.646493077457905,27.45,33.22534653465346
2026-07-16 14:17:08.236,53700.72365443616,23.647106840022346,27.450000000000003,33.22
2026-07-16 14:17:08.336,53571.16801364203,23.64682783149185,27.45,33.215643564356434
2026-07-16 14:17:08.436,53444.04180130451,23.64766083610995,27.449999999999996,33.20578431372549
2026-07-16 14:17:08.536,53098.96513248142,23.647967624453685,27.450000000000003,33.2
2026-07-16 14:17:08.636,53084.040252488645,23.648522300880852,27.449999999999996,33.196138613861386
2026-07-16 14:17:08.736,53090.371916245946,23.64872179757848,27.449999999999996,33.186274509803916
2026-07-16 14:17:08.836,52992.8283813856,23.64862250101799,27.449999999999996,33.18
2026-07-16 14:17:08.936,53061.420354497954,23.64922139774675,27.449999999999996,33.17653465346534
2026-07-16 14:17:09.036,52452.267328397116,23.648806653754995,27.450000000000003,33.166666666666664
2026-07-16 14:17:09.136,52415.98082838471,23.648424560791476,27.45,33.15683168316831
2026-07-16 14:17:09.236,52120.08147068138,23.648069644646565,27.449999999999996,33.14999999999999
2026-07-16 14:17:09.336,51910.76614075624,23.647739961296388,27.45,33.14705882352941
2026-07-16 14:17:09.436,51839.85920817585,23.64790007758546,27.45,33.13725490196079
2026-07-16 14:17:09.536,51630.03827632552,23.649063389601768,27.449999999999996,33.12742574257425
2026-07-16 14:17:09.636,51545.46704695769,23.65023002453548,27.45,33.12
2026-07-16 14:17:09.736,51038.781379311426,23.650358223530876,27.449999999999996,33.11772277227722
2026-07-16 14:17:09.836,50865.296456033444,23.65002936347323,27.449999999999996,33.10782178217821
2026-07-16 14:17:09.936,50656.93134173276,23.650153338269234,27.449999999999996,33.097941176470584
2026-07-16 14:17:10.036,50454.92519302298,23.650728250125184,27.45,33.08811881188119
2026-07-16 14:17:10.136,50394.04344876486,23.651096635508736,27.45,33.078217821782175
2026-07-16 14:17:10.236,49930.847379298335,23.6506008991561,27.449999999999996,33.06999999999999
2026-07-16 14:17:10.336,49759.519803543735,23.650140022317267,27.45,33.06851485148515
2026-07-16 14:17:10.436,49629.494231560995,23.65009908301449,27.45,33.058627450980396
2026-07-16 14:17:10.536,49263.21142281337,23.650445890134574,27.45,33.048823529411756
2026-07-16 14:17:10.636,48778.66475018517,23.650195017950153,27.450000000000003,33.0390099009901
2026-07-16 14:17:10.736,48467.628684339405,23.649261693596024,27.449999999999996,33.02911764705882
2026-07-16 14:17:10.836,48538.33540769145,23.64987069797984,27.45,33.019999999999996
2026-07-16 14:17:10.936,48337.45794904146,23.649432885582932,27.450000000000003,33.019411764705886
2026-07-16 14:17:11.036,47965.895405066265,23.649451536803316,27.449999999999996,33.009603960396035
2026-07-16 14:17:11.136,47726.60257480708,23.649551480882245,27.45,33.0
2026-07-16 14:17:11.236,47617.88945836913,23.64985262546625,27.449999999999996,32.999900990099
2026-07-16 14:17:11.336,47503.98407440596,23.650270135859493,27.45,32.99
2026-07-16 14:17:11.436,47231.56902461827,23.650291973868352,27.449999999999996,32.98009900990098
2026-07-16 14:17:11.536,46822.87301971634,23.649898038576136,27.45,32.98
2026-07-16 14:17:11.636,46597.265282452514,23.64952522731982,27.449999999999996,32.970396039603955
2026-07-16 14:17:11.736,46571.17804387849,23.64857501767155,27.45,32.96058823529411
2026-07-16 14:17:11.836,46356.836344824325,23.647577051157974,27.45,32.959999999999994
2026-07-16 14:17:11.936,46045.77401541676,23.646951861763107,27.45,32.95079207920792
2026-07-16 14:17:12.036,46066.62583838597,23.64663168040384,27.45,32.94098039215686
2026-07-16 14:17:12.136,45690.90180059042,23.645911275191242,27.449999999999996,32.94
2026-07-16 14:17:12.236,45694.82533564707,23.646571788009556,27.45,32.93127450980391
2026-07-16 14:17:12.336,45395.07982623593,23.646586905242863,27.449999999999996,32.92138613861386
2026-07-16 14:17:12.436,45217.200465324844,23.64660487407586,27.45,32.92
2026-07-16 14:17:12.536,45157.73719471519,23.646681551200356,27.449999999999996,32.911666666666655
2026-07-16 14:17:12.636,44973.52619196469,23.64651660615939,27.450000000000003,32.90186274509804
2026-07-16 14:17:12.736,44957.02982239999,23.646751588282893,27.449999999999996,32.8920588235294
2026-07-16 14:17:12.836,44814.15949842229,23.64653726165126,27.449999999999996,32.89
2026-07-16 14:17:12.936,44717.742580763406,23.646660090989595,27.450000000000003,32.88235294117648
2026-07-16 14:17:13.036,44458.24464992958,23.646376429422162,27.449999999999996,32.87247524752475
2026-07-16 14:17:13.136,44188.358872488505,23.645575389714114,27.449999999999996,32.86257425742574
2026-07-16 14:17:13.236,44058.26794751599,23.64461761732205,27.449999999999996,32.86
2026-07-16 14:17:13.336,43802.597459461176,23.644016503697106,27.449999999999996,32.84574257425742
2026-07-16 14:17:13.436,43817.67684737872,23.643909938418123,27.450000000000003,32.84
2026-07-16 14:17:13.536,43757.46959096478,23.644184881409437,27.45,32.83316831683168
2026-07-16 14:17:13.636,43640.319518274206,23.644526265081392,27.449999999999996,32.82333333333333
2026-07-16 14:17:13.736,43471.72600955561,23.644654044921737,27.45,32.81346534653465
2026-07-16 14:17:13.836,43307.25333213532,23.64463167284032,27.45,32.81
2026-07-16 14:17:13.936,43253.52862595202,23.64493557488579,27.45,32.80376237623762
2026-07-16 14:17:14.036,43088.19719880675,23.645220768837785,27.449999999999996,32.79386138613861
2026-07-16 14:17:14.136,42938.41249268286,23.644771859727033,27.449999999999996,32.78999999999999
2026-07-16 14:17:14.236,42983.12236759614,23.645081278326145,27.449999999999996,32.78415841584158
2026-07-16 14:17:14.336,42942.60888732299,23.64580142499495,27.450000000000003,32.7743137254902
2026-07-16 14:17:14.436,42725.42490340009,23.64637715511109,27.45,32.77
2026-07-16 14:17:14.536,42515.83833082142,23.64652636237719,27.45,32.764607843137256
2026-07-16 14:17:14.636,42143.918459564375,23.645862973082345,27.45,32.75475247524752
2026-07-16 14:17:14.736,42114.55829551077,23.645633067296963,27.449999999999996,32.75
2026-07-16 14:17:14.836,42188.441707288424,23.64609159347395,27.45,32.7450495049505
2026-07-16 14:17:14.936,42063.36521045696,23.64630939758767,27.45,32.73514851485148
2026-07-16 14:17:15.036,41797.56840521477,23.645948245145302,27.450000000000003,32.730000000000004
2026-07-16 14:17:15.136,41682.266764177984,23.645377112210646,27.449999999999996,32.725445544554454
2026-07-16 14:17:15.236,41760.55172077111,23.645209273717306,27.45,32.71554455445545
2026-07-16 14:17:15.336,41543.710386041654,23.64505573306792,27.449999999999996,32.7056862745098
2026-07-16 14:17:15.436,41397.11119211604,23.644589848146342,27.45,32.7
2026-07-16 14:17:15.536,41436.76499938147,23.644533716741748,27.450000000000003,32.69598039215686
2026-07-16 14:17:15.636,41546.12122243182,23.644681399024243,27.449999999999996,32.68613861386138
2026-07-16 14:17:15.736,41524.664444168855,23.644399649586575,27.449999999999996,32.67627450980392
2026-07-16 14:17:15.836,41287.31530180243,23.643471189610846,27.449999999999996,32.67
2026-07-16 14:17:15.936,41163.88219323404,23.643837702252178,27.449999999999996,32.66653465346534
2026-07-16 14:17:16.036,41167.91312324232,23.64418547869995,27.450000000000003,32.656666666666666
2026-07-16 14:17:16.136,41141.116081123626,23.644515139933596,27.45,32.646831683168315
2026-07-16 14:17:16.236,41021.699665062435,23.644644843741684,27.449999999999996,32.64
2026-07-16 14:17:16.336,40873.12369587111,23.644618083962747,27.449999999999996,32.63712871287129
2026-07-16 14:17:16.436,40862.87653203074,23.644894953873408,27.45,32.62725490196078
2026-07-16 14:17:16.536,40724.97520264605,23.644765318539097,27.449999999999996,32.61745098039215
2026-07-16 14:17:16.636,40545.81249138895,23.644644682360443,27.45,32.61
2026-07-16 14:17:16.736,40451.655615717755,23.64453182777235,27.45,32.60774509803921
2026-07-16 14:17:16.836,40448.450773718796,23.64442613160046,27.45,32.59792079207921
2026-07-16 14:17:16.936,40416.59717773773,23.64442800203406,27.450000000000003,32.58803921568628
2026-07-16 14:17:17.036,40201.47055842543,23.644692820701525,27.449999999999996,32.58
2026-07-16 14:17:17.136,40156.02197267745,23.64494594716709,27.449999999999996,32.578333333333326
2026-07-16 14:17:17.236,40116.411885098874,23.645508210440845,27.449999999999996,32.56851485148514
2026-07-16 14:17:17.336,39954.582511751636,23.645054038406453,27.450000000000003,32.558627450980396
2026-07-16 14:17:17.436,39858.64218342962,23.644772566692737,27.449999999999996,32.548823529411756
2026-07-16 14:17:17.536,39817.935133668456,23.644666754533127,27.449999999999996,32.54
2026-07-16 14:17:17.636,39673.90640237868,23.643741738496566,27.450000000000003,32.53911764705882
2026-07-16 14:17:17.736,39587.80413357299,23.64280008393085,27.45,32.52930693069307
2026-07-16 14:17:17.836,39708.784433131055,23.643139158966033,27.449999999999996,32.519405940594055
2026-07-16 14:17:17.936,39655.423785547064,23.643193547129325,27.449999999999996,32.50999999999999
2026-07-16 14:17:18.036,39556.86276094858,23.64337542512092,27.449999999999996,32.50970297029702
2026-07-16 14:17:18.136,39451.84111803895,23.64342362565926,27.45,32.499801980198015
2026-07-16 14:17:18.236,39343.199859471446,23.64315110674306,27.450000000000003,32.49000000000001
2026-07-16 14:17:18.336,39370.12996731974,23.643972322194895,27.450000000000003,32.49000000000001
2026-07-16 14:17:18.436,39477.46382637131,23.643882847801052,27.45,32.480198019801975
2026-07-16 14:17:18.536,39388.812148086,23.644486434808762,27.449999999999996,32.47048543689319
2026-07-16 14:17:18.636,39385.27944562768,23.64498736946272,27.45,32.47
2026-07-16 14:17:18.736,39385.62443144792,23.64510829979254,27.45,32.46078431372549
2026-07-16 14:17:18.836,39246.021499698116,23.644955890524123,27.449999999999996,32.45089108910891
2026-07-16 14:17:18.936,39042.785318908944,23.644814667432048,27.45,32.45
2026-07-16 14:17:19.036,39045.78223969579,23.64468533048053,27.449999999999996,32.44118811881187
2026-07-16 14:17:19.136,38827.55818828518,23.643553975408445,27.450000000000003,32.431372549019606
2026-07-16 14:17:19.236,38809.42329373103,23.642469085247114,27.45851485148515,32.43
2026-07-16 14:17:19.336,38802.150963782035,23.641728925659795,27.451584158415837,32.42158415841584
2026-07-16 14:17:19.436,38702.73531309134,23.64112849694742,27.45,32.41176470588235
2026-07-16 14:17:19.536,38731.061038227665,23.640284231032293,27.45,32.41
2026-07-16 14:17:19.636,38665.0822082048,23.640368995677726,27.450000000000003,32.402058823529416
2026-07-16 14:17:19.736,38533.404601623246,23.639195048576035,27.449999999999996,32.39217821782178
2026-07-16 14:17:19.836,38571.68719594114,23.638543970029122,27.449999999999996,32.382352941176464
2026-07-16 14:17:19.936,38594.13363469198,23.637963415845785,27.449999999999996,32.38
2026-07-16 14:17:20.036,38561.35589460322,23.637481588836835,27.45,32.372647058823524
2026-07-16 14:17:20.136,38613.30108158391,23.637604197873337,27.449999999999996,32.36277227722772
2026-07-16 14:17:20.236,38665.24007141333,23.636839772096927,27.45,32.35294117647059
2026-07-16 14:17:20.336,38665.360162192475,23.637039948084812,27.449999999999996,32.34306930693069
2026-07-16 14:17:20.436,38646.20994906392,23.63765767722727,27.45,32.333300970873786
2026-07-16 14:17:20.536,38607.84453691785,23.63810554574053,27.45,32.33
2026-07-16 14:17:20.636,38526.94822512934,23.638304530557853,27.45,32.32362745098039
2026-07-16 14:17:20.736,38444.29645635654,23.63856417418473,27.45,32.31376237623762
2026-07-16 14:17:20.836,38637.986437442785,23.639197399373533,27.450000000000003,32.30392156862745
2026-07-16 14:17:20.936,38383.80698535143,23.638883603967177,27.45,32.3
2026-07-16 14:17:21.036,38331.69528199088,23.638209187513034,27.449999999999996,32.29415841584158
2026-07-16 14:17:21.136,38328.116521166216,23.638298166916123,27.449999999999996,32.28431372549019
2026-07-16 14:17:21.236,38384.44715272577,23.639161873367353,27.449999999999996,32.28
2026-07-16 14:17:21.336,38453.786010895434,23.64008272542713,27.450000000000003,32.274607843137254
2026-07-16 14:17:21.436,38192.72644253025,23.64017342184634,27.45,32.264752475247526
2026-07-16 14:17:21.536,38056.4885633773,23.639770005110844,27.449999999999996,32.26
2026-07-16 14:17:21.636,38099.58885867572,23.63979263665973,27.449999999999996,32.254999999999995
2026-07-16 14:17:21.736,38054.33255654243,23.63931508062644,27.45,32.245148514851486
2026-07-16 14:17:21.836,37998.684399903694,23.63893067214653,27.450000000000003,32.24000000000001
2026-07-16 14:17:21.936,38038.687227331364,23.639080014248087,27.449999999999996,32.23544554455445
2026-07-16 14:17:22.036,38139.73793855098,23.639300379880773,27.45,32.22554455445544
2026-07-16 14:17:22.136,38333.534414835856,23.640753889513512,27.449999999999996,32.2156862745098
2026-07-16 14:17:22.236,38049.81829283342,23.640983919137803,27.45,32.21
2026-07-16 14:17:22.336,37845.7080511431,23.640710311476067,27.450000000000003,32.20598039215686
2026-07-16 14:17:22.436,37849.18535330487,23.640526450026364,27.449999999999996,32.196138613861386
2026-07-16 14:17:22.536,37980.72481465475,23.640724978227155,27.449999999999996,32.19
2026-07-16 14:17:22.636,38051.061849107544,23.641179502992696,27.449999999999996,32.18643564356435
2026-07-16 14:17:22.736,37906.59780808612,23.641212977199228,27.45,32.176568627450976
2026-07-16 14:17:22.836,37946.05955231849,23.640854301185012,27.449999999999996,32.17
2026-07-16 14:17:22.936,37858.377024803325,23.640475176079075,27.45,32.166862745098044
2026-07-16 14:17:23.036,37810.421853971595,23.640338811237445,27.45,32.16
2026-07-16 14:17:23.136,37741.99485161702,23.640268562743,27.449999999999996,32.157128712871284
2026-07-16 14:17:23.236,37575.553383155435,23.640174749433715,27.45,32.14725490196078
2026-07-16 14:17:23.336,37969.618587772115,23.641467188841997,27.45,32.13742574257425
2026-07-16 14:17:23.436,37764.28313980108,23.640675063154163,27.450000000000003,32.13
2026-07-16 14:17:23.536,37768.41675872334,23.640891798092213,27.449999999999996,32.127722772277224
2026-07-16 14:17:23.636,37752.37996585806,23.64141986108314,27.449999999999996,32.1178431372549
2026-07-16 14:17:23.736,37723.63809251743,23.641923150497895,27.449999999999996,32.10801980198019
2026-07-16 14:17:23.836,37744.64389991207,23.642124564695266,27.450000000000003,32.09813725490196
2026-07-16 14:17:23.936,37622.45729705495,23.641162733621265,27.449999999999996,32.09
2026-07-16 14:17:24.036,37601.370775058196,23.640213456257122,27.45,32.08843137254902
2026-07-16 14:17:24.136,37549.512158056394,23.639283587656358,27.449999999999996,32.07861386138613
2026-07-16 14:17:24.236,37652.99582267548,23.639370828842875,27.45,32.06872549019608
2026-07-16 14:17:24.336,37631.28417525013,23.639821820720627,27.449999999999996,32.058910891089106
2026-07-16 14:17:24.436,37459.06021041283,23.639938545557644,27.450000000000003,32.05
2026-07-16 14:17:24.536,37719.14862763551,23.64002041151204,27.449999999999996,32.049117647058814
2026-07-16 14:17:24.636,37480.60813201503,23.639630206940318,27.45,32.039306930693066
2026-07-16 14:17:24.736,37479.582857033376,23.639674601075594,27.450000000000003,32.029411764705884
2026-07-16 14:17:24.836,37409.29787086803,23.639181055029937,27.449999999999996,32.019999999999996
2026-07-16 14:17:24.936,37470.12766499388,23.638836569879143,27.45,32.019705882352945
2026-07-16 14:17:25.036,37645.674768546596,23.638858967013373,27.449999999999996,32.009900990099005
2026-07-16 14:17:25.136,37608.27549776126,23.63863049949414,27.449999999999996,31.999999999999996
2026-07-16 14:17:25.236,37695.60478741937,23.639234160937402,27.45,31.990196078431367
2026-07-16 14:17:25.336,37528.454591446025,23.63981649996054,27.449999999999996,31.99
2026-07-16 14:17:25.436,37590.920618212695,23.641034068806743,27.45,31.980396039603956
2026-07-16 14:17:25.536,37608.46041198567,23.64201387489355,27.450000000000003,31.970679611650482
2026-07-16 14:17:25.636,37522.144268359225,23.64235519821576,27.45,31.97
2026-07-16 14:17:25.736,37504.361802391206,23.64239603962279,27.45,31.960980392156866
2026-07-16 14:17:25.836,37479.868042907,23.642853476615333,27.45,31.95108910891089
2026-07-16 14:17:25.936,37548.347202434044,23.642830652523656,27.45,31.949999999999996
2026-07-16 14:17:26.036,37457.67443535316,23.642784799678886,27.45,31.941386138613858
2026-07-16 14:17:26.136,37452.83112209034,23.642985781045873,27.450000000000003,31.931568627450986
2026-07-16 14:17:26.236,37446.530109495645,23.643207815877428,27.449999999999996,31.929999999999996
2026-07-16 14:17:26.336,37291.5767840526,23.643147969437678,27.45,31.921782178217818
2026-07-16 14:17:26.436,37289.57596664153,23.643092865563446,27.449999999999996,31.91196078431372
2026-07-16 14:17:26.536,37157.93264692463,23.643042747363026,27.450000000000003,31.910000000000004
2026-07-16 14:17:26.636,37215.1875826185,23.6429961868983,27.450000000000003,31.902254901960788
2026-07-16 14:17:26.736,37222.426331302035,23.64251594669932,27.45,31.89237623762376
2026-07-16 14:17:26.836,37159.48619125242,23.64174990535829,27.45,31.89
2026-07-16 14:17:26.936,37152.60909309068,23.64125076211459,27.45,31.88267326732673
2026-07-16 14:17:27.036,37364.5539442109,23.64169334716875,27.45,31.872843137254897
2026-07-16 14:17:27.136,37353.51731127736,23.642117209086017,27.449999999999996,31.862970297029698
2026-07-16 14:17:27.236,37240.15465190053,23.642172182094235,27.449999999999996,31.853069306930685
2026-07-16 14:17:27.336,37191.276292294526,23.64190084005044,27.450000000000003,31.850000000000005
2026-07-16 14:17:27.436,37165.33655807124,23.641319601971794,27.45,31.84343137254902
2026-07-16 14:17:27.536,37153.13340246548,23.640762867274308,27.449999999999996,31.833564356435634
2026-07-16 14:17:27.636,37232.14934707299,23.640780957169657,27.450000000000003,31.823725490196082
2026-07-16 14:17:27.736,37165.303664334824,23.640423046620587,27.449999999999996,31.82
2026-07-16 14:17:27.836,37253.97779173262,23.640081553618295,27.45,31.81401960784313
2026-07-16 14:17:27.936,37360.33821226662,23.640315855950575,27.449999999999996,31.80415841584158
2026-07-16 14:17:28.036,37292.892461057345,23.640583411253182,27.45,31.8
2026-07-16 14:17:28.136,37112.05441612085,23.640515707068662,27.45,31.794455445544557
2026-07-16 14:17:28.236,37064.9164412764,23.64017832313721,27.449999999999996,31.784554455445544
2026-07-16 14:17:28.336,37114.11815587548,23.63985570505083,27.449999999999996,31.774705882352933
2026-07-16 14:17:28.436,37167.94087051485,23.639548676510397,27.449999999999996,31.76485148514851
2026-07-16 14:17:28.536,37297.15069351343,23.639831617022217,27.449999999999996,31.76
2026-07-16 14:17:28.636,37240.00660612156,23.639874592924897,27.450000000000003,31.75509803921569
2026-07-16 14:17:28.736,37110.82647662973,23.63956095183741,27.45,31.745294117647056
2026-07-16 14:17:28.836,37160.0169860564,23.639327343096813,27.45,31.73544554455445
2026-07-16 14:17:28.936,37199.706261351894,23.639434089013793,27.45,31.73
2026-07-16 14:17:29.036,36987.0468322451,23.638797893457536,27.450000000000003,31.725686274509805
2026-07-16 14:17:29.136,37018.77747902145,23.638452151047897,27.449999999999996,31.71584158415842
2026-07-16 14:17:29.236,37052.327543436535,23.63797087122952,27.45,31.705940594059406
2026-07-16 14:17:29.336,37106.01113827701,23.63783470909968,27.450000000000003,31.7
2026-07-16 14:17:29.436,37190.11202261995,23.63815828388456,27.45,31.696237623762375
2026-07-16 14:17:29.536,37035.61565539431,23.637515062789376,27.449999999999996,31.69
2026-07-16 14:17:29.636,37073.406054249725,23.638150537071727,27.450000000000003,31.68656862745098
2026-07-16 14:17:29.736,37121.63274109237,23.638399860920398,27.45,31.676732673267324
2026-07-16 14:17:29.836,37096.56214451569,23.638285363772944,27.449999999999996,31.67
2026-07-16 14:17:29.936,37061.80422427452,23.638208780260012,27.45,31.667029702970297
2026-07-16 14:17:30.036,37118.89750580863,23.63858449884058,27.45,31.657128712871284
2026-07-16 14:17:30.136,37296.32645068403,23.639474149948605,27.45,31.65
2026-07-16 14:17:30.236,37075.038303472116,23.639143126349214,27.449999999999996,31.647425742574256
2026-07-16 14:17:30.336,37147.35192883292,23.63921411072272,27.45,31.637524752475244
2026-07-16 14:17:30.436,37058.62323945573,23.639334649879,27.45,31.63
2026-07-16 14:17:30.536,37018.761216007035,23.63924647509603,27.45,31.625643564356423
2026-07-16 14:17:30.636,37038.4263678305,23.638952618669542,27.450000000000003,31.607941176470593
2026-07-16 14:17:30.736,36883.89913844441,23.638673135718516,27.449999999999996,31.6
2026-07-16 14:17:30.836,36953.75645080458,23.638408855897307,27.45,31.598235294117643
2026-07-16 14:17:30.936,36956.16911995525,23.637805621484855,27.45,31.588415841584155
2026-07-16 14:17:31.036,36939.62253272315,23.637469650153157,27.4514705882353,31.58
2026-07-16 14:17:31.136,36889.875806755204,23.6374681226061,27.46,31.577425742574263
2026-07-16 14:17:31.236,36905.23113527657,23.637654552093608,27.459999999999997,31.559999999999995
2026-07-16 14:17:31.336,37042.806947751924,23.637770762509597,27.46,31.55900990099009
2026-07-16 14:17:31.436,36924.498502490984,23.637552849061656,27.459117647058818,31.54911764705882
2026-07-16 14:17:31.536,36906.77803326059,23.637348102050193,27.449999999999996,31.53930693069306
2026-07-16 14:17:31.636,36997.30241918505,23.637440361942076,27.45,31.529999999999998
2026-07-16 14:17:31.736,37011.72432432549,23.637401392830853,27.449999999999996,31.529603960396038
2026-07-16 14:17:31.836,36950.11205362474,23.637072715501432,27.449999999999996,31.519702970297022
2026-07-16 14:17:31.936,36921.728972978526,23.636610745790392,27.45,31.509999999999998
2026-07-16 14:17:32.036,37020.30295707504,23.63644457584184,27.45,31.509999999999994
2026-07-16 14:17:32.136,36958.77391167212,23.636289359381497,27.449999999999996,31.50009900990099
2026-07-16 14:17:32.236,36981.877506152436,23.636725854008667,27.45,31.490198019801973
2026-07-16 14:17:32.336,36894.897656523775,23.636599140254432,27.450000000000003,31.49
2026-07-16 14:17:32.436,36870.63208578094,23.636391413426967,27.45,31.480495049504952
2026-07-16 14:17:32.536,36975.48251486384,23.63652275347495,27.45,31.48
2026-07-16 14:17:32.636,36919.59815105099,23.636376641756264,27.45,31.470784313725485
2026-07-16 14:17:32.736,36908.25742781119,23.63659284939904,27.449999999999996,31.460891089108905
2026-07-16 14:17:32.836,36867.99382098926,23.636173816005037,27.450000000000003,31.460000000000004
2026-07-16 14:17:32.936,36958.4921307944,23.636159445005276,27.449999999999996,31.451188118811878
2026-07-16 14:17:33.036,36958.816358342374,23.6360333338819,27.45,31.4413725490196
2026-07-16 14:17:33.136,36850.81626952563,23.63562625825778,27.45,31.439999999999998
2026-07-16 14:17:33.236,36875.04684593974,23.63545960512755,27.45,31.431584158415838
2026-07-16 14:17:33.336,36703.43142446644,23.63497116254606,27.450000000000003,31.421764705882357
2026-07-16 14:17:33.436,36849.273351190415,23.634492846052396,27.449999999999996,31.419999999999998
2026-07-16 14:17:33.536,36884.176958700205,23.634579133095045,27.449999999999996,31.411980198019798
2026-07-16 14:17:33.636,36844.735111693866,23.634477636154834,27.449999999999996,31.402156862745095
2026-07-16 14:17:33.736,36805.005817143065,23.63413489289835,27.449999999999996,31.392277227722765
2026-07-16 14:17:33.836,36820.98318327587,23.63411655751528,27.450000000000003,31.39
2026-07-16 14:17:33.936,36991.30599296822,23.634431875749613,27.449999999999996,31.37514851485149
2026-07-16 14:17:34.036,36836.98536661115,23.634369622041643,27.449999999999996,31.36274509803921
2026-07-16 14:17:34.136,36916.65989347271,23.634572484284313,27.449999999999996,31.36
2026-07-16 14:17:34.236,36862.16705067827,23.634234865819707,27.449999999999996,31.353039215686266
2026-07-16 14:17:34.336,36845.80392551952,23.634152402372084,27.449999999999996,31.34316831683168
2026-07-16 14:17:34.436,37082.769276954976,23.635133114909625,27.449999999999996,31.33333333333333
2026-07-16 14:17:34.536,36975.339121596844,23.635447609638067,27.45,31.33
2026-07-16 14:17:34.636,36802.501945298456,23.635311751243574,27.449999999999996,31.32356435643564
2026-07-16 14:17:34.736,36822.95362015251,23.634855509937896,27.449999999999996,31.31372549019607
2026-07-16 14:17:34.836,36840.54813635466,23.63458719845845,27.449999999999996,31.309999999999995
2026-07-16 14:17:34.936,36802.630233768694,23.634490818026983,27.450000000000003,31.304019607843138
2026-07-16 14:17:35.036,36737.33939725784,23.63422242251042,27.449999999999996,31.29415841584158
2026-07-16 14:17:35.136,36695.39157094997,23.633409610080516,27.45,31.284257425742574
2026-07-16 14:17:35.236,36797.399807670394,23.633786533895396,27.449999999999996,31.279999999999998
2026-07-16 14:17:35.336,36999.111046896425,23.634501589374615,27.449999999999996,31.27455445544554
2026-07-16 14:17:35.436,36778.26176939032,23.634413325302567,27.450000000000003,31.264705882352942
2026-07-16 14:17:35.536,36588.11018397882,23.63388445577489,27.449999999999996,31.26
2026-07-16 14:17:35.636,36669.066243585024,23.633251649427738,27.449999999999996,31.254999999999995
2026-07-16 14:17:35.736,36683.333181916525,23.632350936862192,27.45,31.25
2026-07-16 14:17:35.836,36784.90079337496,23.631887528759492,27.450000000000003,31.245294117647056
2026-07-16 14:17:35.936,36793.85418354653,23.63186315666136,27.449999999999996,31.23544554455445
2026-07-16 14:17:36.036,36862.84189343051,23.632516840050975,27.45,31.225544554455446
2026-07-16 14:17:36.136,36935.79510645952,23.633194238502508,27.449999999999996,31.219999999999995
2026-07-16 14:17:36.236,36932.47282961923,23.633778801082517,27.45,31.21584158415841
2026-07-16 14:17:36.336,36833.13456953635,23.63472342845553,27.449999999999996,31.2059405940594
2026-07-16 14:17:36.436,36820.790467226136,23.636080669167093,27.450000000000003,31.200000000000003
2026-07-16 14:17:36.536,36782.3508645144,23.6354820150151,27.449999999999996,31.19627450980392
2026-07-16 14:17:36.636,36887.13401843612,23.635973731784794,27.45,31.18647058823529
2026-07-16 14:17:36.736,36933.83340626894,23.636251270910435,27.45,31.18
2026-07-16 14:17:36.836,36885.10180217114,23.63603045087188,27.450000000000003,31.17676470588235
2026-07-16 14:17:36.936,36828.442923673145,23.63591600997812,27.449999999999996,31.166930693069304
2026-07-16 14:17:37.036,36809.36830882397,23.636236300518288,27.449999999999996,31.159999999999997
2026-07-16 14:17:37.136,36645.12791385679,23.636047852598622,27.449999999999996,31.15722772277227
2026-07-16 14:17:37.236,36697.398052358025,23.636237748571887,27.450000000000003,31.14735294117647
2026-07-16 14:17:37.336,36704.97542994033,23.63651658406699,27.45,31.137524752475244
2026-07-16 14:17:37.436,36663.582181605634,23.63696058143958,27.45,31.127623762376235
2026-07-16 14:17:37.536,36693.464981364545,23.637553632759236,27.45,31.11774509803921
2026-07-16 14:17:37.636,36867.994306790715,23.63777852127802,27.450000000000003,31.10794117647059
2026-07-16 14:17:37.736,36742.04680751096,23.63842268140393,27.449999999999996,31.099999999999998
2026-07-16 14:17:37.836,36766.06460260515,23.638665016786717,27.45,31.098235294117643
2026-07-16 14:17:37.936,36753.04809651628,23.63853346655651,27.45,31.088415841584155
2026-07-16 14:17:38.036,36700.09561930522,23.638248370488,27.45,31.078529411764702
2026-07-16 14:17:38.136,36698.98668392981,23.638202763772867,27.45,31.068712871287133
2026-07-16 14:17:38.236,36839.482001722594,23.638801166691476,27.449999999999996,31.05882352941176
2026-07-16 14:17:38.336,36779.10163785599,23.63938217007439,27.449999999999996,31.05
2026-07-16 14:17:38.436,36813.987109519454,23.640334929476268,27.449999999999996,31.049108910891086
2026-07-16 14:17:38.536,36713.18239887632,23.640691196038674,27.450000000000003,31.040000000000003
2026-07-16 14:17:38.636,36654.39656437552,23.640749864778698,27.45,31.039411764705886
2026-07-16 14:17:38.736,36676.01729679103,23.640803516173726,27.449999999999996,31.029603960396035
2026-07-16 14:17:38.836,36633.03107357603,23.640805873671354,27.449999999999996,31.019999999999996
2026-07-16 14:17:38.936,36632.41483723109,23.64044061019385,27.449999999999996,31.019900990099003
2026-07-16 14:17:39.036,36676.16109089929,23.640093213536126,27.450000000000003,31.009999999999998
2026-07-16 14:17:39.136,36771.59590277818,23.640358656781046,27.450000000000003,31.00019607843138
2026-07-16 14:17:39.236,36730.5937981412,23.640614118318926,27.45,31.0
2026-07-16 14:17:39.336,36616.13500755721,23.640669233552465,27.45,30.990396039603954
2026-07-16 14:17:39.436,36591.63035298099,23.640659834200704,27.45,30.980588235294114
2026-07-16 14:17:39.536,36479.25535179495,23.640326272663152,27.45,30.98
2026-07-16 14:17:39.636,36736.571649000776,23.64111435517344,27.450000000000003,30.970882352941178
2026-07-16 14:17:39.736,36752.67931163618,23.64163553313884,27.450000000000003,30.9609900990099
2026-07-16 14:17:39.836,36700.95381017294,23.641817095033588,27.449999999999996,30.95117647058823
2026-07-16 14:17:39.936,36715.73442075602,23.641974265744665,27.45,30.95
2026-07-16 14:17:40.036,36780.72618453521,23.642204969837227,27.45,30.941470588235298
2026-07-16 14:17:40.136,36664.3726716203,23.641799096834113,27.45,30.93158415841584
2026-07-16 14:17:40.236,36595.74978815907,23.641802734404855,27.45,30.921764705882353
2026-07-16 14:17:40.336,36682.145957126675,23.64211700390861,27.45,30.92
2026-07-16 14:17:40.436,36693.32167422479,23.64224906228621,27.449999999999996,30.911980198019798
2026-07-16 14:17:40.536,36661.98489700894,23.642074397603583,27.450000000000003,30.902156862745098
2026-07-16 14:17:40.636,36617.20775815167,23.641698555555628,27.449999999999996,30.892277227722772
2026-07-16 14:17:40.736,36459.76071218031,23.64133331349441,27.45,30.889999999999997
2026-07-16 14:17:40.836,36513.132921778975,23.640981184642023,27.449999999999996,30.875294117647044
2026-07-16 14:17:40.936,36608.88691889671,23.64096632934812,27.45,30.870000000000005
2026-07-16 14:17:41.036,36603.629137927936,23.641001890969058,27.449999999999996,30.862970297029698
2026-07-16 14:17:41.136,36626.929560501434,23.64103504497244,27.449999999999996,30.853069306930692
2026-07-16 14:17:41.236,36685.82359607003,23.641066010961534,27.449999999999996,30.85
2026-07-16 14:17:41.336,36622.1837847334,23.64109498489426,27.449999999999996,30.843366336633654
2026-07-16 14:17:41.436,36563.90654554316,23.641121962468887,27.450000000000003,30.833529411764705
2026-07-16 14:17:41.536,36607.118850135455,23.641147137906604,27.449999999999996,30.829999999999995
2026-07-16 14:17:41.636,36701.279763846316,23.64138692539855,27.449999999999996,30.823823529411765
2026-07-16 14:17:41.736,36782.827286978965,23.641870320994123,27.449999999999996,30.813960396039597
2026-07-16 14:17:41.836,36818.2452239613,23.642503486236087,27.45,30.81
2026-07-16 14:17:41.936,36783.657300878716,23.64299898622114,27.45,30.804257425742573
2026-07-16 14:17:42.036,36574.622217002994,23.642603200710646,27.449999999999996,30.794411764705877
2026-07-16 14:17:42.136,36655.53926086824,23.642901983643693,27.449999999999996,30.79
2026-07-16 14:17:42.236,36684.13206529067,23.6432245736193,27.450000000000003,30.784705882352945
2026-07-16 14:17:42.336,36626.455921081506,23.643121733806296,27.449999999999996,30.78
2026-07-16 14:17:42.436,36556.86392111949,23.64270681905257,27.449999999999996,30.775
2026-07-16 14:17:42.536,36569.29696022117,23.64244373115056,27.45,30.765148514851482
2026-07-16 14:17:42.636,36673.13767501635,23.64279957732717,27.45,30.756666666666668
2026-07-16 14:17:42.736,36567.29741406403,23.642763812670168,27.449999999999996,30.749722222222218
2026-07-16 14:17:42.836,36417.592769375486,23.64215115986422,27.45,30.74277777777777
2026-07-16 14:17:42.936,36474.89524802026,23.64234047662389,27.45,30.735833333333332
2026-07-16 14:17:43.036,36637.08052514952,23.642944012529043,27.449999999999996,30.728888888888882
2026-07-16 14:17:43.136,36715.67610802059,23.6434069526244,27.45,30.721944444444443
2026-07-16 14:17:43.236,36658.60186916438,23.64416915709009,27.449999999999996,30.714999999999996
2026-07-16 14:17:43.336,36657.60670094095,23.644928284400482,27.45,30.70805555555555
2026-07-16 14:17:43.436,36624.89518862403,23.64453150983296,27.45,30.701111111111103
2026-07-16 14:17:43.536,36640.93035165175,23.64425063960092,27.45,30.69168316831683
2026-07-16 14:17:43.636,36583.846161158246,23.643932735874305,27.450000000000003,30.68186274509804
2026-07-16 14:17:43.736,36478.592163477544,23.643394804710425,27.449999999999996,30.68
2026-07-16 14:17:43.836,36557.7156210866,23.642953581279667,27.450000000000003,30.67215686274509
2026-07-16 14:17:43.936,36772.71871659613,23.643352829957205,27.449999999999996,30.662277227722768
2026-07-16 14:17:44.036,36575.16195736987,23.64372984804709,27.45,30.66
2026-07-16 14:17:44.136,36544.40877913198,23.644087398968267,27.45,30.652549019607843
2026-07-16 14:17:44.236,36495.55783320508,23.643977244416195,27.45,30.642673267326728
2026-07-16 14:17:44.336,36408.66561734576,23.643581255521926,27.45,30.632843137254895
2026-07-16 14:17:44.436,36471.31839874507,23.643501770577384,27.450000000000003,30.623039215686276
2026-07-16 14:17:44.536,36631.013316203884,23.643429027403428,27.449999999999996,30.619999999999997
2026-07-16 14:17:44.636,36687.07713407136,23.644126940637584,27.449999999999996,30.61336633663366
2026-07-16 14:17:44.736,36631.00360239454,23.64391284952378,27.450000000000003,30.60352941176471
2026-07-16 14:17:44.836,36647.3876837685,23.643872222791348,27.449999999999996,30.593663366336628
2026-07-16 14:17:44.936,36646.7762174665,23.64405793753467,27.449999999999996,30.59
2026-07-16 14:17:45.036,36491.11564847919,23.643886801787577,27.449999999999996,30.5839603960396
2026-07-16 14:17:45.136,36436.27071905534,23.643382921938098,27.45,30.57405940594059
2026-07-16 14:17:45.236,36600.36860907667,23.644136215179493,27.449999999999996,30.569999999999997
2026-07-16 14:17:45.336,36717.7609785741,23.644904484481685,27.45,30.564313725490194
2026-07-16 14:17:45.436,36659.37011129979,23.645112838842707,27.45,30.560000000000002
2026-07-16 14:17:45.536,36608.11052953247,23.64532106455544,27.45,30.554607843137255
2026-07-16 14:17:45.636,36647.030414497545,23.64585213840681,27.45,30.544803921568626
2026-07-16 14:17:45.736,36436.287548408276,23.645659508328286,27.449999999999996,30.5349504950495
2026-07-16 14:17:45.836,36601.86453655976,23.64548327271237,27.450000000000003,30.530000000000005
2026-07-16 14:17:45.936,36441.886228445015,23.644610009702973,27.45,30.525247524752476
2026-07-16 14:17:46.036,36507.77993917054,23.644477001842716,27.45,30.51534653465346
2026-07-16 14:17:46.136,36607.80363315792,23.64439785911004,27.449999999999996,30.51
2026-07-16 14:17:46.236,36566.53189683822,23.644183735170564,27.45,30.505643564356433
2026-07-16 14:17:46.336,36536.53070593296,23.64492975242715,27.450000000000003,30.495784313725487
2026-07-16 14:17:46.436,36429.87391227801,23.644775903437914,27.45,30.489999999999995
2026-07-16 14:17:46.536,36523.463897491376,23.644635250951502,27.450000000000003,30.486078431372544
2026-07-16 14:17:46.636,36477.45539630474,23.644505365558476,27.45,30.476237623762373
2026-07-16 14:17:46.736,36500.92384940066,23.644597360138974,27.45,30.46637254901961
2026-07-16 14:17:46.836,36600.40853882352,23.644771395529688,27.449999999999996,30.46
2026-07-16 14:17:46.936,36573.88872771862,23.644691008651385,27.449999999999996,30.456633663366333
2026-07-16 14:17:47.036,36736.76968974249,23.64497765688313,27.449999999999996,30.446764705882348
2026-07-16 14:17:47.136,36495.792050377706,23.644505194329987,27.449999999999996,30.436930693069307
2026-07-16 14:17:47.236,36584.007295450596,23.644587197807887,27.450000000000003,30.43
2026-07-16 14:17:47.336,36613.84209989548,23.645101148076808,27.449999999999996,30.427227722772273
2026-07-16 14:17:47.436,36553.08426247699,23.645639448977004,27.45,30.417931034482763
2026-07-16 14:17:47.536,36596.49151928809,23.64582874011157,27.450000000000003,30.410268199233716
2026-07-16 14:17:47.636,36546.66488959472,23.6456545036065,27.45,30.402605363984677
2026-07-16 14:17:47.736,36543.29873831207,23.64549348401787,27.45,30.394942528735633
2026-07-16 14:17:47.836,36537.934191262815,23.645649342985408,27.450000000000003,30.38727969348659
2026-07-16 14:17:47.936,36568.98389658247,23.645885439606875,27.45,30.379616858237547
2026-07-16 14:17:48.036,36599.288765859514,23.646261570869605,27.449999999999996,30.371954022988504
2026-07-16 14:17:48.136,36615.53160346304,23.646857779322385,27.45,30.364291187739465
2026-07-16 14:17:48.236,36727.678317706515,23.64742911463304,27.45,30.356628352490418
2026-07-16 14:17:48.336,36456.029730811475,23.646779458516335,27.45,30.348965517241375
2026-07-16 14:17:48.436,36443.42139224731,23.646838711642893,27.45,30.341302681992335
2026-07-16 14:17:48.536,36527.361549478665,23.64730090549069,27.449999999999996,30.33186274509803
2026-07-16 14:17:48.636,36566.57266049122,23.647525764773818,27.449999999999996,30.329999999999995
2026-07-16 14:17:48.736,36557.53424519263,23.647481604128558,27.450000000000003,30.322156862745096
2026-07-16 14:17:48.836,36650.23489505532,23.648050601763043,27.449999999999996,30.312277227722767
2026-07-16 14:17:48.936,36541.347219150775,23.648200854513664,27.45,30.309999999999995
2026-07-16 14:17:49.036,36524.473558586054,23.648340057507212,27.449999999999996,30.302574257425732
2026-07-16 14:17:49.136,36482.12753541334,23.64846991631685,27.45,30.292673267326727
2026-07-16 14:17:49.236,36452.69852007126,23.648591203170508,27.45,30.29
2026-07-16 14:17:49.336,36505.221818822494,23.648704621019167,27.449999999999996,30.2829702970297
2026-07-16 14:17:49.436,36644.08865714571,23.648810809300382,27.449999999999996,30.273137254901954
2026-07-16 14:17:49.536,36529.882316194315,23.648909713958385,27.449999999999996,30.263267326732667
2026-07-16 14:17:49.636,36561.476734189,23.649650606666395,27.450000000000003,30.260000000000005
2026-07-16 14:17:49.736,36581.80831968189,23.649916955688887,27.449999999999996,30.253564356435643
2026-07-16 14:17:49.836,36497.08587140118,23.649778590550476,27.449999999999996,30.24372549019607
2026-07-16 14:17:49.936,36389.00337140805,23.649344055392262,27.449999999999996,30.23386138613861
2026-07-16 14:17:50.036,36412.691870152004,23.64879021112923,27.449999999999996,30.23
2026-07-16 14:17:50.136,36513.33236071482,23.648896448914154,27.45,30.224059405940594
2026-07-16 14:17:50.236,36462.31091481603,23.648633912898788,27.449999999999996,30.214215686274503
2026-07-16 14:17:50.336,36490.03841273117,23.648653416834264,27.449999999999996,30.204356435643557
2026-07-16 14:17:50.436,36511.73227628236,23.648759092306246,27.45,30.19582867783985
2026-07-16 14:17:50.536,36510.12874708347,23.64885839602247,27.450000000000003,30.188379888268155
2026-07-16 14:17:50.636,36477.08641217448,23.648885482130662,27.45,30.180931098696462
2026-07-16 14:17:50.736,36310.7517269484,23.648630627649702,27.450000000000003,30.17348230912477
2026-07-16 14:17:50.836,36477.739301593225,23.64872953750552,27.449999999999996,30.166033519553068
2026-07-16 14:17:50.936,36554.00937853625,23.648823017005338,27.45,30.158584729981378
2026-07-16 14:17:51.036,36610.33539139403,23.648911442502616,27.45,30.15113594040968
2026-07-16 14:17:51.136,36640.933204383735,23.6492675197014,27.449999999999996,30.143687150837987
2026-07-16 14:17:51.236,36624.20240364281,23.64982687937121,27.45,30.136238361266294
2026-07-16 14:17:51.336,36571.02717851277,23.649898421494857,27.45,30.128789571694597
2026-07-16 14:17:51.436,36562.704371974425,23.650283793975476,27.450000000000003,30.121340782122903
2026-07-16 14:17:51.536,36615.95765379582,23.650954065452687,27.45,30.12
2026-07-16 14:17:51.636,36569.26688981054,23.651199670340198,27.450000000000003,30.112058823529416
2026-07-16 14:17:51.736,36537.544299022724,23.65120581716134,27.449999999999996,30.10217821782178
2026-07-16 14:17:51.836,36553.64543756471,23.651211532334976,27.449999999999996,30.099999999999998
2026-07-16 14:17:51.936,36497.22671841086,23.651216857812205,27.449999999999996,30.092475247524746
2026-07-16 14:17:52.036,36507.14971193286,23.651221792419562,27.45,30.082647058823525
2026-07-16 14:17:52.136,36651.25730915235,23.652057139946884,27.449999999999996,30.079999999999995
2026-07-16 14:17:52.236,36497.024107846344,23.6523024600768,27.449999999999996,30.072871287128713
2026-07-16 14:17:52.336,36419.4187062454,23.652268322262238,27.449999999999996,30.063039215686267
2026-07-16 14:17:52.436,36462.752115533025,23.652130509634304,27.450000000000003,30.05323529411765
2026-07-16 14:17:52.536,36393.855979286534,23.651954756277306,27.449999999999996,30.049999999999997
2026-07-16 14:17:52.636,36542.70902708227,23.652924590758122,27.45,30.043529411764705
2026-07-16 14:17:52.736,36557.45384779742,23.653268815823154,27.449999999999996,30.03366336633663
2026-07-16 14:17:52.836,36563.62171394093,23.653565211143587,27.449999999999996,30.023823529411757
2026-07-16 14:17:52.936,36592.50009047132,23.654057880073985,27.449999999999996,30.019999999999996
2026-07-16 14:17:53.036,36563.29249640692,23.65427499011515,27.45,30.014117647058818
2026-07-16 14:17:53.136,36412.622006932936,23.653833237488232,27.45,30.004257425742573
2026-07-16 14:17:53.236,36296.38459631642,23.653728660860086,27.45,30.0
2026-07-16 14:17:53.336,36513.19634939711,23.654012541762917,27.45,29.994509803921567
2026-07-16 14:17:53.436,36558.739893465405,23.654288611017783,27.449999999999996,29.98465346534653
2026-07-16 14:17:53.536,36622.64279299317,23.654782424313975,27.450000000000003,29.974803921568625
2026-07-16 14:17:53.636,36546.388949977845,23.655089395806637,27.45,29.97
2026-07-16 14:17:53.736,36326.46307922481,23.65501975730225,27.449999999999996,29.965098039215682
2026-07-16 14:17:53.836,36484.333412450054,23.655233470176274,27.45,29.95524752475247
2026-07-16 14:17:53.936,36383.779111026146,23.65469590661297,27.45,29.950000000000003
2026-07-16 14:17:54.036,36313.98749868124,23.654167068350596,27.450000000000003,29.94549019607843
2026-07-16 14:17:54.136,36471.59943805727,23.65417210841889,27.45,29.935643564356436
2026-07-16 14:17:54.236,36572.56272043117,23.65427205818726,27.45,29.929999999999996
2026-07-16 14:17:54.336,36493.45165237606,23.654253481692116,27.449999999999996,29.925882352941166
2026-07-16 14:17:54.436,36491.31271983187,23.654553099959376,27.449999999999996,29.916116504854365
2026-07-16 14:17:54.536,36539.06940309193,23.655191936076122,27.45,29.906336633663365
2026-07-16 14:17:54.636,36352.02431766015,23.65476477991185,27.45,29.896470588235292
2026-07-16 14:17:54.736,36439.71391681365,23.6547806499731,27.45,29.89
2026-07-16 14:17:54.836,36523.42372131454,23.655042395402955,27.449999999999996,29.88673267326732
2026-07-16 14:17:54.936,36474.77100575966,23.654916143774997,27.45,29.876862745098038
2026-07-16 14:17:55.036,36450.38210524622,23.65405776129615,27.45,29.87
2026-07-16 14:17:55.136,36546.933524839915,23.653934412539108,27.449999999999996,29.867156862745098
2026-07-16 14:17:55.236,36447.48614755404,23.653821208922245,27.449999999999996,29.85732673267326
2026-07-16 14:17:55.336,36504.76183354342,23.654012190270706,27.45,29.847425742574252
2026-07-16 14:17:55.436,36525.04167668047,23.654300675197636,27.449999999999996,29.838084291187734
2026-07-16 14:17:55.536,36443.71144119687,23.654434840411156,27.449999999999996,29.83042145593869
2026-07-16 14:17:55.636,36374.4224422659,23.654306879572417,27.450000000000003,29.822758620689655
2026-07-16 14:17:55.736,36558.4861760073,23.65418729886279,27.449999999999996,29.815095785440608
2026-07-16 14:17:55.836,36502.30602283499,23.654438168076066,27.449999999999996,29.807432950191565
2026-07-16 14:17:55.936,36438.16930997193,23.654399003456763,27.45,29.799770114942525
2026-07-16 14:17:56.036,36515.00897294368,23.654282302190953,27.449999999999996,29.792107279693482
2026-07-16 14:17:56.136,36596.97556755891,23.654312599112597,27.45,29.784444444444446
2026-07-16 14:17:56.236,36563.25037745566,23.65462751706597,27.449999999999996,29.776781609195403
2026-07-16 14:17:56.336,36605.8227824355,23.655187047657382,27.45,29.76911877394636
2026-07-16 14:17:56.436,36384.68325488879,23.654674499054444,27.449999999999996,29.761455938697317
2026-07-16 14:17:56.536,36388.69474532906,23.654480266099398,27.449999999999996,29.759999999999998
2026-07-16 14:17:56.636,36483.97698054509,23.65459141166511,27.449999999999996,29.752156862745096
2026-07-16 14:17:56.736,36596.44588772309,23.65515382988369,27.45772277227723,29.742277227722763
2026-07-16 14:17:56.836,36655.370382304616,23.656119130682363,27.46,29.732376237623757
2026-07-16 14:17:56.936,36585.50037797131,23.657037943892487,27.46,29.73
2026-07-16 14:17:57.036,36487.54880696988,23.656777637052507,27.46,29.722673267326726
2026-07-16 14:17:57.136,36575.68348564213,23.657274965622648,27.46,29.712772277227725
2026-07-16 14:17:57.236,36601.94815015694,23.658161237572553,27.459999999999997,29.71
2026-07-16 14:17:57.336,36539.40807507374,23.65896017163243,27.459999999999997,29.703069306930683
2026-07-16 14:17:57.436,36516.539152166915,23.659524405650807,27.46,29.7
2026-07-16 14:17:57.536,36669.60652188504,23.66001426701138,27.46,29.69336633663366
2026-07-16 14:17:57.636,36558.86891926649,23.660055490366634,27.46,29.68352941176471
2026-07-16 14:17:57.736,36539.319861430486,23.660504135509207,27.46,29.679999999999996
2026-07-16 14:17:57.836,36377.10293201056,23.66031725873458,27.46,29.67376237623762
2026-07-16 14:17:57.936,36330.37714345123,23.660370763276624,27.46,29.663921568627444
2026-07-16 14:17:58.036,36440.59158861353,23.660690946882777,27.46,29.654059405940586
2026-07-16 14:17:58.136,36526.6399656077,23.660697820348062,27.46,29.64415841584158
2026-07-16 14:17:58.236,36406.6214113273,23.66070406259204,27.46,29.634313725490195
2026-07-16 14:17:58.336,36298.60330585569,23.660319580644433,27.46,29.629999999999995
2026-07-16 14:17:58.436,36397.28737657079,23.660561611886976,27.46,29.624607843137255
2026-07-16 14:17:58.536,36435.38102991883,23.66074652040755,27.46,29.614803921568623
2026-07-16 14:17:58.636,36425.29564136328,23.660750318465475,27.46,29.61
2026-07-16 14:17:58.736,36447.90853342771,23.660680479187572,27.46,29.605098039215683
2026-07-16 14:17:58.836,36343.663045805064,23.66031313968152,27.460000000000004,29.595294117647057
2026-07-16 14:17:58.936,36514.42996185366,23.660333865855176,27.46,29.589999999999996
2026-07-16 14:17:59.036,36443.51334529136,23.66035311590462,27.455544554455443,29.585544554455442
2026-07-16 14:17:59.136,36463.227303436775,23.660586493677982,27.449999999999996,29.5756862745098
2026-07-16 14:17:59.236,36506.76221229858,23.660793245613053,27.45,29.57
2026-07-16 14:17:59.336,36514.2219633783,23.66095517466585,27.450000000000003,29.56598039215686
2026-07-16 14:17:59.436,36659.20597211014,23.661622488385863,27.450000000000003,29.556213592233007
2026-07-16 14:17:59.536,36532.27054060239,23.662303699143365,27.450000000000003,29.550000000000004
2026-07-16 14:17:59.636,36520.73898349288,23.662672321796897,27.450000000000003,29.54656862745098
2026-07-16 14:17:59.736,36493.325310166925,23.662725746584755,27.45,29.536732673267323
2026-07-16 14:17:59.836,36498.97681130925,23.6626508890681,27.449999999999996,29.53
2026-07-16 14:17:59.936,36522.31076578972,23.662580910201633,27.449999999999996,29.526960784313722
2026-07-16 14:18:00.036,36458.18428260735,23.662515393551434,27.45,29.52
2026-07-16 14:18:00.136,36459.17603631889,23.662454397011906,27.45,29.517254901960783
2026-07-16 14:18:00.236,36464.3245728474,23.66269731979535,27.449999999999996,29.507425742574256
2026-07-16 14:18:00.336,36499.46926617471,23.66296556872428,27.45,29.499999999999996
2026-07-16 14:18:00.436,36435.80835368064,23.663051111576785,27.45,29.49764705882353
2026-07-16 14:18:00.536,36360.63372370413,23.663185648353544,27.450000000000003,29.490000000000002
2026-07-16 14:18:00.636,36454.44077426825,23.663709759549594,27.449999999999996,29.488019801980197
2026-07-16 14:18:00.736,36458.62769633755,23.663950450425787,27.45,29.48
2026-07-16 14:18:00.836,36559.850250155745,23.664498216245267,27.45,29.47831683168316
2026-07-16 14:18:00.936,36546.79678681452,23.664798407324685,27.45,29.468415841584154
2026-07-16 14:18:01.036,36524.39111492633,23.66500672545865,27.45,29.457058823529408
2026-07-16 14:18:01.136,36544.0600378723,23.665334171346505,27.45,29.43872549019608
2026-07-16 14:18:01.236,36547.79288096551,23.665669679488516,27.449999999999996,29.428910891089103
2026-07-16 14:18:01.336,36333.81394284836,23.665114369846666,27.449999999999996,29.419009900990094
2026-07-16 14:18:01.436,36283.70677728211,23.6641882484166,27.449999999999996,29.409117647058817
2026-07-16 14:18:01.536,36401.752767135345,23.663893054396162,27.449999999999996,29.39930693069306
2026-07-16 14:18:01.636,36423.12790983818,23.664005420595736,27.45,29.389411764705887
2026-07-16 14:18:01.736,36390.00891575872,23.66410574741907,27.449999999999996,29.379999999999995
2026-07-16 14:18:01.836,36397.61326601893,23.664056831587065,27.449999999999996,29.379705882352933
2026-07-16 14:18:01.936,36384.3860543204,23.66429770275996,27.449999999999996,29.37
2026-07-16 14:18:02.036,36390.42184805327,23.664158917564393,27.45,29.369999999999994
2026-07-16 14:18:02.136,36486.20393867575,23.664646531487634,27.449999999999996,29.36009900990099
2026-07-16 14:18:02.236,36453.48339504328,23.665000018782287,27.45,29.35029411764706
2026-07-16 14:18:02.336,36517.4874933636,23.665563333270093,27.45,29.340396039603956
2026-07-16 14:18:02.436,36697.86797043002,23.66630970663001,27.45,29.34
2026-07-16 14:18:02.536,36642.518460057,23.66645286570732,27.449999999999996,29.330961538461537
2026-07-16 14:18:02.636,36482.797606603424,23.66621328301738,27.449999999999996,29.321176470588235
2026-07-16 14:18:02.736,36503.67944016197,23.66668512880103,27.45,29.32
2026-07-16 14:18:02.836,36483.72238246347,23.66667320381501,27.45,29.31148514851484
2026-07-16 14:18:02.936,36455.24000684164,23.666626688000306,27.45,29.301584158415835
2026-07-16 14:18:03.036,36483.494447121455,23.666903240543284,27.450000000000003,29.300000000000004
2026-07-16 14:18:03.136,36553.888311375274,23.667331947708767,27.449999999999996,29.29188118811881
2026-07-16 14:18:03.236,36336.87547275778,23.6670557397786,27.449999999999996,29.281980198019795
2026-07-16 14:18:03.336,36378.36064316412,23.666795230426228,27.450000000000003,29.28
2026-07-16 14:18:03.436,36306.24010008906,23.66654769062248,27.449999999999996,29.272277227722768
2026-07-16 14:18:03.536,36285.54286055456,23.666099549396783,27.449999999999996,29.26458835341365
2026-07-16 14:18:03.636,36384.84973553274,23.66577709237951,27.449999999999996,29.257560240963855
2026-07-16 14:18:03.736,36517.05785056969,23.666034794130802,27.449999999999996,29.250532128514052
2026-07-16 14:18:03.836,36452.87965942605,23.666599788948133,27.449999999999996,29.24350401606425
2026-07-16 14:18:03.936,36506.51624231125,23.666766353566906,27.449999999999996,29.236475903614455
2026-07-16 14:18:04.036,36510.278125198514,23.6672174585673,27.449999999999996,29.229447791164652
2026-07-16 14:18:04.136,36478.75610050718,23.667739730048936,27.449999999999996,29.222419678714857
2026-07-16 14:18:04.236,36477.49571956663,23.668086983595416,27.449999999999996,29.215391566265055
2026-07-16 14:18:04.336,36514.332596895016,23.66809862452648,27.45,29.20836345381526
2026-07-16 14:18:04.436,36451.093776623326,23.667783525358562,27.449999999999996,29.201335341365457
2026-07-16 14:18:04.536,36403.362592565,23.6671002257046,27.449999999999996,29.199999999999996
2026-07-16 14:18:04.636,36661.597458044766,23.66812573384197,27.450000000000003,29.19225490196079
2026-07-16 14:18:04.736,36636.85913610425,23.668962701822736,27.45,29.182376237623764
2026-07-16 14:18:04.836,36441.23717276182,23.66907186686806,27.449999999999996,29.172475247524748
2026-07-16 14:18:04.936,36347.77667100084,23.668783520085043,27.449999999999996,29.16264705882353
2026-07-16 14:18:05.036,36459.34659431477,23.668887632602317,27.449999999999996,29.152772277227715
2026-07-16 14:18:05.136,36449.20994488264,23.669387516101324,27.45,29.15
2026-07-16 14:18:05.236,36348.804256847674,23.669095201827066,27.449999999999996,29.143069306930684
2026-07-16 14:18:05.336,36352.02422642049,23.66870760693039,27.449999999999996,29.13316831683168
2026-07-16 14:18:05.436,36490.290464458216,23.668985836486172,27.449999999999996,29.123398058252427
2026-07-16 14:18:05.536,36632.16544755045,23.669659964457217,27.450000000000003,29.120000000000005
2026-07-16 14:18:05.636,36572.40402199573,23.669789877782332,27.45,29.113762376237624
2026-07-16 14:18:05.736,36373.10090184304,23.670694645536063,27.449999999999996,29.10386138613861
2026-07-16 14:18:05.836,36413.65811122885,23.671166581553067,27.45,29.1
2026-07-16 14:18:05.936,36525.49635151199,23.671580603162738,27.449999999999996,29.094158415841584
2026-07-16 14:18:06.036,36580.78719593629,23.67221995172753,27.45,29.08431372549019
2026-07-16 14:18:06.136,36533.63689888365,23.672887391412935,27.45,29.08
2026-07-16 14:18:06.236,36445.18511668346,23.673155914204642,27.449999999999996,29.074554455445544
2026-07-16 14:18:06.336,36518.27446174367,23.673013753122444,27.449999999999996,29.064705882352932
2026-07-16 14:18:06.436,36524.67547443147,23.67288483085997,27.449999999999996,29.059999999999995
2026-07-16 14:18:06.536,36421.09183775496,23.67309401962816,27.450000000000003,29.055
2026-07-16 14:18:06.636,36430.399810932664,23.673389773668653,27.449999999999996,29.045148514851483
2026-07-16 14:18:06.736,36439.69210103885,23.673507826608027,27.45,29.04
2026-07-16 14:18:06.836,36339.580649026466,23.67344558037784,27.45,29.03544554455445
2026-07-16 14:18:06.936,36443.60783549396,23.673715478145912,27.45,29.025544554455443
2026-07-16 14:18:07.036,36484.350569131595,23.674366715010894,27.450000000000003,29.015686274509804
2026-07-16 14:18:07.136,36363.94055303662,23.67433467577876,27.449999999999996,29.009999999999998
2026-07-16 14:18:07.236,36345.75133266751,23.674159696294403,27.45,29.005940594059403
2026-07-16 14:18:07.336,36407.40782305905,23.673995651007495,27.450000000000003,29.0
2026-07-16 14:18:07.436,36424.99406780579,23.67365304910035,27.45,28.996237623762372
2026-07-16 14:18:07.536,36323.96841639355,23.672780417770806,27.449999999999996,28.986372549019606
2026-07-16 14:18:07.636,36369.636198305474,23.672671569731094,27.449999999999996,28.976534653465343
2026-07-16 14:18:07.736,36424.660054670465,23.672909896466066,27.450000000000003,28.970000000000002
2026-07-16 14:18:07.836,36511.328356991624,23.673459262727356,27.449999999999996,28.966831683168312
2026-07-16 14:18:07.936,36510.56416536067,23.673931313747033,27.449999999999996,28.956960784313722
2026-07-16 14:18:08.036,36402.035096584885,23.674063804694235,27.45,28.949999999999996
2026-07-16 14:18:08.136,36326.68173169827,23.673939441597334,27.45,28.947254901960783
2026-07-16 14:18:08.236,36492.9644004029,23.67417684636393,27.449999999999996,28.934851485148513
2026-07-16 14:18:08.336,36456.29082525974,23.674053494675906,27.45,28.92
2026-07-16 14:18:08.436,36441.36821869957,23.67390146469858,27.452277227722774,28.917722772277223
2026-07-16 14:18:08.536,36531.22950609584,23.673949176735277,27.46,28.9078431372549
2026-07-16 14:18:08.636,36622.06489644857,23.674292997648536,27.459999999999997,28.9
2026-07-16 14:18:08.736,36557.57161783222,23.674872310026778,27.46,28.89813725490196
2026-07-16 14:18:08.836,36503.83959926001,23.67544807474622,27.458316831683163,28.888316831683163
2026-07-16 14:18:08.936,36299.60116725815,23.67489439696665,27.45,28.87841584158415
2026-07-16 14:18:09.036,36329.16424477335,23.674601918896776,27.45,28.868529411764705
2026-07-16 14:18:09.136,36435.22248217903,23.674640854105384,27.45,28.858712871287132
2026-07-16 14:18:09.236,36443.87083543945,23.674555725938617,27.449999999999996,28.849999999999998
2026-07-16 14:18:09.336,36339.36542031431,23.674056426335987,27.449999999999996,28.849009900990094
2026-07-16 14:18:09.436,36441.86984581499,23.67389517088507,27.449999999999996,28.839117647058817
2026-07-16 14:18:09.536,36541.09584616398,23.674521885987303,27.449999999999996,28.83
2026-07-16 14:18:09.636,36439.79279705329,23.674494545617026,27.45,28.829411764705885
2026-07-16 14:18:09.736,36347.444377833366,23.674316069089063,27.449999999999996,28.819603960396034
2026-07-16 14:18:09.836,36332.68921506654,23.674309164580542,27.449999999999996,28.809999999999995
2026-07-16 14:18:09.936,36392.739841013135,23.674439673880755,27.45,28.809803921568623
2026-07-16 14:18:10.036,36509.0283801892,23.674286433732313,27.45,28.799999999999994
2026-07-16 14:18:10.136,36509.5461617813,23.67449599550369,27.449999999999996,28.790099009900988
2026-07-16 14:18:10.236,36502.793495274964,23.675007805403364,27.45,28.79
2026-07-16 14:18:10.336,36507.606890934236,23.675071309418676,27.45,28.780396039603957
2026-07-16 14:18:10.436,36584.411046145586,23.675577806368644,27.45,28.770495049504948
2026-07-16 14:18:10.536,36617.621457250745,23.67656568174781,27.449999999999996,28.769999999999996
2026-07-16 14:18:10.636,36373.07641422475,23.676703045552443,27.45,28.76079207920792
2026-07-16 14:18:10.736,36485.77407343185,23.67682949841086,27.45,28.750980392156865
2026-07-16 14:18:10.836,36556.36803626065,23.677304563581636,27.45,28.75
2026-07-16 14:18:10.936,36454.520094598054,23.677241665452648,27.45,28.741274509803915
2026-07-16 14:18:11.036,36453.78110389915,23.67735263791643,27.45,28.731386138613857
2026-07-16 14:18:11.136,36531.500623670945,23.67772732852118,27.45,28.721485148514848
2026-07-16 14:18:11.236,36431.70608812623,23.677808472095123,27.450000000000003,28.72
2026-07-16 14:18:11.336,36369.77030458557,23.6778832714795,27.45,28.711782178217817
2026-07-16 14:18:11.436,36522.8255836778,23.678310720277384,27.449999999999996,28.70188118811881
2026-07-16 14:18:11.536,36432.3887357473,23.679041488608505,27.449999999999996,28.692058823529408
2026-07-16 14:18:11.636,36365.4967376274,23.679187116644115,27.449999999999996,28.69
2026-07-16 14:18:11.736,36417.42496177947,23.67909564130798,27.450000000000003,28.674705882352946
2026-07-16 14:18:11.836,36501.63377889244,23.679609043197058,27.449999999999996,28.669999999999998
2026-07-16 14:18:11.936,36490.344406397395,23.68045203175384,27.449999999999996,28.66264705882353
2026-07-16 14:18:12.036,36555.9596311217,23.680861326836435,27.449999999999996,28.652772277227715
2026-07-16 14:18:12.136,36518.52789876833,23.681592147688544,27.449999999999996,28.64287128712871
2026-07-16 14:18:12.236,36463.52732668711,23.681851228912485,27.449999999999996,28.639999999999993
2026-07-16 14:18:12.336,36457.70166057366,23.681922599747942,27.449999999999996,28.63316831683168
2026-07-16 14:18:12.436,36499.1988626861,23.682351578187806,27.45,28.623267326732673
2026-07-16 14:18:12.536,36487.185106163335,23.683091774589496,27.45,28.619999999999997
2026-07-16 14:18:12.636,36375.621304942026,23.683377668162723,27.45,28.61362745098039
2026-07-16 14:18:12.736,36464.94857024204,23.683274290378776,27.45,28.60376237623762
2026-07-16 14:18:12.836,36403.67059877925,23.682832923691002,27.449999999999996,28.599999999999994
2026-07-16 14:18:12.936,36353.07274159244,23.682849137963636,27.450000000000003,28.59401960784314
2026-07-16 14:18:13.036,36418.8642986461,23.683468425803923,27.449999999999996,28.589999999999996
2026-07-16 14:18:13.136,36416.346787617746,23.68373906203306,27.449999999999996,28.58431372549019
2026-07-16 14:18:13.236,36376.22343640417,23.68398983994707,27.449999999999996,28.574455445544547
2026-07-16 14:18:13.336,36427.07108443861,23.683840797132888,27.449999999999996,28.57
2026-07-16 14:18:13.436,36433.55706541174,23.683939812472403,27.450000000000003,28.56470588235294
2026-07-16 14:18:13.536,36398.04043079377,23.684167126271987,27.449999999999996,28.55485148514851
2026-07-16 14:18:13.636,36411.06140547103,23.684629450049997,27.449999999999996,28.549999999999997
2026-07-16 14:18:13.736,36553.07816940997,23.685596033093677,27.450000000000003,28.545196078431374
2026-07-16 14:18:13.836,36555.432054340934,23.686199780202653,27.45,28.535346534653463
2026-07-16 14:18:13.936,36570.42695221845,23.686368685727196,27.449999999999996,28.525445544554458
2026-07-16 14:18:14.036,36512.94442228488,23.687125993575698,27.449999999999996,28.51558823529411
2026-07-16 14:18:14.136,36451.93975416744,23.68761613798594,27.45,28.509999999999998
2026-07-16 14:18:14.236,36447.38710765551,23.687840142036343,27.45,28.505841584158414
2026-07-16 14:18:14.336,36509.726454558404,23.688341292335096,27.450000000000003,28.49598039215686
2026-07-16 14:18:14.436,36565.701281050235,23.68882230282949,27.449999999999996,28.489999999999995
2026-07-16 14:18:14.536,36551.69122302429,23.689711112686503,27.449999999999996,28.486372549019602
2026-07-16 14:18:14.636,36425.33271875607,23.68951371104887,27.449999999999996,28.476534653465343
2026-07-16 14:18:14.736,36358.45399189341,23.689570588977258,27.450000000000003,28.46666666666666
2026-07-16 14:18:14.836,36358.14956102796,23.689832418022554,27.449999999999996,28.459999999999997
2026-07-16 14:18:14.936,36424.44347521225,23.69024762615438,27.449999999999996,28.456930693069303
2026-07-16 14:18:15.036,36728.86692814946,23.69241775707944,27.449999999999996,28.447058823529407
2026-07-16 14:18:15.136,36460.30584512536,23.693299074783106,27.449999999999996,28.437227722772278
2026-07-16 14:18:15.236,36461.97368733432,23.69369697938274,27.450000000000003,28.427352941176473
2026-07-16 14:18:15.336,36511.5420084542,23.694635836216243,27.45,28.42
2026-07-16 14:18:15.436,36471.65909842353,23.695209184979575,27.449999999999996,28.41776699029126
2026-07-16 14:18:15.536,36345.119354372735,23.69484372190597,27.449999999999996,28.409999999999997
2026-07-16 14:18:15.636,36296.94419124571,23.69456877156745,27.450000000000003,28.410000000000004
2026-07-16 14:18:15.736,36571.96177601552,23.69531858902625,27.449999999999996,28.408316831683166
2026-07-16 14:18:15.836,36475.7500415701,23.69557065122946,27.45,28.4
2026-07-16 14:18:15.936,36499.8207864037,23.69607625531318,27.449999999999996,28.402772277227722
2026-07-16 14:18:16.036,36383.5470315912,23.696474582546525,27.449999999999996,28.421274509803922
2026-07-16 14:18:16.136,36182.192963007066,23.6965852382704,27.449999999999996,28.43108910891089
2026-07-16 14:18:16.236,36361.898032697165,23.696826716265004,27.450000000000003,28.44196078431374
2026-07-16 14:18:16.336,36585.43525740057,23.69830235858739,27.45,28.462376237623772
2026-07-16 14:18:16.436,36453.97113667099,23.69937959262457,27.45,28.49205882352941
2026-07-16 14:18:16.536,36524.434363247594,23.70039942860639,27.45,28.521485148514863
2026-07-16 14:18:16.636,36573.96302595214,23.70109842149032,27.45,28.55156862745099
2026-07-16 14:18:16.736,36503.727289463175,23.701503966650588,27.45,28.590792079207926
2026-07-16 14:18:16.836,36420.33307789264,23.701878005680687,27.449999999999996,28.630392156862754
2026-07-16 14:18:16.936,36474.284029912065,23.702221662309864,27.45,28.669607843137264
2026-07-16 14:18:17.036,36464.063785454004,23.703024044197477,27.45,28.71900990099012
2026-07-16 14:18:17.136,36514.27168522883,23.703821151819938,27.45,28.75843137254902
2026-07-16 14:18:17.236,36600.320159590345,23.70519691547207,27.45,28.798019801980203
2026-07-16 14:18:17.336,36574.36088501449,23.706805917698066,27.45,28.847029702970314
2026-07-16 14:18:17.436,36391.705379642946,23.7079593803242,27.45,28.886862745098043
2026-07-16 14:18:17.536,36397.86470486655,23.70858638923063,27.449999999999996,28.92643564356437
2026-07-16 14:18:17.636,36396.878458303094,23.709153179609686,27.45,28.965686274509796
2026-07-16 14:18:17.736,36484.292027767704,23.710142189537397,27.44118811881188,29.005247524752473
2026-07-16 14:18:17.836,36494.641127457005,23.710831888267478,27.44,29.044509803921585
2026-07-16 14:18:17.936,36466.93400763778,23.711253601033988,27.439999999999998,29.084059405940593
2026-07-16 14:18:18.036,36442.32277359388,23.711505833664237,27.439999999999998,29.123333333333353
2026-07-16 14:18:18.136,36341.81881779541,23.711388991454694,27.439999999999998,29.162871287128723
2026-07-16 14:18:18.236,36547.04978391211,23.71334305292387,27.440000000000005,29.202156862745113
2026-07-16 14:18:18.336,36394.041452239595,23.7143445746555,27.44,29.241683168316847
2026-07-16 14:18:18.436,36355.810868636734,23.715139308734116,27.439999999999998,29.28128712871287
2026-07-16 14:18:18.536,36435.33326382853,23.716171643630688,27.44,29.35117647058827
2026-07-16 14:18:18.636,36502.34051780119,23.717303588066354,27.439999999999998,29.400099009901
2026-07-16 14:18:18.736,36465.39486428212,23.718041901903344,27.44,29.43941176470589
2026-07-16 14:18:18.836,36508.920760330206,23.719839983530477,27.439999999999998,29.478910891089118
2026-07-16 14:18:18.936,36467.23783726107,23.720445117838334,27.44,29.518235294117652
2026-07-16 14:18:19.036,36452.80146862283,23.720873527818803,27.439999999999998,29.557722772277245
2026-07-16 14:18:19.136,36511.726000705195,23.72157952127464,27.439999999999998,29.597326732673274
2026-07-16 14:18:19.236,36494.69269534934,23.72233906722199,27.44666666666667,29.636666666666677
2026-07-16 14:18:19.336,36272.87619845294,23.72278131682249,27.45,29.676138613861397
2026-07-16 14:18:19.436,36496.731857886654,23.724207124691663,27.45,29.715490196078434
2026-07-16 14:18:19.536,36415.54815740625,23.724441668878764,27.45,29.75495049504952
2026-07-16 14:18:19.636,36381.251613376335,23.725031233068194,27.450000000000003,29.794313725490195
2026-07-16 14:18:19.736,36409.953630272044,23.725732407950936,27.45,29.833762376237623
2026-07-16 14:18:19.836,36424.5397113599,23.726595821675843,27.449999999999996,29.873137254901973
2026-07-16 14:18:19.936,36390.769346718596,23.727772402457106,27.45,29.91257425742575
2026-07-16 14:18:20.036,36503.5111711816,23.728913042513565,27.449999999999996,29.952178217821796
2026-07-16 14:18:20.136,36457.328722352635,23.729407189951573,27.450000000000003,29.99156862745098
2026-07-16 14:18:20.236,36400.409724506,23.729851247214814,27.444752475247526,30.0309900990099
2026-07-16 14:18:20.336,36382.65013192148,23.729903494467933,27.445148514851486,30.07059405940595
2026-07-16 14:18:20.436,36380.53189565512,23.730165183006623,27.444999999999997,30.109999999999996
2026-07-16 14:18:20.536,36346.29310010504,23.730581080084743,27.44,30.14940594059407
2026-07-16 14:18:20.636,36263.99024862895,23.729305403427198,27.44,30.18882352941177
2026-07-16 14:18:20.736,36414.11828139895,23.730329235636663,27.444554455445548,30.2282178217822
2026-07-16 14:18:20.836,36440.779692812954,23.7313046051292,27.450000000000003,30.267647058823552
2026-07-16 14:18:20.936,36330.59134447861,23.73144115001055,27.45,30.307029702970297
2026-07-16 14:18:21.036,36333.35501994729,23.73220616756653,27.45,30.346633663366347
2026-07-16 14:18:21.136,36464.32858566477,23.7337595563112,27.44598039215686,30.38607843137255
2026-07-16 14:18:21.236,36386.19772612585,23.733987204981567,27.439999999999998,30.412063492063492
2026-07-16 14:18:21.336,36430.7274696646,23.734740806678982,27.44,30.4173544973545
2026-07-16 14:18:21.436,36531.000855698454,23.735970620142883,27.44,30.422645502645505
2026-07-16 14:18:21.536,36415.44846128779,23.736371134833337,27.44,30.427936507936508
2026-07-16 14:18:21.636,36421.232026291196,23.736374857619946,27.439999999999998,30.433227513227507
2026-07-16 14:18:21.736,36506.190304452684,23.736378144860023,27.440000000000005,30.43851851851852
2026-07-16 14:18:21.836,36312.45237944816,23.736440011514425,27.44,30.443809523809527
2026-07-16 14:18:21.936,36366.895089222526,23.73693817956164,27.44,30.449100529100527
2026-07-16 14:18:22.036,36514.921362435685,23.737868969107932,27.44,30.510168818272113
2026-07-16 14:18:22.136,36347.42453042036,23.738430796050316,27.439999999999998,30.58266137040714
2026-07-16 14:18:22.236,36320.45680915033,23.738829480565993,27.439999999999998,30.655153922542212
2026-07-16 14:18:22.336,36419.86863217953,23.739200679866748,27.44,30.727646474677286
2026-07-16 14:18:22.436,36368.50387967754,23.739626145619265,27.44,30.800139026812314
2026-07-16 14:18:22.536,36354.29388007733,23.74043649251665,27.44,30.872631578947384
2026-07-16 14:18:22.636,36360.218674015465,23.740250805933407,27.439999999999998,30.945124131082416
2026-07-16 14:18:22.736,36409.57380027206,23.740423668247562,27.44,31.017616683217483
2026-07-16 14:18:22.836,36407.29765011821,23.740418321185942,27.44,31.090109235352557
2026-07-16 14:18:22.936,36371.74759978443,23.74039913463164,27.439999999999998,31.162601787487585
2026-07-16 14:18:23.036,36336.22062128655,23.740564601713203,27.44,31.21049147442328
2026-07-16 14:18:23.136,36242.02901711073,23.740382874987365,27.44,31.25061183550651
2026-07-16 14:18:23.236,36399.94645329239,23.74105776011385,27.439999999999998,31.290732196589772
2026-07-16 14:18:23.336,36423.412986307725,23.741718912151427,27.439999999999998,31.33085255767303
2026-07-16 14:18:23.436,36388.90447958665,23.742074035283892,27.44,31.370972918756266
2026-07-16 14:18:23.536,36335.01014446349,23.742247323878686,27.439999999999998,31.411093279839523
2026-07-16 14:18:23.636,36308.12586570631,23.74230276652881,27.439999999999998,31.45121364092276
2026-07-16 14:18:23.736,36369.43033235556,23.742086837304612,27.439999999999998,31.491334002006013
2026-07-16 14:18:23.836,36419.77409306477,23.742667827641565,27.44,31.531454363089274
2026-07-16 14:18:23.936,36522.987911635806,23.743606966895822,27.44,31.571574724172507
2026-07-16 14:18:24.036,36476.53119156184,23.744296538789545,27.439999999999998,31.6106796116505
2026-07-16 14:18:24.136,36468.19163588452,23.745055267620888,27.440000000000005,31.649803921568626
2026-07-16 14:18:24.236,36484.38767828242,23.745745576440797,27.44,31.68930693069307
2026-07-16 14:18:24.336,36299.13923235734,23.74574335610875,27.439999999999998,31.728910891089118
2026-07-16 14:18:24.436,36295.18523954071,23.74574136850711,27.44,31.768235294117652
2026-07-16 14:18:24.536,36344.10909434595,23.74573957973361,27.439999999999998,31.807722772277245
2026-07-16 14:18:24.636,36437.869661487,23.74633605356309,27.439999999999998,31.847326732673274
2026-07-16 14:18:24.736,36517.94853035199,23.747162393918924,27.440000000000005,31.886666666666674
2026-07-16 14:18:24.836,36495.682501756324,23.74783059968908,27.44,31.926138613861397
2026-07-16 14:18:24.936,36342.14362429889,23.74818790180826,27.439999999999998,31.965490196078434
2026-07-16 14:18:25.036,36287.27310542247,23.748523818757043,27.440000000000005,32.00470588235296
2026-07-16 14:18:25.136,36336.654518612304,23.748837029855018,27.44,32.04415841584158
2026-07-16 14:18:25.236,36341.31736819425,23.74946883042361,27.439999999999998,32.083529411764715
2026-07-16 14:18:25.336,36379.069381309644,23.74992664412055,27.439999999999998,32.122970297029724
2026-07-16 14:18:25.436,36423.198122895155,23.750177503900463,27.440000000000005,32.184705882352944
2026-07-16 14:18:25.536,36430.44541722365,23.750496045673074,27.439999999999998,32.24178217821782
2026-07-16 14:18:25.636,36475.37281474598,23.75114669985141,27.44,32.28138613861385
2026-07-16 14:18:25.736,36309.1984499897,23.751335917323132,27.439999999999998,32.325980392156865
2026-07-16 14:18:25.836,36409.79064940299,23.75255519557696,27.439999999999998,32.370198019802004
2026-07-16 14:18:25.936,36411.3807304874,23.753173947617842,27.439999999999998,32.409607843137266
2026-07-16 14:18:26.036,36395.41436120129,23.75367365614693,27.44,32.44900990099012
2026-07-16 14:18:26.136,36455.36871003263,23.75457831598019,27.440000000000005,32.48843137254903
2026-07-16 14:18:26.236,36414.867157618864,23.755106097568135,27.439999999999998,32.52764705882353
2026-07-16 14:18:26.336,36356.04416863903,23.75560181447709,27.44,32.56702970297032
2026-07-16 14:18:26.436,36390.314988636725,23.756069254365116,27.440000000000005,32.60663366336635
2026-07-16 14:18:26.536,36407.02213137151,23.756510697308233,27.440000000000005,32.64607843137257
2026-07-16 14:18:26.636,36359.398733257,23.756699847425924,27.44,32.68544554455445
2026-07-16 14:18:26.736,36303.72267854028,23.75662329143514,27.44,32.7250495049505
2026-07-16 14:18:26.836,36348.91215126854,23.756633214388398,27.439999999999998,32.764509803921584
2026-07-16 14:18:26.936,36268.88552467984,23.757439747277058,27.439999999999998,32.80386138613862
2026-07-16 14:18:27.036,36415.09700550937,23.758238343011303,27.440000000000005,32.84333333333335
2026-07-16 14:18:27.136,36353.9580973107,23.75868881708034,27.439999999999998,32.885841584158406
2026-07-16 14:18:27.236,36334.37787547951,23.759224012753656,27.439999999999998,32.9321568627451
2026-07-16 14:18:27.336,36438.02524660734,23.76027433352723,27.440000000000005,32.97148514851487
2026-07-16 14:18:27.436,36500.47173472085,23.76174462438167,27.440000000000005,33.01098039215687
2026-07-16 14:18:27.536,36349.96350814268,23.761910565580035,27.44,33.050297029702975
2026-07-16 14:18:27.636,36292.97860594754,23.761575806790333,27.439999999999998,33.089900990099
2026-07-16 14:18:27.736,36400.08293569165,23.76198852670559,27.44,33.12941176470588
2026-07-16 14:18:27.836,36412.11595195861,23.762066849965677,27.44,33.166534653465355
2026-07-16 14:18:27.936,36324.17898253561,23.761883884650054,27.44,33.19160765550239
2026-07-16 14:18:28.036,36281.14037717908,23.762113856808895,27.44,33.19926315789474
2026-07-16 14:18:28.136,36333.6554560243,23.762719106996975,27.440000000000005,33.20691866028708
2026-07-16 14:18:28.236,36441.27022952104,23.76375820392453,27.44,33.214574162679426
2026-07-16 14:18:28.336,36337.155165521355,23.763997834394132,27.440000000000005,33.22222966507177
2026-07-16 14:18:28.436,36232.08555309803,23.764321638362986,27.44,33.22988516746412
2026-07-16 14:18:28.536,36262.77184817031,23.764818467137474,27.440000000000005,33.23754066985646
2026-07-16 14:18:28.636,36400.351652896294,23.765183500823845,27.440000000000005,33.24519617224881
2026-07-16 14:18:28.736,36410.13209925649,23.76515664490536,27.44,33.25285167464115
2026-07-16 14:18:28.836,36292.51287019607,23.765132652918368,27.44,33.260507177033496
2026-07-16 14:18:28.936,36366.44350087973,23.765110771855024,27.44,33.26816267942584
2026-07-16 14:18:29.036,36337.91555068499,23.764825771576923,27.447450980392162,33.27
2026-07-16 14:18:29.136,36327.62227821433,23.764970199594124,27.45,33.27
2026-07-16 14:18:29.236,36380.81721431417,23.765783420673138,27.45,33.2771568627451
2026-07-16 14:18:29.336,36323.63448184488,23.766562732724694,27.449999999999996,33.28
2026-07-16 14:18:29.436,36387.567171128016,23.76692614685732,27.449999999999996,33.28
2026-07-16 14:18:29.536,36261.72474753423,23.766472291963638,27.449999999999996,33.286764705882355
2026-07-16 14:18:29.636,36321.58865964557,23.766872677312676,27.449999999999996,33.29
2026-07-16 14:18:29.736,36369.84396093971,23.767212089638452,27.44346534653465,33.29653465346534
2026-07-16 14:18:29.836,36365.40663876438,23.767366331621584,27.440000000000005,33.300000000000004
2026-07-16 14:18:29.936,36455.90566146463,23.768142329827327,27.439999999999998,33.305833333333325
2026-07-16 14:18:30.036,36464.846796931786,23.768903080870263,27.44,33.31
2026-07-16 14:18:30.136,36471.43182711427,23.769200914529048,27.44,33.31
2026-07-16 14:18:30.236,36301.61509435229,23.76910001317252,27.44,33.315098039215684
2026-07-16 14:18:30.336,36197.20856965704,23.768882187416004,27.439999999999998,33.31999999999999
2026-07-16 14:18:30.436,36275.63855032317,23.769154363608557,27.440000000000005,33.32480392156863
2026-07-16 14:18:30.536,36467.434101221326,23.77021140680415,27.44,33.33
2026-07-16 14:18:30.636,36523.47150305585,23.77088289880718,27.439999999999998,33.33
2026-07-16 14:18:30.736,36257.37682737499,23.77058613284145,27.44,33.33
2026-07-16 14:18:30.836,36374.34015462203,23.77102415922363,27.444215686274518,33.33
2026-07-16 14:18:30.936,36368.223350253174,23.771372547540285,27.450000000000003,33.33372727272727
2026-07-16 14:18:31.036,36265.5793273981,23.77151130356553,27.449999999999996,33.34
2026-07-16 14:18:31.136,36257.714011711876,23.771545014748153,27.449999999999996,33.34
2026-07-16 14:18:31.236,36267.991559272865,23.771236881630625,27.449999999999996,33.34267326732674
2026-07-16 14:18:31.336,36435.63142330192,23.771799257805284,27.450000000000003,33.35000000000001
2026-07-16 14:18:31.436,36507.86454322492,23.772719506345652,27.45,33.35237623762376
2026-07-16 14:18:31.536,36279.1120538496,23.77250845693591,27.449999999999996,33.36
2026-07-16 14:18:31.636,36135.8655165402,23.77206275090343,27.449999999999996,33.362156862745096
2026-07-16 14:18:31.736,36286.57829634185,23.772169874899102,27.44801980198019,33.37
2026-07-16 14:18:31.836,36397.80386014318,23.772296119668457,27.44,33.37188118811881
2026-07-16 14:18:31.936,36334.84898685644,23.77282467265706,27.44,33.38
2026-07-16 14:18:32.036,36327.06916033742,23.772943143448312,27.439999999999998,33.381485148514855
2026-07-16 14:18:32.136,36364.238967528814,23.773286805492337,27.44137254901961,33.391372549019614
2026-07-16 14:18:32.236,36396.01321197031,23.77354248802901,27.449999999999996,33.40118811881187
2026-07-16 14:18:32.336,36365.17265407143,23.773569083188363,27.45,33.41
2026-07-16 14:18:32.436,36250.22509289653,23.773593490124096,27.449999999999996,33.41089108910891
2026-07-16 14:18:32.536,36195.15499202116,23.77361578870239,27.45,33.42
2026-07-16 14:18:32.636,36447.25398484068,23.773975295123932,27.45,33.420686274509805
2026-07-16 14:18:32.736,36403.73941037543,23.77408305490175,27.45,33.43
2026-07-16 14:18:32.836,36301.6575978811,23.773889812452673,27.45,33.43
2026-07-16 14:18:32.936,36286.45539484275,23.773782630613535,27.45,33.43
2026-07-16 14:18:33.036,36341.841647875466,23.774216996515204,27.449999999999996,33.430098039215686
2026-07-16 14:18:33.136,36447.011126947014,23.774961447909327,27.45,33.43990196078431
2026-07-16 14:18:33.236,36245.961291075786,23.774574611538952,27.45,33.44
2026-07-16 14:18:33.336,36283.61715197087,23.77446456638521,27.449999999999996,33.44
2026-07-16 14:18:33.436,36360.488616329996,23.774667069302048,27.45,33.44950980392157
2026-07-16 14:18:33.536,36369.983197879614,23.774874967005175,27.45,33.45
2026-07-16 14:18:33.636,36283.972008133074,23.7746268223046,27.45,33.45930693069307
2026-07-16 14:18:33.736,36079.415977242,23.773496573583607,27.449999999999996,33.46
2026-07-16 14:18:33.836,36134.052547755506,23.77228862545422,27.45,33.46
2026-07-16 14:18:33.936,36056.34249988594,23.769925583049478,27.450000000000003,33.468823529411765
2026-07-16 14:18:34.036,35976.60420117954,23.7673625738244,27.45,33.47
2026-07-16 14:18:34.136,35874.428613401404,23.764188801939703,27.45,33.478514851485144
2026-07-16 14:18:34.236,35812.44405541037,23.760243334194698,27.450000000000003,33.480000000000004
2026-07-16 14:18:34.336,36019.82254285698,23.756484467406416,27.45,33.47999999999999
2026-07-16 14:18:34.436,35913.2490404017,23.751816595288666,27.449999999999996,33.47999999999999
2026-07-16 14:18:34.536,35855.483418218675,23.747125234024423,27.449999999999996,33.47999999999999
2026-07-16 14:18:34.636,35836.43965559557,23.741838473495406,27.449999999999996,33.48
2026-07-16 14:18:34.736,35918.33939258959,23.736420284449764,27.449999999999996,33.47227722772276
2026-07-16 14:18:34.836,36018.77191165572,23.730608790823368,27.450000000000003,33.47
2026-07-16 14:18:34.936,35966.28935152429,23.723705154635578,27.449999999999996,33.46257425742574
2026-07-16 14:18:35.036,36238.2640757901,23.719896640215023,27.449999999999996,33.46
2026-07-16 14:18:35.136,36165.43228929414,23.715580320888403,27.449999999999996,33.452871287128715
2026-07-16 14:18:35.236,36291.57274121486,23.71368744115013,27.449999999999996,33.4429702970297
2026-07-16 14:18:35.336,36285.97411989388,23.71105343782971,27.450000000000003,33.43313725490196
2026-07-16 14:18:35.436,36184.0859414662,23.707411463847393,27.45,33.43
2026-07-16 14:18:35.536,36290.65654413732,23.70501231663085,27.449999999999996,33.42336633663366
2026-07-16 14:18:35.636,36299.5449124013,23.703017128939013,27.45,33.413529411764706
2026-07-16 14:18:35.736,36448.286210596,23.703477887253534,27.449999999999996,33.40366336633663
2026-07-16 14:18:35.836,36414.67355080377,23.702460912498502,27.45,33.39376237623762
2026-07-16 14:18:35.936,36441.129096226665,23.70106793265963,27.449999999999996,33.38392156862744
2026-07-16 14:18:36.036,36471.89439093499,23.699858535163187,27.45,33.374117647058824
2026-07-16 14:18:36.136,36398.04039303326,23.698968902397077,27.45,33.37
2026-07-16 14:18:36.236,36510.65979545972,23.698928049692118,27.449999999999996,33.36441176470588
2026-07-16 14:18:36.336,36399.244504057715,23.698895124695486,27.449999999999996,33.35455445544554
2026-07-16 14:18:36.436,36515.57095832273,23.69886695339045,27.449999999999996,33.35
2026-07-16 14:18:36.536,36592.375778135654,23.699245636209277,27.450000000000003,33.34480392156863
2026-07-16 14:18:36.636,36586.383054255915,23.699584567710538,27.45,33.334950495049505
2026-07-16 14:18:36.736,36547.24011807561,23.699650164304884,27.449999999999996,33.325098039215675
2026-07-16 14:18:36.836,36500.63051462294,23.700138851108182,27.45,33.32
2026-07-16 14:18:36.936,36552.948954261585,23.69945578557723,27.45,33.315346534653465
2026-07-16 14:18:37.036,36586.2020102132,23.698819508853262,27.450000000000003,33.30549019607843
2026-07-16 14:18:37.136,36725.26542132709,23.69934847132317,27.45,33.3
2026-07-16 14:18:37.236,36757.64903140563,23.6999168076285,27.449999999999996,33.295784313725484
2026-07-16 14:18:37.336,36635.6942865504,23.699679677298953,27.449999999999996,33.2859405940594
2026-07-16 14:18:37.436,36619.00282695841,23.699142015540918,27.450000000000003,33.276078431372554
2026-07-16 14:18:37.536,36730.99220315407,23.69965994894563,27.45,33.27
2026-07-16 14:18:37.636,36685.06361267801,23.700138939341517,27.449999999999996,33.26633663366337
2026-07-16 14:18:37.736,36787.29552268351,23.70132125231309,27.45,33.26
2026-07-16 14:18:37.836,36754.856006055736,23.70194312022793,27.45,33.25663366336633
2026-07-16 14:18:37.936,36661.661107175976,23.702084854722287,27.45,33.246732673267324
2026-07-16 14:18:38.036,36833.364402246305,23.702914750539602,27.45,33.24
2026-07-16 14:18:38.136,36770.45193634874,23.703217270448302,27.449999999999996,33.2370297029703
2026-07-16 14:18:38.236,36540.42074993343,23.702987195107163,27.449999999999996,33.22715686274509
2026-07-16 14:18:38.336,36551.2110733407,23.70274056803884,27.449999999999996,33.22
2026-07-16 14:18:38.436,36634.79122813564,23.702789688643023,27.449999999999996,33.21745098039215
2026-07-16 14:18:38.536,36623.02681509954,23.70306308515996,27.449999999999996,33.20762376237623
2026-07-16 14:18:38.636,36479.73809810765,23.70331634766827,27.449999999999996,33.2
2026-07-16 14:18:38.736,36417.271615622994,23.70355074722516,27.450000000000003,33.1978431372549
2026-07-16 14:18:38.836,36317.49648652498,23.704211703273966,27.449999999999996,33.18801980198019
2026-07-16 14:18:38.936,36401.98470002418,23.705222727523115,27.45,33.178155339805826
2026-07-16 14:18:39.036,36355.76102521029,23.70632921451192,27.45,33.17
2026-07-16 14:18:39.136,36196.522365146804,23.707010841190105,27.449999999999996,33.16558823529412
2026-07-16 14:18:39.236,36077.58880789029,23.707065985480785,27.45,33.14
2026-07-16 14:18:39.336,36056.216765640565,23.707104464742816,27.45,33.13882352941176
2026-07-16 14:18:39.436,35885.995916849824,23.706678428622446,27.449009900990102,33.1290099009901
2026-07-16 14:18:39.536,35889.13074304677,23.707433231114415,27.439999999999998,33.11999999999999
2026-07-16 14:18:39.636,35819.73637789069,23.70811208801814,27.439999999999998,33.119306930693064
2026-07-16 14:18:39.736,35666.647478661806,23.708380104251894,27.44,33.10940594059405
2026-07-16 14:18:39.836,35493.30642817427,23.70836086360722,27.440000000000005,33.1
2026-07-16 14:18:39.936,35343.38305051533,23.70837337223914,27.439999999999998,33.09970873786408
2026-07-16 14:18:40.036,35173.47567261195,23.708796127131095,27.439999999999998,33.089999999999996
2026-07-16 14:18:40.136,35026.11840165,23.70881391006703,27.44,33.08009900990099
2026-07-16 14:18:40.236,34994.70791140112,23.709343883889787,27.44,33.08
2026-07-16 14:18:40.336,34926.57850213075,23.709920243604408,27.44,33.070396039603956
2026-07-16 14:18:40.436,34782.06761682077,23.710400526590664,27.44,33.07
2026-07-16 14:18:40.536,34642.322139752934,23.711058761086438,27.449313725490196,33.0606862745098
2026-07-16 14:18:40.636,34291.80174963859,23.710912261117652,27.45,33.050792079207916
2026-07-16 14:18:40.736,34114.90343643009,23.710778101695986,27.440980392156863,33.04098039215686
2026-07-16 14:18:40.836,33974.52189214649,23.710039918648974,27.440000000000005,33.04
2026-07-16 14:18:40.936,33852.573921636125,23.709556222301707,27.439999999999998,33.031188118811876
2026-07-16 14:18:41.036,33735.45742194538,23.709632969285163,27.448627450980396,33.03
2026-07-16 14:18:41.136,33631.1169084606,23.710057093519605,27.44148514851485,33.02148514851485
2026-07-16 14:18:41.236,33636.140046454515,23.7108151861291,27.440000000000005,33.01166666666666
2026-07-16 14:18:41.336,33273.71026362265,23.711142678502448,27.440000000000005,33.01
2026-07-16 14:18:41.436,33154.90007167417,23.71143780099152,27.439999999999998,33.00207920792079
2026-07-16 14:18:41.536,32954.97552861457,23.71146424685014,27.440000000000005,32.992254901960784
2026-07-16 14:18:41.636,32798.44372387247,23.71163223259775,27.439999999999998,32.98237623762376
2026-07-16 14:18:41.736,32804.216230954014,23.71213525825211,27.439999999999998,32.97999999999999
2026-07-16 14:18:41.836,32509.89077011287,23.711949428354963,27.439999999999998,32.97264705882352
2026-07-16 14:18:41.936,32561.717044902463,23.71219506967336,27.439999999999998,32.962772277227714
2026-07-16 14:18:42.036,32297.82261064597,23.7120884866071,27.44,32.96
2026-07-16 14:18:42.136,32072.37881209606,23.71191296668971,27.440000000000005,32.953235294117654
2026-07-16 14:18:42.236,31840.4192029044,23.71140583822315,27.44,32.943431372549014
2026-07-16 14:18:42.336,31621.83907177945,23.71077069179934,27.44,32.93356435643564
2026-07-16 14:18:42.436,31701.83389923728,23.711004354709175,27.439999999999998,32.93
2026-07-16 14:18:42.536,31414.256410452224,23.71003282146872,27.440000000000005,32.92382352941176
2026-07-16 14:18:42.636,31368.10163902537,23.709047177275487,27.44,32.913960396039606
2026-07-16 14:18:42.736,31300.155416345686,23.708699321196935,27.439999999999998,32.90411764705882
2026-07-16 14:18:42.836,31237.67653138342,23.70866508129574,27.439999999999998,32.894257425742566
2026-07-16 14:18:42.936,31171.037466509923,23.70850923901666,27.440000000000005,32.88441176470589
2026-07-16 14:18:43.036,31014.687125614935,23.708096007332248,27.439999999999998,32.88
2026-07-16 14:18:43.136,30965.31224374489,23.708091882484226,27.44,32.87470588235294
2026-07-16 14:18:43.236,30812.587675228817,23.70734406704974,27.439999999999998,32.86485148514851
2026-07-16 14:18:43.336,30788.226204200226,23.70714035034172,27.439999999999998,32.86
2026-07-16 14:18:43.436,30644.36892597995,23.70674463255427,27.44,32.85514851485148
2026-07-16 14:18:43.536,30443.691985519374,23.705955644402092,27.440000000000005,32.84529411764706
2026-07-16 14:18:43.636,30439.44891244002,23.705234542666265,27.439999999999998,32.84
2026-07-16 14:18:43.736,30415.58147514319,23.704911108917223,27.439999999999998,32.83558823529411
2026-07-16 14:18:43.836,30280.52508511361,23.705460763069464,27.44,32.82574257425742
2026-07-16 14:18:43.936,30154.512186593234,23.705690140210187,27.440000000000005,32.81588235294118
2026-07-16 14:18:44.036,30082.186539452912,23.706047615373596,27.44,32.81
2026-07-16 14:18:44.136,30008.087820647146,23.70641170984069,27.44,32.806176470588234
2026-07-16 14:18:44.236,29901.88529664884,23.70648601445125,27.439999999999998,32.79633663366336
2026-07-16 14:18:44.336,29931.702372425436,23.706554378888182,27.440000000000005,32.790000000000006
2026-07-16 14:18:44.436,29722.174464136122,23.706616425097604,27.439999999999998,32.78663366336633
2026-07-16 14:18:44.536,29669.285168234102,23.70636092715826,27.439999999999998,32.776732673267325
2026-07-16 14:18:44.636,29596.58152796563,23.70603893139482,27.439999999999998,32.769999999999996
2026-07-16 14:18:44.736,29476.64783997176,23.705566227282215,27.44,32.76702970297029
2026-07-16 14:18:44.836,29358.923625916752,23.70516297488168,27.440000000000005,32.7571568627451
2026-07-16 14:18:44.936,29297.488739276057,23.705661415533523,27.44,32.75
2026-07-16 14:18:45.036,29226.063691739626,23.705348722866972,27.440271682340647,32.74972831765935
2026-07-16 14:18:45.136,29114.448209757946,23.705052241626408,27.44131661442006,32.74868338557993
2026-07-16 14:18:45.236,29096.32977516575,23.70477062423505,27.442361546499477,32.74763845350052
2026-07-16 14:18:45.336,29001.95298259994,23.70469107256296,27.44340647857889,32.746593521421104
2026-07-16 14:18:45.436,28819.478584120923,23.70483126470927,27.444451410658303,32.74554858934169
2026-07-16 14:18:45.536,28794.992917147858,23.70496252201437,27.44549634273772,32.74450365726227
2026-07-16 14:18:45.636,28840.79187968853,23.70508458457196,27.446541274817132,32.74345872518286
2026-07-16 14:18:45.736,28762.697207584322,23.704869349499006,27.447586206896553,32.74241379310345
2026-07-16 14:18:45.836,28688.206832062504,23.70410955442864,27.448631138975966,32.741368861024036
2026-07-16 14:18:45.936,28585.443289141018,23.703112608485164,27.44967607105538,32.74032392894462
2026-07-16 14:18:46.036,28544.58834911887,23.70250274931064,27.45,32.73032064128257
2026-07-16 14:18:46.136,28686.13552443017,23.702813363281294,27.450000000000003,32.71629258517035
2026-07-16 14:18:46.236,28687.24443239169,23.703479502045862,27.45,32.70226452905812
2026-07-16 14:18:46.336,28577.184990389345,23.703302165428163,27.450000000000003,32.68823647294589
2026-07-16 14:18:46.436,28456.986565555737,23.703083517347885,27.450000000000003,32.67420841683367
2026-07-16 14:18:46.536,28398.48967085991,23.703112303733942,27.450000000000003,32.66018036072144
2026-07-16 14:18:46.636,28353.77916367817,23.703178586426112,27.450000000000003,32.646152304609224
2026-07-16 14:18:46.736,28274.576642818844,23.70304656361735,27.450000000000003,32.63212424849699
2026-07-16 14:18:46.836,28329.3754260111,23.70325819140141,27.450000000000003,32.61809619238477
2026-07-16 14:18:46.936,28394.19727741007,23.70384223023147,27.450000000000003,32.604068136272545
2026-07-16 14:18:47.036,28326.27252159433,23.703780392210536,27.449999999999996,32.59501004016064
2026-07-16 14:18:47.136,28215.518316036418,23.703796719222034,27.45,32.58798192771084
2026-07-16 14:18:47.236,28078.813101117234,23.70365375674148,27.449999999999996,32.58095381526104
2026-07-16 14:18:47.336,27970.206444771997,23.703133137967413,27.449999999999996,32.57392570281124
2026-07-16 14:18:47.436,28064.90735023885,23.702946213780372,27.449999999999996,32.56689759036144
2026-07-16 14:18:47.536,28036.74993819267,23.703157622221315,27.449999999999996,32.55986947791164
2026-07-16 14:18:47.636,27895.767201031544,23.702708008636453,27.449999999999996,32.552841365461845
2026-07-16 14:18:47.736,27834.00201633929,23.70213547658809,27.449999999999996,32.54581325301204
2026-07-16 14:18:47.836,27798.680989100365,23.701572618863395,27.45,32.53878514056225
2026-07-16 14:18:47.936,27730.547105253034,23.701132528681125,27.449999999999996,32.531757028112445
2026-07-16 14:18:48.036,27678.897793432752,23.7010162023065,27.45,32.53
2026-07-16 14:18:48.136,27756.832146117606,23.700909284877497,27.449999999999996,32.5228431372549
2026-07-16 14:18:48.236,27687.422380452204,23.70081026712299,27.449999999999996,32.512970297029696
2026-07-16 14:18:48.336,27700.076685251646,23.700717810209426,27.449999999999996,32.50999999999999
2026-07-16 14:18:48.436,27653.670485717634,23.70026550075946,27.450000000000003,32.50323529411765
2026-07-16 14:18:48.536,27550.756599849734,23.699684966371777,27.449999999999996,32.49336633663366
2026-07-16 14:18:48.636,27561.30771827933,23.699592776993576,27.449999999999996,32.489999999999995
2026-07-16 14:18:48.736,27594.835298549402,23.699169851067463,27.45,32.483627450980386
2026-07-16 14:18:48.836,27566.02920501046,23.69876008732634,27.45,32.473762376237616
2026-07-16 14:18:48.936,27597.71435408295,23.698932936735247,27.450000000000003,32.46403846153846
2026-07-16 14:18:49.036,27561.401850460585,23.69909529571218,27.45,32.46
2026-07-16 14:18:49.136,27468.489441115293,23.698940740329544,27.449999999999996,32.45450980392157
2026-07-16 14:18:49.236,27423.553884396668,23.698608339590955,27.450000000000003,32.44470588235294
2026-07-16 14:18:49.336,27430.87783616371,23.69860527516705,27.449999999999996,32.434851485148506
2026-07-16 14:18:49.436,27404.259114790417,23.69860247937062,27.45,32.42495049504951
2026-07-16 14:18:49.536,27442.347011050988,23.698599879731404,27.449999999999996,32.41509803921568
2026-07-16 14:18:49.636,27385.04045642352,23.698402726463076,27.45,32.41
2026-07-16 14:18:49.736,27305.25011626067,23.698072494804983,27.45,32.40534653465346
2026-07-16 14:18:49.836,27317.757266067463,23.69781969541065,27.449999999999996,32.39549019607843
2026-07-16 14:18:49.936,27345.31149876685,23.697845457954614,27.450000000000003,32.38568627450981
2026-07-16 14:18:50.036,27229.192275369882,23.697869233281708,27.45,32.38
2026-07-16 14:18:50.136,27198.008961442745,23.69763134818136,27.449999999999996,32.37598039215686
2026-07-16 14:18:50.236,27213.5569147185,23.697342276083333,27.450000000000003,32.36613861386138
2026-07-16 14:18:50.336,27201.82959431731,23.697060051622998,27.449999999999996,32.36
2026-07-16 14:18:50.436,27145.879913144483,23.696785020564217,27.45,32.35637254901961
2026-07-16 14:18:50.536,27130.79043137774,23.696574870776764,27.446534653465342,32.34653465346534
2026-07-16 14:18:50.636,27219.001853299884,23.697299506330083,27.44333333333333,32.34
2026-07-16 14:18:50.736,27196.278835690893,23.69743253249407,27.449999999999996,32.33683168316831
2026-07-16 14:18:50.836,27160.698337901056,23.697472739182285,27.450000000000003,32.32696078431372
2026-07-16 14:18:50.936,27103.2540790165,23.697350644500595,27.449999999999996,32.32
2026-07-16 14:18:51.036,27048.89754701051,23.69715787664969,27.45,32.31725490196078
2026-07-16 14:18:51.136,27060.198829399334,23.69717316296846,27.449999999999996,32.30742574257425
2026-07-16 14:18:51.236,27049.032988493378,23.696896718076466,27.450000000000003,32.300000000000004
2026-07-16 14:18:51.336,26994.74944533085,23.696332894705442,27.449999999999996,32.297722772277226
2026-07-16 14:18:51.436,26998.87802543871,23.695981693319098,27.449999999999996,32.2878431372549
2026-07-16 14:18:51.536,27002.70424893449,23.695729755046727,27.449999999999996,32.28
2026-07-16 14:18:51.636,26954.499423143636,23.695602848889227,27.449999999999996,32.278118811881185
2026-07-16 14:18:51.736,26883.492881698123,23.695758263245985,27.45,32.26823529411765
2026-07-16 14:18:51.836,27022.49811530096,23.69619275040748,27.45,32.26
2026-07-16 14:18:51.936,26944.916772555393,23.6959631830885,27.449999999999996,32.25705882352941
2026-07-16 14:18:52.036,26944.69482165326,23.695711791452425,27.449999999999996,32.238725490196074
2026-07-16 14:18:52.136,26920.141939149064,23.695469564701042,27.449999999999996,32.2289108910891
2026-07-16 14:18:52.236,26895.61972785071,23.695236415529568,27.450000000000003,32.22
2026-07-16 14:18:52.336,26929.00788617517,23.695012222889183,27.45,32.21920792079207
2026-07-16 14:18:52.436,26947.784421670614,23.69479683562023,27.45,32.20931372549019
2026-07-16 14:18:52.536,26898.138541900313,23.69459202898834,27.45,32.2
2026-07-16 14:18:52.636,26842.287567844083,23.69412396288202,27.45,32.19960784313726
2026-07-16 14:18:52.736,26768.05008297452,23.693381294614177,27.45,32.18980198019802
2026-07-16 14:18:52.836,26744.758206832506,23.69297814255897,27.449999999999996,32.179901960784306
2026-07-16 14:18:52.936,26801.18511389631,23.69311421984385,27.45,32.17009803921569
2026-07-16 14:18:53.036,26847.935164407118,23.69296801843675,27.45,32.16323902439024
2026-07-16 14:18:53.136,26871.792157053827,23.693185360991933,27.45,32.15640975609756
2026-07-16 14:18:53.236,26800.22401683357,23.69276902130639,27.449999999999996,32.149580487804876
2026-07-16 14:18:53.336,26794.300564322977,23.692498699948985,27.449999999999996,32.14275121951219
2026-07-16 14:18:53.436,26826.08674533511,23.692536085126886,27.45,32.135921951219515
2026-07-16 14:18:53.536,26831.346627370156,23.692667328178104,27.450000000000003,32.12909268292683
2026-07-16 14:18:53.636,26787.15911386641,23.692527942869145,27.45,32.12226341463415
2026-07-16 14:18:53.736,26814.365498330437,23.692397202351216,27.45,32.115434146341464
2026-07-16 14:18:53.836,26922.55372563855,23.692898696048196,27.45,32.10860487804878
2026-07-16 14:18:53.936,26831.191012655065,23.693215187918334,27.45,32.101775609756096
2026-07-16 14:18:54.036,26756.41667702118,23.69341898351034,27.449999999999996,32.09274509803922
2026-07-16 14:18:54.136,26791.121722691445,23.69395624786169,27.449999999999996,32.09
2026-07-16 14:18:54.236,26839.39862283288,23.6950532707665,27.449999999999996,32.082970297029696
2026-07-16 14:18:54.336,26804.544164562,23.695203367192804,27.450000000000003,32.07313725490196
2026-07-16 14:18:54.436,26747.196359681388,23.69534236410199,27.45,32.07
2026-07-16 14:18:54.536,26645.200751445216,23.694896448939843,27.449999999999996,32.06336633663366
2026-07-16 14:18:54.636,26632.07892081437,23.694483825482152,27.45,32.05352941176471
2026-07-16 14:18:54.736,26683.64276885544,23.694400091176952,27.449999999999996,32.05
2026-07-16 14:18:54.836,26681.35619459406,23.69450377846446,27.449999999999996,32.04382352941175
2026-07-16 14:18:54.936,26559.24547864273,23.694281259850435,27.449999999999996,32.033960396039596
2026-07-16 14:18:55.036,26627.893440831118,23.694446083586808,27.45,32.02411764705882
2026-07-16 14:18:55.136,26604.64004028945,23.694312044392678,27.45,32.019999999999996
2026-07-16 14:18:55.236,26525.95525438972,23.694328575097245,27.449999999999996,32.014411764705876
2026-07-16 14:18:55.336,26517.177955870502,23.694490196314703,27.449999999999996,32.004554455445536
2026-07-16 14:18:55.436,26590.377746288235,23.694487062110042,27.449999999999996,32.0
2026-07-16 14:18:55.536,26511.32703079853,23.693964072481144,27.450000000000003,31.994803921568625
2026-07-16 14:18:55.636,26712.732184420187,23.69450818380038,27.45,31.984950495049507
2026-07-16 14:18:55.736,26668.101879887377,23.694727786222394,27.449999999999996,31.98
2026-07-16 14:18:55.836,26527.792024743583,23.694161202340638,27.45,31.97524752475247
2026-07-16 14:18:55.936,26487.744850389907,23.693551699838196,27.450000000000003,31.965392156862748
2026-07-16 14:18:56.036,26554.15313695756,23.693359112810096,27.449999999999996,31.96
2026-07-16 14:18:56.136,26501.742989456914,23.69311995064911,27.45,31.956372549019605
2026-07-16 14:18:56.236,26460.250713525653,23.692183733128434,27.449999999999996,31.946534653465342
2026-07-16 14:18:56.336,26486.900948475613,23.69195736247952,27.45,31.936633663366333
2026-07-16 14:18:56.436,26518.251088024044,23.69211286493166,27.450000000000003,31.926764705882356
2026-07-16 14:18:56.536,26552.840531451686,23.692185938442638,27.449999999999996,31.92
2026-07-16 14:18:56.636,26549.40259330101,23.69217501538563,27.449999999999996,31.9170297029703
2026-07-16 14:18:56.736,26462.44141670213,23.692391494204593,27.449999999999996,31.90715686274509
2026-07-16 14:18:56.836,26462.420943314257,23.6922552674737,27.449999999999996,31.9
2026-07-16 14:18:56.936,26547.827630397907,23.691780199966814,27.449999999999996,31.89745098039215
2026-07-16 14:18:57.036,26504.084700865715,23.691287128268854,27.449999999999996,31.88762376237623
2026-07-16 14:18:57.136,26455.430948999783,23.690804183006804,27.450000000000003,31.877745098039217
2026-07-16 14:18:57.236,26487.33075551708,23.690475217514756,27.45,31.87
2026-07-16 14:18:57.336,26574.38943133157,23.69047850420903,27.449999999999996,31.868019801980193
2026-07-16 14:18:57.436,26530.62244528736,23.690807593292824,27.45,31.858137254901962
2026-07-16 14:18:57.536,26408.887425110173,23.690372655118786,27.45,31.85
2026-07-16 14:18:57.636,26463.484495129444,23.69054009690278,27.450000000000003,31.848431372549022
2026-07-16 14:18:57.736,26419.05475528747,23.69018248252288,27.449999999999996,31.838613861386136
2026-07-16 14:18:57.836,26404.008596404325,23.69000100871855,27.449999999999996,31.819999999999997
2026-07-16 14:18:57.936,26548.30235988101,23.690717110036193,27.45,31.81892156862745
2026-07-16 14:18:58.036,26543.38917606901,23.691075463765987,27.449999999999996,31.809108910891084
2026-07-16 14:18:58.136,26503.001346074772,23.69098248733824,27.45,31.799999999999997
2026-07-16 14:18:58.236,26490.372259871827,23.690896680761224,27.449999999999996,31.799405940594053
2026-07-16 14:18:58.336,26456.310792342607,23.690817189199173,27.45,31.78950495049504
2026-07-16 14:18:58.436,26396.203902360197,23.69057147514293,27.449607843137255,31.779607843137256
2026-07-16 14:18:58.536,26361.174535079783,23.69011815440043,27.440000000000005,31.770000000000003
2026-07-16 14:18:58.636,26432.40508404585,23.689726399459744,27.44,31.76990099009901
2026-07-16 14:18:58.736,26411.241468870772,23.690097899422746,27.439999999999998,31.759999999999998
2026-07-16 14:18:58.836,26486.07809071931,23.69010591064985,27.44980392156863,31.75019607843137
2026-07-16 14:18:58.936,26394.621158818485,23.690062848425075,27.45,31.75
2026-07-16 14:18:59.036,26338.811664511602,23.690202467194364,27.450000000000003,31.7433820662768
2026-07-16 14:18:59.136,26424.78214890209,23.69074737796936,27.45,31.736559454191035
2026-07-16 14:18:59.236,26525.648070186246,23.69172040490247,27.45,31.72973684210526
2026-07-16 14:18:59.336,26444.194273923033,23.692016026605888,27.45,31.722914230019487
2026-07-16 14:18:59.436,26438.073149100834,23.692295073147847,27.450000000000003,31.716091617933728
2026-07-16 14:18:59.536,26458.23687300583,23.692560101751337,27.45,31.70926900584795
2026-07-16 14:18:59.636,26432.20623222458,23.692390484379956,27.450000000000003,31.702446393762187
2026-07-16 14:18:59.736,26368.707929790326,23.691987545468216,27.45,31.69562378167641
2026-07-16 14:18:59.836,26340.570513368766,23.691921065309053,27.450000000000003,31.68880116959064
2026-07-16 14:18:59.936,26409.23991401013,23.692196831995904,27.45,31.681978557504877
2026-07-16 14:19:00.036,26342.82617013248,23.691710396888276,27.449999999999996,31.6729702970297
2026-07-16 14:19:00.136,26347.36334762055,23.69181493567626,27.449999999999996,31.669999999999998
2026-07-16 14:19:00.236,26285.39895930606,23.691868980404365,27.449999999999996,31.66326732673267
2026-07-16 14:19:00.336,26223.335999674382,23.69160446963282,27.450000000000003,31.653431372549015
2026-07-16 14:19:00.436,26264.753664411743,23.69118971884102,27.449999999999996,31.643564356435643
2026-07-16 14:19:00.536,26303.968514232583,23.691100845974262,27.449999999999996,31.64
2026-07-16 14:19:00.636,26292.130553287774,23.691019263838648,27.449999999999996,31.633861386138612
2026-07-16 14:19:00.736,26271.520522481245,23.69005764892794,27.450000000000003,31.624019607843138
2026-07-16 14:19:00.836,26299.402172627328,23.689602310713113,27.449999999999996,31.62
2026-07-16 14:19:00.936,26328.76214874548,23.68974826242004,27.45,31.61495652173913
2026-07-16 14:19:01.036,26325.136798292508,23.689926169740566,27.45,31.60574257425742
2026-07-16 14:19:01.136,26339.831251288564,23.689550076114642,27.45,31.6
2026-07-16 14:19:01.236,26361.45240734303,23.69032906364419,27.45,31.596039603960392
2026-07-16 14:19:01.336,26363.057055772515,23.69074891189875,27.449999999999996,31.586176470588228
2026-07-16 14:19:01.436,26366.42292674748,23.690815677766018,27.45,31.58
2026-07-16 14:19:01.536,26364.70294590455,23.690930308219237,27.450000000000003,31.57643564356435
2026-07-16 14:19:01.636,26344.335841562715,23.691141162690528,27.450000000000003,31.56656862745098
2026-07-16 14:19:01.736,26311.13927484054,23.691016718845134,27.45,31.556732673267323
2026-07-16 14:19:01.836,26404.103900604736,23.690548378003285,27.449999999999996,31.549999999999997
2026-07-16 14:19:01.936,26428.106286299328,23.691513589065064,27.45,31.546990291262137
2026-07-16 14:19:02.036,26374.633462661637,23.6923656831788,27.449999999999996,31.537227722772275
2026-07-16 14:19:02.136,26339.184976230386,23.692631649658573,27.449999999999996,31.527352941176474
2026-07-16 14:19:02.236,26335.677189410584,23.692892241856025,27.45,31.519999999999996
2026-07-16 14:19:02.336,26299.80191296355,23.693786918069076,27.449999999999996,31.517623762376232
2026-07-16 14:19:02.436,26202.98477539878,23.693070164820877,27.450000000000003,31.50774509803922
2026-07-16 14:19:02.536,26265.750781134535,23.692838851501612,27.45,31.499999999999996
2026-07-16 14:19:02.636,26221.467708794473,23.69229600897536,27.449999999999996,31.498039215686273
2026-07-16 14:19:02.736,26228.599704176107,23.69192748246406,27.449999999999996,31.488217821782175
2026-07-16 14:19:02.836,26303.046485989256,23.69195486132045,27.45,31.48
2026-07-16 14:19:02.936,26323.97082995729,23.69219231641536,27.450000000000003,31.47843137254902
2026-07-16 14:19:03.036,26115.88244306638,23.692042250813934,27.44862745098039,31.46725490196078
2026-07-16 14:19:03.136,26089.876102024333,23.69105571772581,27.439999999999998,31.448811881188114
2026-07-16 14:19:03.236,26234.633558765563,23.69115657083953,27.44,31.44
2026-07-16 14:19:03.336,26249.97271581233,23.691794948842535,27.44,31.439108910891083
2026-07-16 14:19:03.436,26248.060804364126,23.69239684461367,27.439999999999998,31.429207920792074
2026-07-16 14:19:03.536,26328.346443081813,23.69260056898329,27.44068627450981,31.420000000000005
2026-07-16 14:19:03.636,26248.729885965804,23.692440858880026,27.45,31.41950495049505
2026-07-16 14:19:03.736,26324.634953399036,23.692729950032557,27.449999999999996,31.409603960396034
2026-07-16 14:19:03.836,26275.301005081812,23.692629391863914,27.449999999999996,31.4
2026-07-16 14:19:03.936,26241.303430504762,23.69274450963828,27.449999999999996,31.399900990099002
2026-07-16 14:19:04.036,26237.53370516283,23.692810814193926,27.450000000000003,31.389999999999997
2026-07-16 14:19:04.136,26292.602252168144,23.692975243805307,27.450000000000003,31.380196078431375
2026-07-16 14:19:04.236,26437.163390366535,23.69386810416427,27.45,31.370297029702968
2026-07-16 14:19:04.336,26132.78640138427,23.69276042470098,27.449999999999996,31.369999999999997
2026-07-16 14:19:04.436,26185.39527199944,23.693326329809082,27.45,31.360594059405937
2026-07-16 14:19:04.536,26190.54299429611,23.69339853452631,27.45,31.350693069306924
2026-07-16 14:19:04.636,26196.48031916235,23.693175576694244,27.450000000000003,31.350000000000005
2026-07-16 14:19:04.736,26224.77692118405,23.693114304229496,27.450000000000003,31.3409900990099
2026-07-16 14:19:04.836,26221.181739130803,23.69337886968447,27.449999999999996,31.331176470588225
2026-07-16 14:19:04.936,26263.730797970664,23.693624588436833,27.45,31.33
2026-07-16 14:19:05.036,26156.925491719696,23.693034908497022,27.45,31.321470588235293
2026-07-16 14:19:05.136,26149.940766180134,23.69239933847073,27.45,31.31158415841584
2026-07-16 14:19:05.236,26074.15292239833,23.691534597207124,27.449999999999996,31.309999999999995
2026-07-16 14:19:05.336,26085.268657827706,23.691000153399134,27.449999999999996,31.30186274509803
2026-07-16 14:19:05.436,26324.478767648812,23.69139148020203,27.449999999999996,31.291980198019797
2026-07-16 14:19:05.536,26150.183582101843,23.69175771729907,27.450000000000003,31.290000000000003
2026-07-16 14:19:05.636,26155.148812711992,23.691171321855833,27.449999999999996,31.282277227722773
2026-07-16 14:19:05.736,26242.82454582778,23.69171471571643,27.45,31.27237623762376
2026-07-16 14:19:05.836,26192.375422127596,23.69167328475485,27.45,31.27
2026-07-16 14:19:05.936,26114.61402544561,23.6912356206067,27.45,31.262673267326733
2026-07-16 14:19:06.036,26165.298319913025,23.691120519974415,27.45,31.259999999999998
2026-07-16 14:19:06.136,26244.302760542134,23.691015584861997,27.449999999999996,31.252970297029698
2026-07-16 14:19:06.236,26240.072197209818,23.690921197511884,27.450000000000003,31.24313725490196
2026-07-16 14:19:06.336,26242.79588038715,23.690471954227693,27.449999999999996,31.239999999999995
2026-07-16 14:19:06.436,26205.86283429029,23.690529304073163,27.449999999999996,31.233366336633658
2026-07-16 14:19:06.536,26106.98413509255,23.690121176571154,27.449999999999996,31.2170588235294
2026-07-16 14:19:06.636,26039.55680902932,23.68896595929283,27.449999999999996,31.21
2026-07-16 14:19:06.736,26186.57011496494,23.688541429589943,27.450000000000003,31.203823529411764
2026-07-16 14:19:06.836,26123.909585449244,23.68905580837476,27.449999999999996,31.1939603960396
2026-07-16 14:19:06.936,26136.544135063014,23.688278040647262,27.45,31.184059405940594
2026-07-16 14:19:07.036,26159.830780187942,23.688012915815655,27.449999999999996,31.18
2026-07-16 14:19:07.136,26187.55312546617,23.68830414614528,27.450000000000003,31.174411764705887
2026-07-16 14:19:07.236,26199.91251122907,23.68868146402461,27.449999999999996,31.16455445544554
2026-07-16 14:19:07.336,26177.37906469502,23.68875065382413,27.449999999999996,31.154653465346527
2026-07-16 14:19:07.436,26247.97368503408,23.6892221928186,27.45,31.15
2026-07-16 14:19:07.536,26249.869922931735,23.690505005415762,27.449999999999996,31.1449504950495
2026-07-16 14:19:07.636,26262.16795407135,23.690438880375094,27.450000000000003,31.13509803921569
2026-07-16 14:19:07.736,26222.420195996332,23.689860930040105,27.45,31.129999999999995
2026-07-16 14:19:07.836,26173.571999928743,23.689832654350536,27.45,31.125346534653463
2026-07-16 14:19:07.936,26210.31515313805,23.69072923741044,27.449999999999996,31.115490196078433
2026-07-16 14:19:08.036,26289.19595875852,23.69116391374797,27.450000000000003,31.11
2026-07-16 14:19:08.136,26211.175451280156,23.691563782641907,27.45,31.10588235294118
2026-07-16 14:19:08.236,26161.234356924084,23.691936635157628,27.45,31.1
2026-07-16 14:19:08.336,26101.94631869767,23.691431985046457,27.449999999999996,31.09617647058823
2026-07-16 14:19:08.436,26056.634787139887,23.69050156098186,27.45,31.086336633663365
2026-07-16 14:19:08.536,26030.357144336358,23.689792481401593,27.450000000000003,31.08
2026-07-16 14:19:08.636,25908.547924847968,23.68873190315779,27.449999999999996,31.076633663366334
2026-07-16 14:19:08.736,26291.757231273306,23.69092542454591,27.449999999999996,31.06676470588235
2026-07-16 14:19:08.836,26276.000398673914,23.691714697504274,27.45,31.06
2026-07-16 14:19:08.936,26154.834678839245,23.69215609073304,27.45,31.05702970297029
2026-07-16 14:19:09.036,26100.0983103187,23.692558272093727,27.450000000000003,31.047156862745098
2026-07-16 14:19:09.136,26115.882371301144,23.69265220759832,27.45,31.039999999999996
2026-07-16 14:19:09.236,26046.73994150953,23.691869776366413,27.449999999999996,31.03745098039215
2026-07-16 14:19:09.336,26034.973684600795,23.691135637381542,27.449999999999996,31.02762376237623
2026-07-16 14:19:09.436,26172.141557524403,23.690932235558893,27.450000000000003,31.020000000000003
2026-07-16 14:19:09.536,26223.71147839634,23.69118140099765,27.45,31.017920792079206
2026-07-16 14:19:09.636,26221.985789313894,23.691343595231075,27.449999999999996,31.008039215686274
2026-07-16 14:19:09.736,26151.319562493794,23.691218387732796,27.449999999999996,31.0
2026-07-16 14:19:09.836,25942.719085835415,23.691104597302377,27.45,30.998316831683162
2026-07-16 14:19:09.936,26059.796587474055,23.691001834561703,27.45,30.988446601941746
2026-07-16 14:19:10.036,26069.34922061065,23.690908525578333,27.449999999999996,30.96881188118811
2026-07-16 14:19:10.136,26069.469404806594,23.690822627998678,27.449999999999996,30.958910891089104
2026-07-16 14:19:10.236,26130.67584526926,23.6909604489791,27.450000000000003,30.949019607843137
2026-07-16 14:19:10.336,26210.000775685676,23.691293337688272,27.45,30.939999999999998
2026-07-16 14:19:10.436,26203.243878658915,23.691552790894058,27.45,30.939313725490194
2026-07-16 14:19:10.536,26124.328475722876,23.69144438432444,27.45,30.92950495049504
2026-07-16 14:19:10.636,26039.00165994334,23.690969442131685,27.45,30.920000000000005
2026-07-16 14:19:10.736,26049.845398810674,23.690486717531968,27.45,30.91980198019802
2026-07-16 14:19:10.836,26087.109899412695,23.690249630319954,27.449999999999996,30.909900990099004
2026-07-16 14:19:10.936,26093.93065700446,23.690051218190817,27.45,30.9
2026-07-16 14:19:11.036,26076.956403868284,23.689761551388393,27.45,30.900000000000002
2026-07-16 14:19:11.136,26153.357979743065,23.690131936607486,27.449999999999996,30.89049019607843
2026-07-16 14:19:11.236,26148.76650633968,23.69048479956279,27.45,30.880594059405936
2026-07-16 14:19:11.336,26115.78357923602,23.690823342196165,27.45,30.880000000000003
2026-07-16 14:19:11.436,26073.352374585054,23.690904791721252,27.449999999999996,30.870891089108913
2026-07-16 14:19:11.536,26066.353344343137,23.690828237593013,27.45,30.87
2026-07-16 14:19:11.636,26119.945677152627,23.690841624648446,27.449999999999996,30.861188118811878
2026-07-16 14:19:11.736,26202.006539184942,23.691143049035848,27.45,30.8513725490196
2026-07-16 14:19:11.836,26195.238099736467,23.69143099009891,27.45,30.849999999999998
2026-07-16 14:19:11.936,26034.461847364044,23.69046678220083,27.450000000000003,30.84166666666667
2026-07-16 14:19:12.036,26116.76624555338,23.690574387036804,27.449999999999996,30.83186274509803
2026-07-16 14:19:12.136,26178.3016546676,23.691156846438794,27.450000000000003,30.830000000000002
2026-07-16 14:19:12.236,26066.808523091146,23.69126109485091,27.449999999999996,30.822178217821776
2026-07-16 14:19:12.336,26007.747330468435,23.69083236116212,27.449999999999996,30.812352941176464
2026-07-16 14:19:12.436,26121.436692242503,23.6916306563173,27.449999999999996,30.809999999999995
2026-07-16 14:19:12.536,26133.700805499444,23.692010828365706,27.45,30.802647058823528
2026-07-16 14:19:12.636,26136.646672048006,23.69232340715479,27.449999999999996,30.792772277227723
2026-07-16 14:19:12.736,26118.428016385617,23.69261736540086,27.449999999999996,30.782871287128714
2026-07-16 14:19:12.836,26111.29010066229,23.693170260826797,27.449999999999996,30.773039215686268
2026-07-16 14:19:12.936,26178.585476719923,23.6941846230501,27.450000000000003,30.770000000000003
2026-07-16 14:19:13.036,26276.687982908796,23.69440232255766,27.45,30.76343137254902
2026-07-16 14:19:13.136,26052.202092990112,23.694174514848083,27.449999999999996,30.753564356435643
2026-07-16 14:19:13.236,26077.15981640308,23.694595462993497,27.449999999999996,30.74372549019607
2026-07-16 14:19:13.336,26153.147302386555,23.694984117071836,27.449999999999996,30.739999999999995
2026-07-16 14:19:13.436,26133.411417047224,23.695153988090606,27.450000000000003,30.728039215686273
2026-07-16 14:19:13.536,26046.469706810705,23.695457846176215,27.449999999999996,30.72
2026-07-16 14:19:13.636,26160.853403835583,23.696456223032843,27.449999999999996,30.714313725490193
2026-07-16 14:19:13.736,26132.300179421494,23.697021436486153,27.449999999999996,30.704455445544546
2026-07-16 14:19:13.836,26094.909376643616,23.69719225798769,27.449999999999996,30.699999999999996
2026-07-16 14:19:13.936,26049.413250677095,23.69751935148624,27.450000000000003,30.69470588235294
2026-07-16 14:19:14.036,26039.474769854623,23.697830018651487,27.449999999999996,30.684851485148513
2026-07-16 14:19:14.136,26092.802199858466,23.697953965581444,27.449999999999996,30.674999999999997
2026-07-16 14:19:14.236,26160.01364321945,23.698394839914517,27.45,30.67
2026-07-16 14:19:14.336,26039.792779247746,23.69840100048087,27.450000000000003,30.66529411764706
2026-07-16 14:19:14.436,26059.31455065378,23.698406644001274,27.449999999999996,30.655445544554453
2026-07-16 14:19:14.536,26048.47005882408,23.698164822912226,27.449999999999996,30.64999999999999
2026-07-16 14:19:14.636,26004.166374680477,23.697967418929544,27.45,30.645742574257426
2026-07-16 14:19:14.736,25992.2496800625,23.69808682920976,27.45,30.635841584158413
2026-07-16 14:19:14.836,26067.38251429478,23.69842557403814,27.450000000000003,30.630000000000003
2026-07-16 14:19:14.936,26025.831671399716,23.698053820806166,27.449999999999996,30.626138613861386
2026-07-16 14:19:15.036,26023.022546560504,23.69802690588069,27.449999999999996,30.619999999999997
2026-07-16 14:19:15.136,26077.36973555287,23.698295315538942,27.449999999999996,30.61643564356436
2026-07-16 14:19:15.236,26072.990362838358,23.698488260081795,27.45,30.606568627450976
2026-07-16 14:19:15.336,26048.462908838897,23.698703864460146,27.449999999999996,30.6
2026-07-16 14:19:15.436,26150.10695473314,23.699366093573072,27.449999999999996,30.59683168316831
2026-07-16 14:19:15.536,26106.922319285597,23.69970869808624,27.449999999999996,30.59
2026-07-16 14:19:15.636,26036.292604471353,23.69899794892531,27.449999999999996,30.587128712871284
2026-07-16 14:19:15.736,26021.05032200391,23.698481824351276,27.449999999999996,30.57722772277227
2026-07-16 14:19:15.836,26058.1849024435,23.698734932990234,27.449999999999996,30.57
2026-07-16 14:19:15.936,26090.10187158173,23.699106650719713,27.45,30.567524752475244
2026-07-16 14:19:16.036,26082.98576243773,23.698919663462622,27.449999999999996,30.55762376237623
2026-07-16 14:19:16.136,26183.06980381638,23.700195390837294,27.450000000000003,30.54774509803922
2026-07-16 14:19:16.236,26073.380465035276,23.700615149728776,27.45,30.54
2026-07-16 14:19:16.336,26085.887891497667,23.700983745448603,27.449999999999996,30.53803921568627
2026-07-16 14:19:16.436,26076.47245799974,23.701601123515438,27.449999999999996,30.528217821782174
2026-07-16 14:19:16.536,26032.204038041433,23.702014555900625,27.45,30.519999999999996
2026-07-16 14:19:16.636,26024.29051847785,23.701744776823467,27.450000000000003,30.518431372549024
2026-07-16 14:19:16.736,26115.23554910371,23.701136919908908,27.449999999999996,30.507227722772274
2026-07-16 14:19:16.836,26175.420426292265,23.7019466799185,27.449999999999996,30.48872549019607
2026-07-16 14:19:16.936,26083.612536658988,23.70273910106082,27.449999999999996,30.478910891089104
2026-07-16 14:19:17.036,26051.972061692308,23.702568690545323,27.450000000000003,30.469019607843137
2026-07-16 14:19:17.136,25975.0715561186,23.701625337138935,27.45,30.46
2026-07-16 14:19:17.236,25848.42860128905,23.70055022433499,27.45,30.459313725490194
2026-07-16 14:19:17.336,25958.417082390275,23.699918443532194,27.450000000000003,30.449509803921565
2026-07-16 14:19:17.436,25994.861612521152,23.699839165716533,27.45,30.44
2026-07-16 14:19:17.536,25933.160991809036,23.69932730008685,27.449999999999996,30.439900990099005
2026-07-16 14:19:17.636,25986.683300531433,23.69911615083938,27.45,30.43
2026-07-16 14:19:17.736,26068.761396159898,23.699085416580623,27.449999999999996,30.43
2026-07-16 14:19:17.836,26060.88033807976,23.699057588273764,27.45,30.420294117647053
2026-07-16 14:19:17.936,25938.5232134921,23.699032290790246,27.45,30.410396039603956
2026-07-16 14:19:18.036,25939.361813462638,23.699009415839924,27.450000000000003,30.410000000000004
2026-07-16 14:19:18.136,26057.77067226373,23.6989886244903,27.45,30.40069306930693
2026-07-16 14:19:18.236,26174.660206512453,23.699531353220074,27.449999999999996,30.39088235294117
2026-07-16 14:19:18.336,26148.156800969744,23.69964358248888,27.45,30.39
2026-07-16 14:19:18.436,26070.856564951762,23.699598418177995,27.450000000000003,30.381176470588237
2026-07-16 14:19:18.536,26128.72117778392,23.700336398062042,27.45,30.37128712871287
2026-07-16 14:19:18.636,26127.826432447444,23.700695238678865,27.449999999999996,30.36138613861386
2026-07-16 14:19:18.736,26124.610931084084,23.70144814516599,27.449999999999996,30.36
2026-07-16 14:19:18.836,26096.078956925376,23.701864740900298,27.45,30.351683168316825
2026-07-16 14:19:18.936,26061.125500883605,23.7019027004484,27.450000000000003,30.341862745098044
2026-07-16 14:19:19.036,26040.765335857443,23.701745081180608,27.449999999999996,30.339999999999996
2026-07-16 14:19:19.136,26047.098102650176,23.70167748915186,27.449999999999996,30.332156862745094
2026-07-16 14:19:19.236,26073.387082718866,23.701958200204036,27.450000000000003,30.322352941176472
2026-07-16 14:19:19.336,25990.821236098316,23.70222055988253,27.45,30.312549019607836
2026-07-16 14:19:19.436,26107.078894178947,23.702795544054748,27.45,30.309999999999995
2026-07-16 14:19:19.536,26092.103882277337,23.703439233450155,27.449999999999996,30.302772277227717
2026-07-16 14:19:19.636,26023.441808894448,23.703888891597632,27.45,30.292941176470585
2026-07-16 14:19:19.736,26029.786897029167,23.70417527564009,27.449999999999996,30.283069306930685
2026-07-16 14:19:19.836,26022.57540747239,23.70473521869719,27.450000000000003,30.28
2026-07-16 14:19:19.936,25984.45395486783,23.704452254323243,27.45,30.273431372549016
2026-07-16 14:19:20.036,26014.73172728123,23.70418612192646,27.449999999999996,30.263564356435637
2026-07-16 14:19:20.136,26052.555521556846,23.704210116347475,27.450000000000003,30.25372549019608
2026-07-16 14:19:20.236,26049.267045263063,23.704375731858306,27.449999999999996,30.25
2026-07-16 14:19:20.336,26017.918842235587,23.704530768749585,27.45,30.238039215686264
2026-07-16 14:19:20.436,26019.53138669188,23.704642841666157,27.449999999999996,30.22415841584158
2026-07-16 14:19:20.536,25931.64629261753,23.704394761600515,27.45,30.22
2026-07-16 14:19:20.636,25892.850359998305,23.7038203671902,27.45,30.214455445544555
2026-07-16 14:19:20.736,25962.339512505518,23.703767409462404,27.449999999999996,30.209999999999997
2026-07-16 14:19:20.836,25996.30500610351,23.703942679214908,27.449999999999996,30.204705882352933
2026-07-16 14:19:20.936,25973.388498185148,23.703864972526347,27.449999999999996,30.19485148514851
2026-07-16 14:19:21.036,25985.952647530834,23.703268835833498,27.450000000000003,30.190000000000005
2026-07-16 14:19:21.136,25987.633073927685,23.70267760283663,27.449999999999996,30.185148514851488
2026-07-16 14:19:21.236,25905.11445518678,23.70171492826108,27.45,30.18
2026-07-16 14:19:21.336,25967.316977289338,23.701693494081702,27.45,30.17544554455445
2026-07-16 14:19:21.436,25976.058963570373,23.701503112819797,27.450000000000003,30.165588235294123
2026-07-16 14:19:21.536,25971.56516367095,23.701251781776644,27.45,30.159999999999997
2026-07-16 14:19:21.636,26073.821163901514,23.701567047944412,27.449999999999996,30.155841584158416
2026-07-16 14:19:21.736,26116.052083835584,23.70186429195725,27.449999999999996,30.145980392156858
2026-07-16 14:19:21.836,26036.901744485505,23.702141340438377,27.450000000000003,30.14
2026-07-16 14:19:21.936,25981.93499911103,23.702069624857586,27.45,30.136237623762376
2026-07-16 14:19:22.036,25998.29406402218,23.701669470980477,27.449999999999996,30.126372549019603
2026-07-16 14:19:22.136,26046.971527498004,23.701290333943682,27.449999999999996,30.12
2026-07-16 14:19:22.236,26072.830565909037,23.701080174272796,27.450000000000003,30.116666666666667
2026-07-16 14:19:22.336,26067.899169430333,23.70057572378942,27.449999999999996,30.10683168316831
2026-07-16 14:19:22.436,25982.628011672285,23.700486844014566,27.449999999999996,30.096960784313723
2026-07-16 14:19:22.536,26037.391974690843,23.70040447245423,27.45,30.089999999999996
2026-07-16 14:19:22.636,26010.146877880135,23.700327789022218,27.45,30.087254901960783
2026-07-16 14:19:22.736,25998.570924849275,23.700591512652284,27.449999999999996,30.079999999999995
2026-07-16 14:19:22.836,26036.108221818387,23.701055576260515,27.45,30.07752475247524
2026-07-16 14:19:22.936,25973.473109247483,23.701006581727544,27.45,30.06764705882353
2026-07-16 14:19:23.036,26092.644500609018,23.70166129969217,27.450000000000003,30.0578431372549
2026-07-16 14:19:23.136,26011.912314078163,23.70092669925172,27.449999999999996,30.049999999999997
2026-07-16 14:19:23.236,26026.64511992717,23.700869816598978,27.45,30.04813725490196
2026-07-16 14:19:23.336,26082.069720584976,23.701189366189645,27.45,30.03831683168316
2026-07-16 14:19:23.436,26107.050267144255,23.70162092380254,27.45,30.029999999999998
2026-07-16 14:19:23.536,26097.15793870829,23.702325338181478,27.45,30.02705882352941
2026-07-16 14:19:23.636,26101.379164882677,23.70302118288659,27.45,30.00872549019608
2026-07-16 14:19:23.736,26029.6485704021,23.70287395969462,27.449999999999996,29.998910891089103
2026-07-16 14:19:23.836,25980.511903243765,23.702992244215515,27.449999999999996,29.989999999999995
2026-07-16 14:19:23.936,25965.511282006664,23.70275820090434,27.449999999999996,29.989117647058816
2026-07-16 14:19:24.036,25952.64865406685,23.70228857066537,27.449999999999996,29.979351851851842
2026-07-16 14:19:24.136,25941.665160566707,23.702114910779912,27.45,29.970092592592586
2026-07-16 14:19:24.236,26109.73506110215,23.70195362690259,27.45,29.969999999999995
2026-07-16 14:19:24.336,26021.290777372604,23.702203705640617,27.450000000000003,29.960392156862746
2026-07-16 14:19:24.436,26031.052279393578,23.702768116298337,27.45,29.95049504950495
2026-07-16 14:19:24.536,26023.557052415876,23.70341201593004,27.45,29.95
2026-07-16 14:19:24.636,25968.23074405497,23.703702088890026,27.45,29.940784313725487
2026-07-16 14:19:24.736,25910.44432550656,23.7032909282554,27.449999999999996,29.930891089108908
2026-07-16 14:19:24.836,25930.79466227637,23.702249606498505,27.450000000000003,29.92107843137255
2026-07-16 14:19:24.936,26026.531795420895,23.702986987334466,27.449999999999996,29.91118811881188
2026-07-16 14:19:25.036,26028.613716529188,23.702539524005225,27.45,29.91
2026-07-16 14:19:25.136,26034.94373549163,23.702466716965652,27.449999999999996,29.90147058823529
2026-07-16 14:19:25.236,26082.195582159016,23.703158298384825,27.45,29.89158415841584
2026-07-16 14:19:25.336,26103.432910315605,23.703981582704927,27.450000000000003,29.890000000000008
2026-07-16 14:19:25.436,25958.797434859196,23.70377487939572,27.449999999999996,29.88196078431372
2026-07-16 14:19:25.536,26026.56040745141,23.704971207381405,27.450000000000003,29.872079207920788
2026-07-16 14:19:25.636,25975.215340708874,23.705267286285668,27.449999999999996,29.869999999999997
2026-07-16 14:19:25.736,26024.878893651607,23.705754490687127,27.450000000000003,29.86235294117647
2026-07-16 14:19:25.836,26104.982523109327,23.70613490697623,27.449999999999996,29.85247524752475
2026-07-16 14:19:25.936,26091.813522543292,23.706233986895402,27.449999999999996,29.85
2026-07-16 14:19:26.036,25958.04294164606,23.706371704771726,27.449999999999996,29.84274509803921
2026-07-16 14:19:26.136,26133.61883604399,23.70691110946317,27.449999999999996,29.83287128712871
2026-07-16 14:19:26.236,26071.905841381817,23.707425783036264,27.449999999999996,29.829999999999995
2026-07-16 14:19:26.336,25988.138804179755,23.707917957172345,27.449999999999996,29.823267326732665
2026-07-16 14:19:26.436,25997.223756600855,23.70814178667508,27.45,29.81343137254902
2026-07-16 14:19:26.536,26049.432385631822,23.708581034399934,27.449999999999996,29.809999999999995
2026-07-16 14:19:26.636,26031.839715478007,23.70975385510197,27.450000000000003,29.80372549019608
2026-07-16 14:19:26.736,26047.72425950087,23.710151635000813,27.449999999999996,29.79386138613861
2026-07-16 14:19:26.836,26003.18026311172,23.710521160028772,27.45,29.79
2026-07-16 14:19:26.936,26000.46385384166,23.71050860561601,27.449999999999996,29.78415841584158
2026-07-16 14:19:27.036,26003.643431295597,23.71038695159219,27.45,29.77431372549019
2026-07-16 14:19:27.136,25972.25418222812,23.710109041767737,27.45,29.764455445544556
2026-07-16 14:19:27.236,25909.803658805944,23.709575780196925,27.45,29.754607843137254
2026-07-16 14:19:27.336,25911.464958729033,23.70906019286344,27.449999999999996,29.75
2026-07-16 14:19:27.436,25903.084598571462,23.70856807297289,27.450000000000003,29.744901960784315
2026-07-16 14:19:27.536,25968.56884317303,23.708456880872326,27.45,29.735049504950492
2026-07-16 14:19:27.636,25967.290362735734,23.708954648209065,27.449999999999996,29.729999999999997
2026-07-16 14:19:27.736,25939.81007771611,23.70939362185576,27.45,29.725294117647056
2026-07-16 14:19:27.836,25955.221043282487,23.709429388802363,27.45,29.71544554455445
2026-07-16 14:19:27.936,26000.38762640097,23.709812520267803,27.450000000000003,29.710000000000004
2026-07-16 14:19:28.036,26071.402181985293,23.710570264091054,27.45,29.705742574257425
2026-07-16 14:19:28.136,26055.65239151918,23.71095141294166,27.45,29.695882352941176
2026-07-16 14:19:28.236,26019.563632863945,23.71067611300682,27.45,29.686039603960396
2026-07-16 14:19:28.336,26033.771533823638,23.710529650869457,27.450000000000003,29.68
2026-07-16 14:19:28.436,26046.156871137333,23.710363453203634,27.449999999999996,29.676274509803918
2026-07-16 14:19:28.536,25917.978466264543,23.709004112751963,27.450000000000003,29.666435643564352
2026-07-16 14:19:28.636,25946.856297361166,23.708459355127527,27.450000000000003,29.66
2026-07-16 14:19:28.736,25946.866272074374,23.70882700505892,27.45,29.656732673267324
2026-07-16 14:19:28.836,25999.681483523156,23.709274012702117,27.449999999999996,29.64683168316831
2026-07-16 14:19:28.936,26017.599315376818,23.709695462742864,27.449999999999996,29.63696078431372
2026-07-16 14:19:29.036,25980.488008946635,23.710092284830214,27.45,29.63
2026-07-16 14:19:29.136,25941.675463034524,23.710339349893825,27.45,29.627254901960782
2026-07-16 14:19:29.236,25902.69865773591,23.709751686689916,27.449999999999996,29.617425742574255
2026-07-16 14:19:29.336,26014.43105841818,23.70963777874951,27.45,29.61
2026-07-16 14:19:29.436,26035.573073739124,23.710230633718563,27.449999999999996,29.607722772277224
2026-07-16 14:19:29.536,26082.47351506808,23.710516765228387,27.45,29.597821782178215
2026-07-16 14:19:29.636,26112.09210521871,23.710393287640642,27.450000000000003,29.590000000000003
2026-07-16 14:19:29.736,26038.689981721924,23.71035712075447,27.449999999999996,29.588118811881188
2026-07-16 14:19:29.836,25984.761645767463,23.710685043598588,27.45,29.57823529411764
2026-07-16 14:19:29.936,25948.199162730794,23.710569368220497,27.45,29.569999999999997
2026-07-16 14:19:30.036,25999.443268066614,23.711106733275095,27.45,29.568529411764704
2026-07-16 14:19:30.136,25962.378784303273,23.711031955860346,27.45,29.558712871287128
2026-07-16 14:19:30.236,25950.300965438437,23.710639313975012,27.449999999999996,29.54882352941176
2026-07-16 14:19:30.336,26037.91351749364,23.71051756962461,27.449999999999996,29.54
2026-07-16 14:19:30.436,25994.328143987645,23.71040485245585,27.449999999999996,29.53823529411764
2026-07-16 14:19:30.536,25909.142036054865,23.710301680963113,27.449999999999996,29.519999999999996
2026-07-16 14:19:30.636,25908.19765663632,23.70954535361364,27.45,29.51940594059406
2026-07-16 14:19:30.736,25976.68876472748,23.709475742819436,27.449999999999996,29.509509803921567
2026-07-16 14:19:30.836,26028.227977430506,23.710021088387684,27.449999999999996,29.499702970297022
2026-07-16 14:19:30.936,26018.498355128148,23.710542947568918,27.45,29.49
2026-07-16 14:19:31.036,25985.180600477757,23.710424832001717,27.449999999999996,29.489901960784305
2026-07-16 14:19:31.136,25908.391832952242,23.710316701961066,27.45,29.480098039215683
2026-07-16 14:19:31.236,26043.86722949466,23.710577078839634,27.45,29.470198019801973
2026-07-16 14:19:31.336,26080.831754250277,23.711146553903486,27.450000000000003,29.47
2026-07-16 14:19:31.436,26055.053158181276,23.71162042538849,27.45,29.46049504950495
2026-07-16 14:19:31.536,26032.61268289938,23.711880729296993,27.449999999999996,29.450686274509795
2026-07-16 14:19:31.636,26042.644868409356,23.712126459391943,27.45,29.449999999999996
2026-07-16 14:19:31.736,26119.39409955364,23.712357277654952,27.45,29.440980392156867
2026-07-16 14:19:31.836,25956.687570071008,23.711831569350117,27.45,29.43108910891089
2026-07-16 14:19:31.936,25902.11638661709,23.711561653614915,27.449999999999996,29.421188118811877
2026-07-16 14:19:32.036,26000.722553921973,23.712065264083613,27.45,29.42
2026-07-16 14:19:32.136,26097.766868381645,23.71281938288133,27.449999999999996,29.41211009174312
2026-07-16 14:19:32.236,26038.471212171167,23.7131036188051,27.45,29.40237623762376
2026-07-16 14:19:32.336,26020.887003192736,23.713720703021867,27.45,29.392549019607838
2026-07-16 14:19:32.436,25842.553223735784,23.712629118666726,27.45,29.39
2026-07-16 14:19:32.536,25949.92067401527,23.712945410774104,27.45,29.382843137254895
2026-07-16 14:19:32.636,26027.451438499796,23.71364789097503,27.449999999999996,29.372970297029696
2026-07-16 14:19:32.736,26016.227919509085,23.71413347189406,27.449999999999996,29.369999999999997
2026-07-16 14:19:32.836,26014.628141004763,23.714405013124722,27.450000000000003,29.363235294117644
2026-07-16 14:19:32.936,26117.83495911575,23.71501056307313,27.449999999999996,29.36
2026-07-16 14:19:33.036,26008.855684989016,23.71465549853741,27.449999999999996,29.3535294117647
2026-07-16 14:19:33.136,25916.126058157253,23.714713114895943,27.449999999999996,29.34366336633663
2026-07-16 14:19:33.236,25910.987998608238,23.71455989289667,27.450000000000003,29.340000000000003
2026-07-16 14:19:33.336,25936.7251387812,23.714445756843865,27.449999999999996,29.333960396039597
2026-07-16 14:19:33.436,25971.86296758157,23.71447896968583,27.45,29.324059405940588
2026-07-16 14:19:33.536,26086.060771168242,23.714263638808113,27.449999999999996,29.32
2026-07-16 14:19:33.636,26030.57033834616,23.71525617684894,27.45,29.31435643564356
2026-07-16 14:19:33.736,25929.13786475709,23.71507477597202,27.449999999999996,29.309999999999995
2026-07-16 14:19:33.836,25941.763852777767,23.715043084973587,27.450000000000003,29.304607843137255
2026-07-16 14:19:33.936,25957.294422964704,23.715156895623984,27.45,29.294752475247527
2026-07-16 14:19:34.036,25966.729600637576,23.715383226373156,27.449999999999996,29.28485148514851
2026-07-16 14:19:34.136,26070.35695699802,23.715840898739522,27.449999999999996,29.275
2026-07-16 14:19:34.236,25983.373040818,23.71591412029407,27.45,29.265148514851482
2026-07-16 14:19:34.336,26084.36397298986,23.716720778879353,27.450000000000003,29.260000000000005
2026-07-16 14:19:34.436,26036.627507262332,23.71697797109126,27.449999999999996,29.255445544554455
2026-07-16 14:19:34.536,26023.473643226793,23.717214574836635,27.449999999999996,29.245588235294115
2026-07-16 14:19:34.636,26017.95727767318,23.717491888060927,27.45,29.235742574257422
2026-07-16 14:19:34.736,25906.345443933456,23.717491440979803,27.450000000000003,29.230000000000004
2026-07-16 14:19:34.836,26029.522408947523,23.71749103181349,27.450000000000003,29.226078431372546
2026-07-16 14:19:34.936,25987.36575511008,23.717490659550595,27.449999999999996,29.216274509803917
2026-07-16 14:19:35.036,25920.156356652133,23.716941010637772,27.450000000000003,29.21
2026-07-16 14:19:35.136,25911.08779114431,23.716659571923543,27.450000000000003,29.20656862745098
2026-07-16 14:19:35.236,25962.0623539414,23.716830396954432,27.45,29.19673267326732
2026-07-16 14:19:35.336,25998.060923935664,23.717144509024962,27.449999999999996,29.18683168316831
2026-07-16 14:19:35.436,25885.078253128435,23.71715775145832,27.449999999999996,29.18
2026-07-16 14:19:35.536,25969.424256618313,23.71716984808253,27.450000000000003,29.1771568627451
2026-07-16 14:19:35.636,25946.716459352672,23.717181123466943,27.45,29.167326732673267
2026-07-16 14:19:35.736,25956.738587112937,23.717191657708835,27.449999999999996,29.157425742574254
2026-07-16 14:19:35.836,25996.00063594337,23.71733412026581,27.45,29.15
2026-07-16 14:19:35.936,26012.691731406485,23.71757371968941,27.449999999999996,29.147722772277223
2026-07-16 14:19:36.036,25984.485314894395,23.71755539141464,27.450000000000003,29.137843137254897
2026-07-16 14:19:36.136,26032.511840269268,23.717245381243032,27.449999999999996,29.13
2026-07-16 14:19:36.236,26024.985560680274,23.717472052900796,27.45,29.128137254901958
2026-07-16 14:19:36.336,25993.014047718287,23.71778248352838,27.45,29.11831683168316
2026-07-16 14:19:36.436,25956.89992115496,23.71778269895014,27.450000000000003,29.10843137254902
2026-07-16 14:19:36.536,25953.583172238752,23.717631782015314,27.45,29.1
2026-07-16 14:19:36.636,26023.954107803504,23.71801292570079,27.449999999999996,29.09881188118812
2026-07-16 14:19:36.736,26104.136425625133,23.718989138209302,27.45,29.088921568627445
2026-07-16 14:19:36.836,26043.343660059305,23.719356198799534,27.45,29.08
2026-07-16 14:19:36.936,26019.054659806592,23.71991779872637,27.45,29.07920792079207
2026-07-16 14:19:37.036,26056.100227878924,23.72078503867705,27.450000000000003,29.069313725490193
2026-07-16 14:19:37.136,26083.055248151803,23.721430462590455,27.45,29.059504950495047
2026-07-16 14:19:37.236,26017.85852671074,23.721307358022635,27.45,29.05
2026-07-16 14:19:37.336,25978.365465956755,23.721548396692988,27.45,29.049603960396023
2026-07-16 14:19:37.436,26008.219556851534,23.722168926154932,27.449999999999996,29.029900990099005
2026-07-16 14:19:37.536,26029.088187903304,23.72216190596796,27.450000000000003,29.019999999999996
2026-07-16 14:19:37.636,25987.779182190217,23.721954770188297,27.450000000000003,29.010196078431377
2026-07-16 14:19:37.736,25888.179188428938,23.721609388774233,27.45,29.01
2026-07-16 14:19:37.836,25810.3590542964,23.72109892147287,27.449999999999996,29.000490196078424
2026-07-16 14:19:37.936,25931.902769335305,23.72093899191383,27.45,28.990594059405936
2026-07-16 14:19:38.036,25885.259890631583,23.720791718199735,27.45,28.99
2026-07-16 14:19:38.136,25845.96936411912,23.720653739380424,27.450000000000003,28.98088235294118
2026-07-16 14:19:38.236,25947.644338215272,23.720988315863742,27.450000000000003,28.9709900990099
2026-07-16 14:19:38.336,26026.51271076119,23.721453053914324,27.449999999999996,28.969999999999995
2026-07-16 14:19:38.436,25975.133304548213,23.72185344855408,27.45,28.96128712871287
2026-07-16 14:19:38.536,26008.940992500422,23.722816953278144,27.45,28.951386138613856
2026-07-16 14:19:38.636,26020.628218523507,23.722994006043308,27.450000000000003,28.95
2026-07-16 14:19:38.736,26024.576115073418,23.72315900882421,27.449999999999996,28.94168316831683
2026-07-16 14:19:38.836,26096.59815592416,23.72383846942199,27.45,28.931782178217816
2026-07-16 14:19:38.936,26153.93188140005,23.725002537627454,27.449999999999996,28.929999999999996
2026-07-16 14:19:39.036,26111.31189789077,23.72591032892988,27.450000000000003,28.92207920792079
2026-07-16 14:19:39.136,25976.355432730757,23.7255129741048,27.450000000000003,28.912254901960793
2026-07-16 14:19:39.236,26016.9423418855,23.72557607961513,27.45,28.909999999999997
2026-07-16 14:19:39.336,25941.992511828495,23.725633161575356,27.449999999999996,28.902475247524745
2026-07-16 14:19:39.436,25970.93675694456,23.72599513484011,27.449999999999996,28.892647058823528
2026-07-16 14:19:39.536,25951.44492443888,23.726250826440364,27.449999999999996,28.889999999999997
2026-07-16 14:19:39.636,25896.61953593033,23.72627385027946,27.45,28.88294117647058
2026-07-16 14:19:39.736,25966.315297531568,23.726294961205788,27.449999999999996,28.879999999999995
2026-07-16 14:19:39.836,25974.720150747686,23.726314259576462,27.449999999999996,28.873168316831677
2026-07-16 14:19:39.936,25861.00405227552,23.725985566987113,27.449999999999996,28.86333333333333
2026-07-16 14:19:40.036,25801.281255504204,23.725643460300045,27.45,28.859999999999996
2026-07-16 14:19:40.136,25890.322910936364,23.725519757431293,27.449999999999996,28.85356435643564
2026-07-16 14:19:40.236,25987.561540075294,23.725439677847756,27.449999999999996,28.843725490196075
2026-07-16 14:19:40.336,25933.37347040699,23.725190314754894,27.449999999999996,28.8338613861386
2026-07-16 14:19:40.436,25965.559623686135,23.725251354999553,27.450000000000003,28.830000000000002
2026-07-16 14:19:40.536,25923.368957600316,23.72530763254538,27.449999999999996,28.82415841584158
2026-07-16 14:19:40.636,25952.503625538535,23.725360392491346,27.449999999999996,28.814313725490194
2026-07-16 14:19:40.736,25991.859007234045,23.72561145773576,27.449999999999996,28.804455445544548
2026-07-16 14:19:40.836,26013.475346240113,23.725994722640404,27.449999999999996,28.794554455445535
2026-07-16 14:19:40.936,26001.920279466976,23.726150223031873,27.450000000000003,28.78470588235294
2026-07-16 14:19:41.036,25934.161795296157,23.725515358464985,27.449999999999996,28.78
2026-07-16 14:19:41.136,26083.680549625118,23.726299005299037,27.45,28.77495049504951
2026-07-16 14:19:41.236,26044.381747878066,23.72677632784375,27.449999999999996,28.765098039215683
2026-07-16 14:19:41.336,25995.30040854377,23.7266723305248,27.450000000000003,28.760000000000005
2026-07-16 14:19:41.436,26009.397240697093,23.726818597736717,27.449999999999996,28.755445544554455
2026-07-16 14:19:41.536,26022.912737083643,23.7271969413821,27.45,28.745544554455442
2026-07-16 14:19:41.636,25888.914292505062,23.726447771830163,27.449999999999996,28.735686274509803
2026-07-16 14:19:41.736,26042.65424885241,23.72736172017571,27.45,28.729999999999997
2026-07-16 14:19:41.836,25955.357367121716,23.727443837941166,27.450000000000003,28.725980392156863
2026-07-16 14:19:41.936,25948.731182715885,23.727723651258756,27.449999999999996,28.716138613861386
2026-07-16 14:19:42.036,26030.858041503692,23.72813659703018,27.45,28.706237623762377
2026-07-16 14:19:42.136,26086.347246412926,23.72879491812708,27.45,28.7
2026-07-16 14:19:42.236,25994.225726666253,23.72983873733644,27.449999999999996,28.696534653465342
2026-07-16 14:19:42.336,25891.835229628025,23.729200456466575,27.449999999999996,28.68666666666666
2026-07-16 14:19:42.436,25986.20429930069,23.72903494266327,27.449999999999996,28.68
2026-07-16 14:19:42.536,25955.60428191153,23.729269702828198,27.449999999999996,28.67696078431372
2026-07-16 14:19:42.636,25982.314394805057,23.729369347044177,27.449999999999996,28.66712871287129
2026-07-16 14:19:42.736,26005.517171498337,23.72924241116818,27.449999999999996,28.66
2026-07-16 14:19:42.836,25893.52223682116,23.729258325214634,27.449999999999996,28.657352941176466
2026-07-16 14:19:42.936,26052.11123340634,23.73000514662003,27.45,28.647524752475242
2026-07-16 14:19:43.036,25975.518602578013,23.73032157673699,27.450000000000003,28.64
2026-07-16 14:19:43.136,25992.115735963995,23.730936442563554,27.449999999999996,28.637843137254904
2026-07-16 14:19:43.236,25939.83746686986,23.731376226319632,27.450000000000003,28.628039215686275
2026-07-16 14:19:43.336,25902.35776839617,23.73127165321102,27.449999999999996,28.62
2026-07-16 14:19:43.436,25984.360378015303,23.73080294435513,27.450000000000003,28.618349514563107
2026-07-16 14:19:43.536,26010.079439144574,23.731073947191184,27.449999999999996,28.608613861386136
2026-07-16 14:19:43.636,25970.423246550465,23.73132406706116,27.45,28.59872549019608
2026-07-16 14:19:43.736,25965.303959484085,23.731197437275487,27.449999999999996,28.588910891089103
2026-07-16 14:19:43.836,25966.794588787794,23.73099717343753,27.449999999999996,28.579999999999995
2026-07-16 14:19:43.936,25965.84533168051,23.73116702366267,27.45,28.579207920792072
2026-07-16 14:19:44.036,25963.131968525075,23.731704244842092,27.450000000000003,28.569313725490193
2026-07-16 14:19:44.136,25960.48815081117,23.731917401373,27.449999999999996,28.56
2026-07-16 14:19:44.236,25928.450503915825,23.732115181260074,27.449999999999996,28.559405940594047
2026-07-16 14:19:44.336,25918.955011971135,23.73194415848794,27.45,28.539803921568623
2026-07-16 14:19:44.436,25977.53149237958,23.731724599087066,27.45,28.53
2026-07-16 14:19:44.536,26019.647649733713,23.731891181223048,27.449999999999996,28.53
2026-07-16 14:19:44.636,25989.865712226707,23.73223538336775,27.45,28.52019801980198
2026-07-16 14:19:44.736,25929.887186699987,23.732078307590236,27.449999999999996,28.510392156862743
2026-07-16 14:19:44.836,26041.30468572968,23.73264989099505,27.45,28.51
2026-07-16 14:19:44.936,25986.692240155026,23.73247128061048,27.45,28.500594059405937
2026-07-16 14:19:45.036,25939.10253788279,23.73252058461918,27.45,28.500000000000004
2026-07-16 14:19:45.136,25957.771383857544,23.732885536585144,27.449999999999996,28.490891089108906
2026-07-16 14:19:45.236,26006.753381066894,23.733422489412966,27.45,28.481078431372545
2026-07-16 14:19:45.336,26007.37570557627,23.733832132744233,27.449999999999996,28.48
2026-07-16 14:19:45.436,25971.056690184243,23.73352320899803,27.450000000000003,28.47137254901961
2026-07-16 14:19:45.536,26042.310856637727,23.73400641713093,27.45,28.461485148514846
2026-07-16 14:19:45.636,25996.095662568892,23.734517754581944,27.45,28.459999999999997
2026-07-16 14:19:45.736,25921.790541002025,23.734059935785467,27.45,28.451764705882347
2026-07-16 14:19:45.836,25893.127838519693,23.73337653059818,27.45,28.441881188118806
2026-07-16 14:19:45.936,25934.019644074724,23.733526049063602,27.449999999999996,28.439999999999998
2026-07-16 14:19:46.036,26009.067427974664,23.733663951051618,27.449999999999996,28.43238095238095
2026-07-16 14:19:46.136,26001.96807567868,23.734207998015506,27.449999999999996,28.42264705882353
2026-07-16 14:19:46.236,25998.53329603918,23.7350881205577,27.450000000000003,28.41732600732601
2026-07-16 14:19:46.336,25977.920016629294,23.735768243149693,27.450000000000003,28.413663003663007
2026-07-16 14:19:46.436,25993.50390322628,23.736258658226873,27.450000000000003,28.410000000000004
2026-07-16 14:19:46.536,26026.5537659453,23.736621028944185,27.450000000000003,28.406336996336996
2026-07-16 14:19:46.636,25905.24873888753,23.736611552354265,27.450000000000003,28.402673992673996
2026-07-16 14:19:46.736,25910.28055368748,23.73660307574852,27.450000000000003,28.399010989010993
2026-07-16 14:19:46.836,26111.33184485685,23.737295570555304,27.450000000000003,28.39534798534799
2026-07-16 14:19:46.936,26110.806486867783,23.738112751902293,27.45,28.391684981684982
2026-07-16 14:19:47.036,26010.45041275277,23.738500822035988,27.44465346534653,28.395346534653466
2026-07-16 14:19:47.136,25954.918654746387,23.738519255752408,27.439999999999998,28.40519607843137
2026-07-16 14:19:47.236,25944.31865502769,23.738855453783607,27.439999999999998,28.4150495049505
2026-07-16 14:19:47.336,25908.074026633396,23.739171089164138,27.440000000000005,28.42980392156864
2026-07-16 14:19:47.436,25972.698568104435,23.73985100840948,27.44,28.454257425742576
2026-07-16 14:19:47.536,25994.400811784548,23.74056558092203,27.44,28.483960396039613
2026-07-16 14:19:47.636,26034.01468863075,23.741501360881898,27.439999999999998,28.513529411764708
2026-07-16 14:19:47.736,26097.049769959263,23.742816348147894,27.44,28.569207920792117
2026-07-16 14:19:47.836,26098.73902811545,23.74427682039581,27.44,28.637029702970324
2026-07-16 14:19:47.936,25917.555749658306,23.744360554874465,27.44,28.67631067961166
2026-07-16 14:19:48.036,25938.632687709363,23.74492266410143,27.44,28.719306930693094
2026-07-16 14:19:48.136,26031.640839385207,23.74587459627881,27.440000000000005,28.764901960784314
2026-07-16 14:19:48.236,26061.325492957098,23.74693479586302,27.44,28.807647058823534
2026-07-16 14:19:48.336,26047.898738375996,23.748175485843962,27.440000000000005,28.85346534653467
2026-07-16 14:19:48.436,26064.646422691152,23.74975077009133,27.440000000000005,28.892941176470593
2026-07-16 14:19:48.536,26028.46504379468,23.75132708497196,27.44,28.93227722772278
2026-07-16 14:19:48.636,25988.913922329062,23.752241499657345,27.44,28.971764705882343
2026-07-16 14:19:48.736,25949.991271021223,23.753083253314735,27.439999999999998,29.011089108910895
2026-07-16 14:19:48.836,25887.990952310247,23.753484763107352,27.439999999999998,29.050693069306945
2026-07-16 14:19:48.936,25891.277367082417,23.75359603158001,27.44,29.09274509803922
2026-07-16 14:19:49.036,25985.571483300348,23.7538157575994,27.440000000000005,29.139411764705905
2026-07-16 14:19:49.136,25985.38625682982,23.754474589749517,27.439999999999998,29.178712871287125
2026-07-16 14:19:49.236,25976.174309762853,23.755625548215313,27.439999999999998,29.218235294117655
2026-07-16 14:19:49.336,25948.59196306254,23.756264929919418,27.44,29.25752475247527
2026-07-16 14:19:49.436,25952.7767169396,23.7574922166132,27.44,29.297128712871295
2026-07-16 14:19:49.536,25936.729379714183,23.75855569506684,27.440000000000005,29.336666666666687
2026-07-16 14:19:49.636,25917.339229035835,23.759252306573025,27.439999999999998,29.381764705882343
2026-07-16 14:19:49.736,26014.64125735441,23.76072915638742,27.441287128712876,29.456435643564372
2026-07-16 14:19:49.836,25982.536056209443,23.761615966435354,27.449999999999996,29.504752475247543
2026-07-16 14:19:49.936,26041.668886969386,23.76297773214265,27.448921568627448,29.544313725490206
2026-07-16 14:19:50.036,26039.611885516788,23.76392825820714,27.439999999999998,29.583564356435645
2026-07-16 14:19:50.136,26038.549965726103,23.76526118548582,27.439999999999998,29.623137254901952
2026-07-16 14:19:50.236,26035.97883581838,23.766979459793532,27.44,29.66237623762377
2026-07-16 14:19:50.336,25958.436929409996,23.768029974845007,27.440000000000005,29.701960784313748
2026-07-16 14:19:50.436,25938.030108097697,23.767780561514385,27.44,29.741188118811873
2026-07-16 14:19:50.536,25921.928636945846,23.768753342219057,27.440000000000005,29.780792079207927
2026-07-16 14:19:50.636,26036.73041199409,23.770728160862788,27.439999999999998,29.820392156862734
2026-07-16 14:19:50.736,26025.08267853946,23.772262514136443,27.439999999999998,29.859607843137262
2026-07-16 14:19:50.836,25912.77757332429,23.772622985387347,27.44,29.899207920792097
2026-07-16 14:19:50.936,25900.74206087368,23.77235019527517,27.44,29.938811881188123
2026-07-16 14:19:51.036,25959.90907652145,23.77384815200722,27.44,29.98754901960787
2026-07-16 14:19:51.136,25967.48247469709,23.77457421436126,27.44,30.065247524752497
2026-07-16 14:19:51.236,25902.761088736734,23.77521174646925,27.440000000000005,30.10686274509805
2026-07-16 14:19:51.336,25848.234545664644,23.775030313463702,27.44,30.146435643564374
2026-07-16 14:19:51.436,25878.10236205567,23.774565686637846,27.44,30.18568627450982
2026-07-16 14:19:51.536,25975.265323471645,23.7747787176288,27.44,30.225247524752497
2026-07-16 14:19:51.636,25957.398874557308,23.775936488285975,27.44,30.264851485148526
2026-07-16 14:19:51.736,25845.46603657008,23.77642045255993,27.440000000000005,30.30411764705883
2026-07-16 14:19:51.836,25920.85550067934,23.777360862427024,27.44,30.35207920792081
2026-07-16 14:19:51.936,25991.36559730694,23.777973285325757,27.439999999999998,30.39326732673267
2026-07-16 14:19:52.036,25947.099502603487,23.778066999551633,27.440000000000005,30.432233009708746
2026-07-16 14:19:52.136,25865.858096341497,23.778235299886973,27.439999999999998,30.471683168316826
2026-07-16 14:19:52.236,26000.813168555345,23.779600153694798,27.440000000000005,30.510980392156874
2026-07-16 14:19:52.336,25926.673095647377,23.779838404258907,27.440000000000005,30.55049504950497
2026-07-16 14:19:52.436,25953.72980908693,23.779574780513737,27.439999999999998,30.590099009900996
2026-07-16 14:19:52.536,26019.44424978816,23.780349378357894,27.44,30.629411764705893
2026-07-16 14:19:52.636,25964.19791171084,23.78082457941327,27.439999999999998,30.676138613861376
2026-07-16 14:19:52.736,25859.52797220115,23.78074393074479,27.439999999999998,30.71851485148515
2026-07-16 14:19:52.836,25957.046746017146,23.78142112313683,27.439999999999998,30.757843137254916
2026-07-16 14:19:52.936,25880.435275607004,23.78153882508504,27.439999999999998,30.79732673267327
2026-07-16 14:19:53.036,25905.00582315612,23.781643509367907,27.439999999999998,30.83693069306932
2026-07-16 14:19:53.136,25921.84874637377,23.781385181843945,27.440000000000005,30.87627450980392
2026-07-16 14:19:53.236,25876.88803936954,23.781256972266526,27.439999999999998,30.915742574257422
2026-07-16 14:19:53.336,25818.682334007426,23.78105424239012,27.439999999999998,30.9550980392157
2026-07-16 14:19:53.436,25856.255573463255,23.78051181553095,27.44,30.994554455445545
2026-07-16 14:19:53.536,26041.627853087248,23.78164363188077,27.44,31.034158415841596
2026-07-16 14:19:53.636,25894.242893075876,23.782289342254792,27.439999999999998,31.07352941176471
2026-07-16 14:19:53.736,25982.810305319006,23.783269202679918,27.439999999999998,31.11871287128715
2026-07-16 14:19:53.836,25984.6948199429,23.78404238329523,27.440000000000005,31.162352941176493
2026-07-16 14:19:53.936,25912.874548325795,23.78435300405139,27.439999999999998,31.20178217821782
2026-07-16 14:19:54.036,25925.15196077442,23.78439718664687,27.439999999999998,31.241386138613873
2026-07-16 14:19:54.136,25953.75508452528,23.78486496372103,27.439999999999998,31.280784313725494
2026-07-16 14:19:54.236,25963.010727811758,23.784788255032055,27.439999999999998,31.320198019802
2026-07-16 14:19:54.336,25988.674777201017,23.785483993327226,27.440000000000005,31.359607843137276
2026-07-16 14:19:54.436,26048.726427837417,23.786352266390786,27.44,31.3990099009901
2026-07-16 14:19:54.536,26027.21081490736,23.787201886852298,27.439999999999998,31.438431372549033
2026-07-16 14:19:54.636,25891.18574862438,23.787663185465426,27.44,31.49564356435645
2026-07-16 14:19:54.736,25826.775830580038,23.78693115427283,27.44,31.557425742574274
2026-07-16 14:19:54.836,25815.22474060406,23.78673333065078,27.440000000000005,31.596862745098058
2026-07-16 14:19:54.936,25913.227286283356,23.78741705029974,27.439999999999998,31.636237623762376
2026-07-16 14:19:55.036,25953.388067080017,23.787895611544766,27.439999999999998,31.67960784313727
2026-07-16 14:19:55.136,25920.951587544965,23.78793580912811,27.44,31.725049504950498
2026-07-16 14:19:55.236,25880.891652634225,23.787695195716207,27.439999999999998,31.764653465346548
2026-07-16 14:19:55.336,25908.00374596527,23.78747332683903,27.440000000000005,31.804117647058842
2026-07-16 14:19:55.436,25831.40146396784,23.787270346199584,27.439999999999998,31.84346534653465
2026-07-16 14:19:55.536,25822.726250933676,23.787083774382666,27.439999999999998,31.886336633663376
2026-07-16 14:19:55.636,25817.76153642727,23.786910538061154,27.439999999999998,31.932549019607837
2026-07-16 14:19:55.736,25916.216062544947,23.787187292030637,27.44,31.97188118811882
2026-07-16 14:19:55.836,26012.528158871646,23.787595117333623,27.440000000000005,32.01148514851487
2026-07-16 14:19:55.936,25914.852222718626,23.787568696058706,27.440000000000005,32.050980392156866
2026-07-16 14:19:56.036,25938.57461781543,23.78867191125475,27.44,32.090297029702974
2026-07-16 14:19:56.136,25985.831246417405,23.789802847386365,27.442450980392156,32.129803921568616
2026-07-16 14:19:56.236,25973.3290972662,23.790204193279767,27.449999999999996,32.1691089108911
2026-07-16 14:19:56.336,26020.491771269095,23.791141326415627,27.449999999999996,32.20862745098041
2026-07-16 14:19:56.436,26049.7450826257,23.792143229279716,27.449999999999996,32.24792079207922
2026-07-16 14:19:56.536,25970.987258625515,23.79237033686354,27.45,32.28940594059409
2026-07-16 14:19:56.636,26040.09895201213,23.793408349331973,27.45,32.3370588235294
2026-07-16 14:19:56.736,26043.60767217903,23.794428531532162,27.45,32.37633663366337
2026-07-16 14:19:56.836,25973.349659415573,23.795424121430084,27.449999999999996,32.42176470588239
2026-07-16 14:19:56.936,25950.03624188471,23.795718851248154,27.45,32.4951485148515
2026-07-16 14:19:57.036,25910.511240088974,23.795564319659764,27.45,32.53470588235297
2026-07-16 14:19:57.136,25828.225564562268,23.795646038482,27.450000000000003,32.5739603960396
2026-07-16 14:19:57.236,25894.33736705638,23.796505202299972,27.449999999999996,32.61352941176471
2026-07-16 14:19:57.336,25942.166333998117,23.796827671810206,27.449999999999996,32.65277227722775
2026-07-16 14:19:57.436,25875.969381537318,23.797549742187794,27.449999999999996,32.69237623762377
2026-07-16 14:19:57.536,25897.067035926426,23.7979912948949,27.450000000000003,32.73196078431375
2026-07-16 14:19:57.636,25907.886913451704,23.798227057604542,27.45,32.77118811881188
2026-07-16 14:19:57.736,25863.926091276888,23.798571470330163,27.45,32.810990099009906
2026-07-16 14:19:57.836,25893.04464823938,23.799215240265877,27.449999999999996,32.86039215686275
2026-07-16 14:19:57.936,25854.31045730483,23.79937778529571,27.45,32.89960784313726
2026-07-16 14:19:58.036,25958.927136912534,23.799940721638077,27.45,32.97764705882354
2026-07-16 14:19:58.136,25990.032126291724,23.80053685492763,27.449999999999996,33.01841584158415
2026-07-16 14:19:58.236,25914.15629834679,23.800633423311734,27.45,33.05764705882354
2026-07-16 14:19:58.336,25839.45534831145,23.800392991952,27.45,33.097227722772296
2026-07-16 14:19:58.436,25903.857170879208,23.80054454676108,27.45,33.136831683168325
2026-07-16 14:19:58.536,25895.520780111212,23.801085472358867,27.45,33.167058823529416
2026-07-16 14:19:58.636,25932.335063563467,23.801602388894004,27.44108910891089,33.19673267326732
2026-07-16 14:19:58.736,25939.26696925983,23.802097595707473,27.439999999999998,33.217623762376235
2026-07-16 14:19:58.836,25914.52574847942,23.80257077141598,27.44,33.237254901960796
2026-07-16 14:19:58.936,25931.097248005728,23.803346461380034,27.439999999999998,33.24851485148515
2026-07-16 14:19:59.036,26026.361092814885,23.80470501315589,27.439999999999998,33.25817307692308
2026-07-16 14:19:59.136,25984.34156038137,23.806104855511535,27.439999999999998,33.2680198019802
2026-07-16 14:19:59.236,25911.98255418606,23.806462934501237,27.440000000000005,33.27
2026-07-16 14:19:59.336,25958.88951171825,23.80676517663428,27.44,33.27
2026-07-16 14:19:59.436,25965.76156803609,23.807043271395365,27.439999999999998,33.262376237623755
2026-07-16 14:19:59.536,25921.566600342332,23.80729943913456,27.440000000000005,33.26
2026-07-16 14:19:59.636,25881.154237537605,23.807436679313717,27.44,33.26
2026-07-16 14:19:59.736,25853.60450483062,23.80717775266887,27.44,33.26
2026-07-16 14:19:59.836,25843.557412569742,23.80694089433144,27.439999999999998,33.26
2026-07-16 14:19:59.936,25873.74493637591,23.8070929069791,27.44,33.26
2026-07-16 14:20:00.036,25908.845656796395,23.80814503193789,27.439999999999998,33.26676470588236
2026-07-16 14:20:00.136,25878.005089419225,23.809060132866,27.439999999999998,33.269999999999996
2026-07-16 14:20:00.236,25815.094069915864,23.809204557801095,27.440000000000005,33.27
2026-07-16 14:20:00.336,25895.349773685542,23.809391890070913,27.446336633663364,33.27633663366337
2026-07-16 14:20:00.436,25968.57680339839,23.810422659321013,27.45,33.28
2026-07-16 14:20:00.536,25915.208036184133,23.810613616128723,27.449999999999996,33.286078431372545
2026-07-16 14:20:00.636,25962.734956992597,23.81160403880163,27.45,33.29
2026-07-16 14:20:00.736,25987.940574388893,23.812323683933123,27.449999999999996,33.29584158415842
2026-07-16 14:20:00.836,25934.772315308717,23.812154612012563,27.45,33.3
2026-07-16 14:20:00.936,25897.327551791837,23.811702961398936,27.45,33.305544554455444
2026-07-16 14:20:01.036,25892.347413513213,23.811709069731023,27.444607843137256,33.31
2026-07-16 14:20:01.136,25749.73043179347,23.811300637330792,27.439999999999998,33.31
2026-07-16 14:20:01.236,25841.592095097363,23.81151868402225,27.439999999999998,33.31
2026-07-16 14:20:01.336,25934.033246026454,23.811978238635007,27.439999999999998,33.31495049504951
2026-07-16 14:20:01.436,25911.51547438775,23.81241658818243,27.440000000000005,33.32000000000001
2026-07-16 14:20:01.536,25851.300321979732,23.812833823842276,27.439999999999998,33.32460784313726
2026-07-16 14:20:01.636,25926.95619117079,23.81322915507702,27.44,33.33
2026-07-16 14:20:01.736,25782.631854582352,23.813181391561738,27.44435643564357,33.33
2026-07-16 14:20:01.836,25866.774925800077,23.81343971559823,27.450000000000003,33.33421568627452
2026-07-16 14:20:01.936,25955.868207009822,23.813784605818192,27.45,33.34
2026-07-16 14:20:02.036,25953.915980130103,23.813954202562474,27.450000000000003,33.34392156862746
2026-07-16 14:20:02.136,25912.774785101054,23.81393630903533,27.45,33.349999999999994
2026-07-16 14:20:02.236,25983.961127999435,23.81424445196851,27.45,33.3536274509804
2026-07-16 14:20:02.336,25899.956901631107,23.81453474423744,27.449999999999996,33.36
2026-07-16 14:20:02.436,25830.71349595658,23.814172657885106,27.449999999999996,33.36333333333333
2026-07-16 14:20:02.536,25822.487447315456,23.813920304886004,27.449999999999996,33.37
2026-07-16 14:20:02.636,25855.280500763583,23.813995739566323,27.446960784313728,33.373039215686276
2026-07-16 14:20:02.736,25895.908605935376,23.814290468620975,27.439999999999998,33.379999999999995
2026-07-16 14:20:02.836,25935.16526588687,23.814590476282127,27.44,33.38274509803922
2026-07-16 14:20:02.936,25936.021878310214,23.81525115917868,27.44,33.39
2026-07-16 14:20:03.036,25844.585143760713,23.8148725486954,27.44,33.39242718446602
2026-07-16 14:20:03.136,25875.903944500722,23.814872916914787,27.44,33.4
2026-07-16 14:20:03.236,25893.25541921571,23.81495502058804,27.439999999999998,33.4
2026-07-16 14:20:03.336,25839.85628416174,23.81482039204466,27.440000000000005,33.40186274509804
2026-07-16 14:20:03.436,25860.103816375547,23.814798999884246,27.439999999999998,33.41
2026-07-16 14:20:03.536,26048.50869064967,23.815825208200593,27.44,33.411568627450976
2026-07-16 14:20:03.636,26005.982295715676,23.81652136344814,27.44,33.42
2026-07-16 14:20:03.736,25906.220439289827,23.81655408927157,27.44,33.42
2026-07-16 14:20:03.836,25847.104110961853,23.816338667224386,27.439999999999998,33.42108910891089
2026-07-16 14:20:03.936,25826.338748249305,23.816136842809193,27.439999999999998,33.42999999999999
2026-07-16 14:20:04.036,25810.532795215255,23.81600126177327,27.440792079207924,33.43079207920792
2026-07-16 14:20:04.136,25977.907395965998,23.81621954486669,27.45,33.44
2026-07-16 14:20:04.236,25874.34452920805,23.816057689882488,27.45,33.440495049504946
2026-07-16 14:20:04.336,25846.090016219925,23.81559191350233,27.45,33.45
2026-07-16 14:20:04.436,25868.564337567495,23.815264284616376,27.45,33.45019801980199
2026-07-16 14:20:04.536,25806.36747035059,23.814688266180518,27.45,33.46
2026-07-16 14:20:04.636,25629.588937044362,23.81345059316952,27.45,33.46
2026-07-16 14:20:04.736,25709.463736244266,23.81249830939824,27.45,33.469313725490196
2026-07-16 14:20:04.836,25718.482530276422,23.8106199930195,27.45,33.47
2026-07-16 14:20:04.936,25683.89877800209,23.808168717429275,27.45,33.47891089108911
2026-07-16 14:20:05.036,25665.527374565994,23.805414566468716,27.450000000000003,33.48
2026-07-16 14:20:05.136,25620.50186339744,23.80188010345372,27.449999999999996,33.48
2026-07-16 14:20:05.236,25554.976921756643,23.797493450805383,27.449999999999996,33.47156862745098
2026-07-16 14:20:05.336,25628.312244749697,23.79335137269573,27.450000000000003,33.47
2026-07-16 14:20:05.436,25556.43655243285,23.786393135468103,27.449999999999996,33.47
2026-07-16 14:20:05.536,25666.06659883401,23.78411442444201,27.449999999999996,33.4619801980198
2026-07-16 14:20:05.636,25729.645079059017,23.78076646108429,27.449999999999996,33.46
2026-07-16 14:20:05.736,25721.04899765484,23.77655557988774,27.449999999999996,33.45227722772277
2026-07-16 14:20:05.836,25703.609708316384,23.772377353816175,27.450000000000003,33.44245098039215
2026-07-16 14:20:05.936,25751.427006623806,23.767657522439293,27.449999999999996,33.44
2026-07-16 14:20:06.036,25749.771610941163,23.762265576545758,27.45,33.43267326732673
2026-07-16 14:20:06.136,25718.063605272182,23.756275967890126,27.449999999999996,33.4228431372549
2026-07-16 14:20:06.236,25849.784358249388,23.753548980499534,27.449999999999996,33.42
2026-07-16 14:20:06.336,25894.749945223724,23.751214935236305,27.450000000000003,33.413137254901955
2026-07-16 14:20:06.436,25866.776141264447,23.74839252463488,27.45,33.403267326732674
2026-07-16 14:20:06.536,25980.21716286677,23.746843987346683,27.443431372549018,33.4
2026-07-16 14:20:06.636,25782.108536649976,23.74559507440972,27.439999999999998,33.39356435643565
2026-07-16 14:20:06.736,25780.741757926815,23.741683852993383,27.439999999999998,33.38372549019607
2026-07-16 14:20:06.836,25839.255061094205,23.73942062718098,27.439999999999998,33.3738613861386
2026-07-16 14:20:06.936,25981.195479735536,23.74025888318195,27.44,33.36999999999999
2026-07-16 14:20:07.036,26071.776480435656,23.74148430186493,27.440000000000005,33.36411764705882
2026-07-16 14:20:07.136,25992.628602712397,23.739830555183595,27.445686274509804,33.354313725490194
2026-07-16 14:20:07.236,26024.662752273405,23.738416836588996,27.449999999999996,33.35
2026-07-16 14:20:07.336,25950.583486957843,23.73818934808598,27.450000000000003,33.344607843137254
2026-07-16 14:20:07.436,25976.353392125533,23.737331179350768,27.45,33.33475247524753
2026-07-16 14:20:07.536,25975.747282856726,23.736380632337962,27.449999999999996,33.324851485148514
2026-07-16 14:20:07.636,25964.13955080179,23.735542332324343,27.449999999999996,33.31999999999999
2026-07-16 14:20:07.736,26045.757229712166,23.735442826601783,27.45,33.31514851485149
2026-07-16 14:20:07.836,26321.139944146275,23.73779015348477,27.450000000000003,33.30529411764706
2026-07-16 14:20:07.936,26203.62522943628,23.738466706816915,27.449999999999996,33.295445544554454
2026-07-16 14:20:08.036,26041.327651297353,23.73843817932366,27.449999999999996,33.28999999999999
2026-07-16 14:20:08.136,26163.650258156966,23.739175533891267,27.45,33.285742574257426
2026-07-16 14:20:08.236,26298.326543625815,23.739755150016585,27.450000000000003,33.27588235294118
2026-07-16 14:20:08.336,26244.343470440872,23.73933234661841,27.45,33.266039603960394
2026-07-16 14:20:08.436,26211.198674212872,23.738521091536914,27.449999999999996,33.25617647058824
2026-07-16 14:20:08.536,26345.089004293815,23.73902384330318,27.446336633663364,33.25
2026-07-16 14:20:08.636,26463.409520816655,23.741137813592758,27.439999999999998,33.246435643564354
2026-07-16 14:20:08.736,26477.050530995628,23.743040657433582,27.439999999999998,33.23656862745097
2026-07-16 14:20:08.836,26358.786815607826,23.74433104191864,27.44326732673268,33.23
2026-07-16 14:20:08.936,26203.798555522662,23.744530524092983,27.45,33.22686274509803
2026-07-16 14:20:09.036,26178.20145678262,23.743253497261655,27.45,33.21708737864078
2026-07-16 14:20:09.136,26244.80473271267,23.74272913906108,27.449999999999996,33.21
2026-07-16 14:20:09.236,26220.23559432943,23.74351785356359,27.45,33.207524752475244
2026-07-16 14:20:09.336,26281.159991733588,23.74485219128675,27.449999999999996,33.19762376237623
2026-07-16 14:20:09.436,26286.358867153736,23.745553421640125,27.450000000000003,33.190000000000005
2026-07-16 14:20:09.536,26202.331080012547,23.745564263602407,27.45,33.187920792079204
2026-07-16 14:20:09.636,26093.44252353827,23.74566479460406,27.449999999999996,33.18
2026-07-16 14:20:09.736,25954.172455592616,23.74626877629256,27.45,33.178137254901955
2026-07-16 14:20:09.836,26025.54511562407,23.747945209539242,27.45,33.168316831683164
2026-07-16 14:20:09.936,25939.910797874658,23.74820376904156,27.450000000000003,33.15843137254902
2026-07-16 14:20:10.036,25960.296931041426,23.748386134798405,27.45,33.148627450980385
2026-07-16 14:20:10.136,25994.887597296256,23.748810577551776,27.449999999999996,33.14
2026-07-16 14:20:10.236,25865.60423751251,23.74908892442294,27.45,33.138921568627445
2026-07-16 14:20:10.336,25700.849550753614,23.74889410930499,27.450000000000003,33.12911764705883
2026-07-16 14:20:10.436,25696.780073120968,23.74977807857646,27.45,33.119306930693064
2026-07-16 14:20:10.536,25626.53676428971,23.749743258691666,27.449999999999996,33.11
2026-07-16 14:20:10.636,25629.519925473498,23.750492416483823,27.449999999999996,33.109603960396036
2026-07-16 14:20:10.736,25599.384382811513,23.751840634628493,27.450000000000003,33.09970588235294
2026-07-16 14:20:10.836,25453.06600370173,23.75304180078682,27.449999999999996,33.089900990099004
2026-07-16 14:20:10.936,25303.86115198181,23.753744988445497,27.45,33.08
2026-07-16 14:20:11.036,25283.192054872525,23.75383412615919,27.449999999999996,33.08
2026-07-16 14:20:11.136,25193.21374418112,23.753913267220945,27.45,33.07029411764706
2026-07-16 14:20:11.236,25089.597604696108,23.75398439876794,27.45,33.06039603960396
2026-07-16 14:20:11.336,25042.92305698956,23.754283385023946,27.450000000000003,33.06
2026-07-16 14:20:11.436,25000.82390659128,23.75482574192756,27.45,33.05069306930693
2026-07-16 14:20:11.536,24822.884362289416,23.75524750917235,27.449999999999996,33.04088235294117
2026-07-16 14:20:11.636,24754.68544234335,23.754750825308903,27.450000000000003,33.0309900990099
2026-07-16 14:20:11.736,24586.694509700457,23.755166350681865,27.450000000000003,33.021176470588244
2026-07-16 14:20:11.836,24429.56846111555,23.754622140254114,27.45,33.011287128712866
2026-07-16 14:20:11.936,24362.994159473303,23.75392094076662,27.449999999999996,33.01
2026-07-16 14:20:12.036,24352.610139888115,23.75364395524135,27.45,33.00158415841584
2026-07-16 14:20:12.136,24302.11200900542,23.753725392891525,27.45,32.99176470588235
2026-07-16 14:20:12.236,24240.56675240068,23.753798947534136,27.449999999999996,32.99
2026-07-16 14:20:12.336,24133.958555858517,23.75386514505916,27.449999999999996,32.98205882352941
2026-07-16 14:20:12.436,24024.22662794825,23.75392592487656,27.449999999999996,32.97217821782178
2026-07-16 14:20:12.536,23939.069427403738,23.75421598775501,27.449999999999996,32.97
2026-07-16 14:20:12.636,23909.619184590134,23.754675786560934,27.45,32.962450980392155
2026-07-16 14:20:12.736,23897.120924885206,23.7550422510879,27.449999999999996,32.95257425742574
2026-07-16 14:20:12.836,23688.07063267425,23.75504826795299,27.450000000000003,32.95
2026-07-16 14:20:12.936,23720.804680013855,23.754656482651427,27.449999999999996,32.94287128712871
2026-07-16 14:20:13.036,23586.666740214012,23.753960703489536,27.449999999999996,32.933039215686264
2026-07-16 14:20:13.136,23508.229415163565,23.75370196967087,27.45,32.92316831683168
2026-07-16 14:20:13.236,23479.51901718899,23.754107656287125,27.45,32.92
2026-07-16 14:20:13.336,23432.58227700289,23.75498364697303,27.45,32.91346534653465
2026-07-16 14:20:13.436,23378.77304568115,23.755816658764736,27.45,32.90362745098039
2026-07-16 14:20:13.536,23227.624306165468,23.755327591643297,27.45,32.9
2026-07-16 14:20:13.636,23147.127547144162,23.755636825666425,27.450000000000003,32.893921568627455
2026-07-16 14:20:13.736,23038.291240694765,23.75518180257575,27.444059405940592,32.88405940594059
2026-07-16 14:20:13.836,22988.138398774834,23.754915510914866,27.439999999999998,32.8742156862745
2026-07-16 14:20:13.936,23009.204332302383,23.7552827679796,27.445643564356438,32.87
2026-07-16 14:20:14.036,22977.28974217445,23.755351203296918,27.449999999999996,32.86445544554455
2026-07-16 14:20:14.136,23004.275684356184,23.75625357762158,27.450000000000003,32.85460784313726
2026-07-16 14:20:14.236,22850.37823212711,23.756299912882252,27.45,32.844752475247525
2026-07-16 14:20:14.336,22701.52410635411,23.75624517080275,27.449999999999996,32.84
2026-07-16 14:20:14.436,22609.228976310886,23.75619506708511,27.45,32.83504950495049
2026-07-16 14:20:14.536,22586.37844253133,23.75614907545331,27.45,32.82514851485148
2026-07-16 14:20:14.636,22602.97193403835,23.756106739879186,27.44529411764706,32.82
2026-07-16 14:20:14.736,22503.241681687796,23.75606789130413,27.44,32.81544554455445
2026-07-16 14:20:14.836,22496.043428617435,23.755679798948698,27.439999999999998,32.80554455445544
2026-07-16 14:20:14.936,22411.275131772058,23.75556208539794,27.440000000000005,32.8
2026-07-16 14:20:15.036,22326.766521441008,23.75514719575175,27.440000000000005,32.79584158415841
2026-07-16 14:20:15.136,22247.43974647715,23.75454260089121,27.439999999999998,32.78598039215686
2026-07-16 14:20:15.236,22153.114324965365,23.754111627122604,27.44,32.776138613861384
2026-07-16 14:20:15.336,22145.23878382903,23.753376902172505,27.440000000000005,32.76627450980392
2026-07-16 14:20:15.436,22143.299479998775,23.75343877121672,27.439999999999998,32.76
2026-07-16 14:20:15.536,22116.894453230252,23.753512164757215,27.439999999999998,32.75653465346534
2026-07-16 14:20:15.636,22008.3614410613,23.75289833101767,27.439999999999998,32.75
2026-07-16 14:20:15.736,21902.7251415409,23.75179821401515,27.443168316831688,32.74683168316831
2026-07-16 14:20:15.836,21882.907101192613,23.750756811831923,27.450000000000003,32.73696078431372
2026-07-16 14:20:15.936,21887.292923717996,23.75006511528127,27.449999999999996,32.73
2026-07-16 14:20:16.036,21856.38739962715,23.749847560445946,27.45,32.727333333333334
2026-07-16 14:20:16.136,21833.578575562817,23.749273870052193,27.449999999999996,32.71772277227722
2026-07-16 14:20:16.236,21792.487217289083,23.748644355524803,27.450000000000003,32.707843137254905
2026-07-16 14:20:16.336,21771.82630528208,23.74824463913528,27.449999999999996,32.7
2026-07-16 14:20:16.436,21742.49073365198,23.74788335862393,27.449999999999996,32.69811881188119
2026-07-16 14:20:16.536,21592.315599407644,23.74692489305885,27.45,32.68823529411764
2026-07-16 14:20:16.636,21639.901452461436,23.74686240718537,27.450000000000003,32.67843137254902
2026-07-16 14:20:16.736,21643.6579975776,23.74600204967158,27.449999999999996,32.668613861386135
2026-07-16 14:20:16.836,21688.101011288803,23.746028665588916,27.45,32.66
2026-07-16 14:20:16.936,21670.471616845418,23.746259411780045,27.449999999999996,32.658823529411755
2026-07-16 14:20:17.036,21582.06726204928,23.74623133288782,27.450000000000003,32.64901960784314
2026-07-16 14:20:17.136,21533.237908089835,23.746205813927,27.45,32.64
2026-07-16 14:20:17.236,21531.193501297676,23.746182717048185,27.45,32.6393137254902
2026-07-16 14:20:17.336,21560.93690285311,23.746920134801535,27.45,32.62950495049505
2026-07-16 14:20:17.436,21497.626810345908,23.7474057613287,27.45,32.61960784313725
2026-07-16 14:20:17.536,21434.949311534037,23.747064973410083,27.45,32.61
2026-07-16 14:20:17.636,21386.458142706317,23.74627797501314,27.449999999999996,32.609900990099014
2026-07-16 14:20:17.736,21342.484113938834,23.746011219737877,27.449999999999996,32.599999999999994
2026-07-16 14:20:17.836,21491.31924339884,23.746922708557026,27.45,32.59019607843137
2026-07-16 14:20:17.936,21284.52011428527,23.746436617592714,27.45,32.59
2026-07-16 14:20:18.036,21262.79089304219,23.746291458547418,27.45,32.580396039603954
2026-07-16 14:20:18.136,21252.54643346184,23.746001321082762,27.45,32.57058823529411
2026-07-16 14:20:18.236,21215.117125861583,23.74553679975503,27.45,32.57
2026-07-16 14:20:18.336,21185.903349546585,23.745275517492512,27.449999999999996,32.56088235294117
2026-07-16 14:20:18.436,21154.293066961673,23.745761035454567,27.450000000000003,32.5509900990099
2026-07-16 14:20:18.536,21187.514635816653,23.74667220509903,27.449999999999996,32.55
2026-07-16 14:20:18.636,21225.56284601186,23.746790308490894,27.45,32.532574257425736
2026-07-16 14:20:18.736,21199.746165294808,23.746736728694888,27.45,32.52138613861386
2026-07-16 14:20:18.836,21103.657169042683,23.746502483787353,27.450000000000003,32.52000000000001
2026-07-16 14:20:18.936,21018.178491003397,23.74603767697564,27.449999999999996,32.51168316831683
2026-07-16 14:20:19.036,21084.971529148763,23.745591527165832,27.45,32.501782178217816
2026-07-16 14:20:19.136,21040.21464291216,23.745167611470315,27.449999999999996,32.49999999999999
2026-07-16 14:20:19.236,21042.448956682332,23.744764044905164,27.450000000000003,32.49207920792079
2026-07-16 14:20:19.336,21054.341429348206,23.7446657836567,27.45,32.48225490196078
2026-07-16 14:20:19.436,20997.180334376295,23.74431304793749,27.45,32.472376237623756
2026-07-16 14:20:19.536,20894.05710925062,23.74365654196949,27.45,32.47
2026-07-16 14:20:19.636,20873.114362949207,23.74332109910499,27.45,32.462745098039214
2026-07-16 14:20:19.736,20936.912906698337,23.74300552617406,27.449999999999996,32.452871287128715
2026-07-16 14:20:19.836,20953.212027621485,23.74308769701597,27.449999999999996,32.442970297029696
2026-07-16 14:20:19.936,20947.14173315021,23.74291436221911,27.449999999999996,32.44
2026-07-16 14:20:20.036,20932.766308269252,23.742633372779352,27.449999999999996,32.43326732673267
2026-07-16 14:20:20.136,20930.397144357557,23.742498032238473,27.450000000000003,32.423431372549025
2026-07-16 14:20:20.236,20944.46182522741,23.74257967043012,27.449999999999996,32.42
2026-07-16 14:20:20.336,20898.903703791468,23.742325351880844,27.449999999999996,32.41372549019607
2026-07-16 14:20:20.436,20881.51857515979,23.742444214846444,27.449999999999996,32.40386138613861
2026-07-16 14:20:20.536,20937.828119729864,23.742859139257785,27.449999999999996,32.39999999999999
2026-07-16 14:20:20.636,20903.798931706428,23.742697618684588,27.45,32.39411764705882
2026-07-16 14:20:20.736,20833.212622273313,23.742191494769205,27.449999999999996,32.38425742574257
2026-07-16 14:20:20.836,20828.29253458602,23.741869804545416,27.45,32.37441176470588
2026-07-16 14:20:20.936,20760.309140249574,23.74123220602597,27.449999999999996,32.37
2026-07-16 14:20:21.036,20779.855015483772,23.740603016282204,27.449999999999996,32.36465346534653
2026-07-16 14:20:21.136,20796.21372633399,23.740334104998972,27.45,32.354803921568625
2026-07-16 14:20:21.236,20761.43631416626,23.739902190722617,27.449999999999996,32.35
2026-07-16 14:20:21.336,20756.591275134382,23.739678457204086,27.450000000000003,32.345098039215685
2026-07-16 14:20:21.436,20807.132601967813,23.739948985775364,27.45,32.335247524752475
2026-07-16 14:20:21.536,20762.823552806167,23.740204319634607,27.449999999999996,32.33
2026-07-16 14:20:21.636,20715.767983625763,23.740442784138374,27.445544554455445,32.32554455445544
2026-07-16 14:20:21.736,20722.27756080392,23.739648022080054,27.44,32.32
2026-07-16 14:20:21.836,20753.873059252197,23.739507405666178,27.440000000000005,32.31578431372549
2026-07-16 14:20:21.936,20784.172803803467,23.739791457281164,27.439999999999998,32.30594059405941
2026-07-16 14:20:22.036,20803.233914156324,23.740175571656074,27.439999999999998,32.29607843137254
2026-07-16 14:20:22.136,20816.46325530099,23.74084946643802,27.44,32.29
2026-07-16 14:20:22.236,20782.088501361068,23.74151109428544,27.440000000000005,32.28637254901961
2026-07-16 14:20:22.336,20770.860485894456,23.74175557192958,27.439999999999998,32.27653465346535
2026-07-16 14:20:22.436,20712.737407203553,23.741938917435085,27.439999999999998,32.27
2026-07-16 14:20:22.536,20675.993363324007,23.74210976406425,27.439999999999998,32.26676470588235
2026-07-16 14:20:22.636,20667.11197369239,23.742140755463094,27.44,32.25693069306931
2026-07-16 14:20:22.736,20654.110974175746,23.741995915530964,27.440000000000005,32.25
2026-07-16 14:20:22.836,20792.57538313979,23.7425589360897,27.439999999999998,32.24722772277227
2026-07-16 14:20:22.936,20621.554589070736,23.74194545919494,27.44,32.23732673267327
2026-07-16 14:20:23.036,20613.90169395501,23.741904030716412,27.44,32.22745098039215
2026-07-16 14:20:23.136,20598.900213219455,23.741847221233687,27.44,32.22
2026-07-16 14:20:23.236,20563.587474643966,23.74175520774762,27.44,32.21782178217821
2026-07-16 14:20:23.336,20589.141949471035,23.741926180954135,27.442058823529422,32.207941176470584
2026-07-16 14:20:23.436,20613.11055893157,23.742086217128342,27.449999999999996,32.2
2026-07-16 14:20:23.536,20552.098964627607,23.741471613755863,27.449999999999996,32.19821782178217
2026-07-16 14:20:23.636,20574.564609368637,23.74148782532234,27.449999999999996,32.18833333333333
2026-07-16 14:20:23.736,20613.946257512885,23.741665535075555,27.45,32.1785294117647
2026-07-16 14:20:23.836,20605.516009180035,23.7418327216864,27.45,32.16871287128713
2026-07-16 14:20:23.936,20555.62170955323,23.741826127475154,27.449999999999996,32.158811881188115
2026-07-16 14:20:24.036,20584.516933807725,23.74124459133542,27.45,32.15
2026-07-16 14:20:24.136,20575.545126709527,23.741428845756598,27.449999999999996,32.14910891089109
2026-07-16 14:20:24.236,20590.383782820587,23.7416023680474,27.450000000000003,32.14
2026-07-16 14:20:24.336,20577.143348491372,23.741766173432826,27.449999999999996,32.13940594059406
2026-07-16 14:20:24.436,20570.01990950732,23.74208698615019,27.449999999999996,32.12950980392157
2026-07-16 14:20:24.536,20593.360924180794,23.74250054713852,27.449999999999996,32.11999999999999
2026-07-16 14:20:24.636,20611.446431270942,23.742603190414947,27.450000000000003,32.119803921568625
2026-07-16 14:20:24.736,20510.786460757467,23.742362961943435,27.45,32.11
2026-07-16 14:20:24.836,20501.32691557136,23.742134300239364,27.449999999999996,32.10009900990099
2026-07-16 14:20:24.936,20537.63756655169,23.742407787208226,27.45,32.1
2026-07-16 14:20:25.036,20562.31839950116,23.742536494561598,27.449999999999996,32.09039215686274
2026-07-16 14:20:25.136,20538.94913669103,23.742296097656975,27.45,32.080495049504954
2026-07-16 14:20:25.236,20476.036176031368,23.742066621118553,27.45,32.08
2026-07-16 14:20:25.336,20476.036176031368,23.741848640713958,27.45,32.07079207920792
2026-07-16 14:20:25.436,20467.22584351829,23.741642121498117,27.449999999999996,32.05178217821782
2026-07-16 14:20:25.536,20483.229991454293,23.741961956350792,27.45,32.05
2026-07-16 14:20:25.636,20461.30818300214,23.7418698541426,27.449999999999996,32.041188118811874
2026-07-16 14:20:25.736,20450.711543727928,23.74154063570471,27.45,32.03137254901961
2026-07-16 14:20:25.836,20507.809491201875,23.74153060111891,27.45,32.03
2026-07-16 14:20:25.936,20425.115507157854,23.74057039408308,27.45,32.02158415841584
2026-07-16 14:20:26.036,20410.349251679032,23.740368152593064,27.450000000000003,32.01176470588236
2026-07-16 14:20:26.136,20431.66009889562,23.739882929507026,27.449999999999996,32.00999999999999
2026-07-16 14:20:26.236,20458.09130094044,23.739564316787728,27.450000000000003,32.00207920792079
2026-07-16 14:20:26.336,20470.963062844283,23.739429143694714,27.45,31.99225490196078
2026-07-16 14:20:26.436,20467.72939238992,23.739302890221637,27.45,31.99
2026-07-16 14:20:26.536,20462.537664705404,23.739184824956666,27.45,31.982549019607838
2026-07-16 14:20:26.636,20399.583190512225,23.73907573698493,27.45,31.972673267326726
2026-07-16 14:20:26.736,20491.62356313166,23.73926629514628,27.45,31.9628431372549
2026-07-16 14:20:26.836,20488.014595196044,23.739513293924254,27.449999999999996,31.959999999999997
2026-07-16 14:20:26.936,20484.46579923698,23.7397498726989,27.449999999999996,31.95306930693069
2026-07-16 14:20:27.036,20531.504014178394,23.739889507936304,27.449999999999996,31.943235294117642
2026-07-16 14:20:27.136,20450.03516074901,23.73977847503895,27.450000000000003,31.933431372549023
2026-07-16 14:20:27.236,20505.922676722865,23.739996470067446,27.45,31.93
2026-07-16 14:20:27.336,20483.952409467223,23.7402047741806,27.45,31.92376237623762
2026-07-16 14:20:27.436,20467.987481600743,23.740404316914766,27.449999999999996,31.919999999999998
2026-07-16 14:20:27.536,20461.005365831676,23.740595368949705,27.444059405940585,31.914059405940584
2026-07-16 14:20:27.636,20440.530783273076,23.740581693585803,27.440000000000005,31.90421568627451
2026-07-16 14:20:27.736,20397.10174389087,23.74019487899583,27.445643564356438,31.9
2026-07-16 14:20:27.836,20445.371342204384,23.7407475031985,27.45,31.89450980392156
2026-07-16 14:20:27.936,20368.0447739306,23.740305675990736,27.449999999999996,31.88465346534653
2026-07-16 14:20:28.036,20403.76873553104,23.740584864415972,27.450000000000003,31.880000000000003
2026-07-16 14:20:28.136,20411.44931137547,23.740557545735243,27.45,31.874950495049504
2026-07-16 14:20:28.236,20386.317793863065,23.7403876086032,27.449999999999996,31.865098039215685
2026-07-16 14:20:28.336,20417.49822841305,23.740905177748076,27.45,31.86
2026-07-16 14:20:28.436,20370.889213529743,23.74070583052276,27.450000000000003,31.85539215686275
2026-07-16 14:20:28.536,20411.955221529483,23.741294077398884,27.45,31.845544554455444
2026-07-16 14:20:28.636,20376.353679677355,23.741270534267585,27.449999999999996,31.8356862745098
2026-07-16 14:20:28.736,20389.83983171986,23.741056670800706,27.45,31.83
2026-07-16 14:20:28.836,20413.636891992297,23.74116082560901,27.449999999999996,31.8218811881188
2026-07-16 14:20:28.936,20371.840723353438,23.741448701081822,27.450000000000003,31.810000000000002
2026-07-16 14:20:29.036,20358.52717580529,23.740386322733986,27.45,31.806237623762375
2026-07-16 14:20:29.136,20230.612636701408,23.738841207174698,27.45,31.79637254901961
2026-07-16 14:20:29.236,20322.604079433502,23.738033567065234,27.449999999999996,31.786534653465345
2026-07-16 14:20:29.336,20314.874846866805,23.737423548602862,27.449999999999996,31.779999999999998
2026-07-16 14:20:29.436,20286.76495687601,23.73684421955742,27.449999999999996,31.776831683168314
2026-07-16 14:20:29.536,20330.98659790682,23.736418156142655,27.449999999999996,31.766930693069305
2026-07-16 14:20:29.636,20293.830866311775,23.736418755226268,27.45,31.757058823529412
2026-07-16 14:20:29.736,20355.750986810235,23.736419285044306,27.449999999999996,31.75
2026-07-16 14:20:29.836,20389.732888403334,23.736796981473987,27.449999999999996,31.747352941176466
2026-07-16 14:20:29.936,20312.892302135268,23.7366254084874,27.45,31.73752475247524
2026-07-16 14:20:30.036,20333.374827693755,23.736578661721563,27.449999999999996,31.73
2026-07-16 14:20:30.136,20478.45139716495,23.737016930652395,27.450000000000003,31.727745098039215
2026-07-16 14:20:30.236,20497.47481832004,23.737434156279996,27.449999999999996,31.717941176470582
2026-07-16 14:20:30.336,20424.61385262801,23.73782802883279,27.45,31.71
2026-07-16 14:20:30.436,20391.654322197264,23.73780752305593,27.45,31.70823529411765
2026-07-16 14:20:30.536,20423.868565045173,23.738340138025734,27.45,31.699999999999996
2026-07-16 14:20:30.636,20403.942659713222,23.738663617025885,27.449999999999996,31.688613861386134
2026-07-16 14:20:30.736,20330.54875250698,23.738417406010228,27.45,31.68
2026-07-16 14:20:30.836,20300.85250979215,23.73794454670832,27.45,31.67882352941176
2026-07-16 14:20:30.936,20294.427921291775,23.737874620679154,27.450000000000003,31.6690099009901
2026-07-16 14:20:31.036,20405.573971920996,23.73858591062893,27.449999999999996,31.659999999999997
2026-07-16 14:20:31.136,20342.344732633286,23.73869414151072,27.45,31.659215686274507
2026-07-16 14:20:31.236,20306.322816665634,23.738821177745848,27.450000000000003,31.64941176470588
2026-07-16 14:20:31.336,20305.63087971117,23.73882031877835,27.45,31.64
2026-07-16 14:20:31.436,20276.761398500406,23.738512096803877,27.45,31.63980198019802
2026-07-16 14:20:31.536,20382.95458255444,23.739260953840837,27.449999999999996,31.629901960784306
2026-07-16 14:20:31.636,20213.275231137522,23.738271069195868,27.45,31.62009803921568
2026-07-16 14:20:31.736,20247.756452510715,23.73761611695602,27.45,31.610198019801974
2026-07-16 14:20:31.836,20284.079252223222,23.736791046036032,27.450000000000003,31.61
2026-07-16 14:20:31.936,20304.216688910426,23.7364127240322,27.45,31.60049504950495
2026-07-16 14:20:32.036,20306.59998642362,23.73657798821537,27.45,31.590594059405937
2026-07-16 14:20:32.136,20169.29876036129,23.735645560422117,27.45,31.589999999999996
2026-07-16 14:20:32.236,20371.5946224438,23.73724069569923,27.44089108910891,31.580891089108906
2026-07-16 14:20:32.336,20332.582582036655,23.73791140155184,27.440000000000005,31.56215686274509
2026-07-16 14:20:32.436,20306.528630628196,23.737652491182253,27.439999999999998,31.559999999999995
2026-07-16 14:20:32.536,20286.60167236279,23.73751613824126,27.44,31.551287128712872
2026-07-16 14:20:32.636,20284.039742291367,23.737997813529702,27.439999999999998,31.541470588235292
2026-07-16 14:20:32.736,20397.651648346273,23.738364549205244,27.44,31.54
2026-07-16 14:20:32.836,20311.100553568096,23.737708525287545,27.44,31.531683168316825
2026-07-16 14:20:32.936,20347.999523139937,23.737572544346747,27.440000000000005,31.52186274509804
2026-07-16 14:20:33.036,20320.868630674355,23.737851882642765,27.439999999999998,31.5119801980198
2026-07-16 14:20:33.136,20333.463093563514,23.738268322636284,27.447920792079206,31.509999999999998
2026-07-16 14:20:33.236,20342.87287156022,23.738658472818706,27.45,31.502254901960782
2026-07-16 14:20:33.336,20207.21656232619,23.739023698443987,27.44237623762376,31.492376237623755
2026-07-16 14:20:33.436,20276.833923235237,23.739363471830963,27.440000000000005,31.490000000000002
2026-07-16 14:20:33.536,20310.683612511275,23.739251621023726,27.447326732673268,31.48267326732673
2026-07-16 14:20:33.636,20288.402445322463,23.739440977694088,27.449999999999996,31.479999999999997
2026-07-16 14:20:33.736,20270.057573615577,23.739737715960885,27.449999999999996,31.472970297029697
2026-07-16 14:20:33.836,20282.856758385664,23.739865513501197,27.449999999999996,31.463069306930684
2026-07-16 14:20:33.936,20310.533823327398,23.739774874647768,27.450000000000003,31.46
2026-07-16 14:20:34.036,20302.259715887212,23.740040290821675,27.449999999999996,31.453366336633657
2026-07-16 14:20:34.136,20246.627097107827,23.739893669622113,27.449999999999996,31.449999999999996
2026-07-16 14:20:34.236,20210.542936905884,23.739424406878978,27.45,31.443627450980387
2026-07-16 14:20:34.336,20243.7785805611,23.7396074890405,27.45,31.433762376237617
2026-07-16 14:20:34.436,20254.966407193308,23.739785137625866,27.449999999999996,31.429999999999996
2026-07-16 14:20:34.536,20199.110784227465,23.739281395008256,27.449999999999996,31.424059405940586
2026-07-16 14:20:34.636,20263.71922223585,23.739140699816854,27.449999999999996,31.414158415841584
2026-07-16 14:20:34.736,20198.289562027283,23.738586937869556,27.45,31.40431372549019
2026-07-16 14:20:34.836,20230.4515981408,23.738761812136143,27.44445544554455,31.39445544554455
2026-07-16 14:20:34.936,20233.488670136725,23.738534962239648,27.44,31.39
2026-07-16 14:20:35.036,20217.740914014503,23.738194641390443,27.439999999999998,31.384752475247517
2026-07-16 14:20:35.136,20223.464766752368,23.7381140790838,27.439999999999998,31.37485148514851
2026-07-16 14:20:35.236,20259.790609017953,23.73808834953479,27.440000000000005,31.370000000000005
2026-07-16 14:20:35.336,20346.915123253166,23.738810126554714,27.44,31.365148514851484
2026-07-16 14:20:35.436,20218.653829048668,23.738808466164734,27.44,31.35529411764706
2026-07-16 14:20:35.536,20250.0894450338,23.738973899133214,27.44,31.34544554455445
2026-07-16 14:20:35.636,20327.12351534052,23.73965090416153,27.440000000000005,31.340000000000003
2026-07-16 14:20:35.736,20332.61481994271,23.740353521737184,27.439999999999998,31.331485148514847
2026-07-16 14:20:35.836,20275.077173577094,23.740125163830207,27.440000000000005,31.32
2026-07-16 14:20:35.936,20173.907614834465,23.739522450873704,27.439999999999998,31.31598039215686
2026-07-16 14:20:36.036,20229.54406444595,23.738936345646664,27.44,31.306138613861386
2026-07-16 14:20:36.136,20243.313773350375,23.73869531108396,27.44042600896861,31.297443946188345
2026-07-16 14:20:36.236,20223.589216867524,23.73835904590119,27.441547085201798,31.290717488789237
2026-07-16 14:20:36.336,20210.52744321317,23.738274707535204,27.44266816143498,31.283991031390133
2026-07-16 14:20:36.436,20228.283137208626,23.738923376680923,27.443789237668163,31.277264573991033
2026-07-16 14:20:36.536,20233.393392908656,23.73880347577974,27.444910313901346,31.270538116591926
2026-07-16 14:20:36.636,20173.718507184232,23.738269051561822,27.446031390134536,31.26381165919283
2026-07-16 14:20:36.736,20156.37780565867,23.738411391584027,27.447152466367715,31.25708520179372
2026-07-16 14:20:36.836,20240.866572623236,23.739253896928194,27.4482735426009,31.250358744394617
2026-07-16 14:20:36.936,20322.059130198497,23.74010317887415,27.44939461883408,31.243632286995513
2026-07-16 14:20:37.036,20306.500786531255,23.740476769316235,27.45,31.236997991967865
2026-07-16 14:20:37.136,20337.790602827863,23.741202254381303,27.45,31.230471887550195
2026-07-16 14:20:37.236,20240.5595480075,23.74096141977269,27.45,31.223945783132525
2026-07-16 14:20:37.336,20227.466188706778,23.740353260158898,27.449999999999996,31.21741967871485
2026-07-16 14:20:37.436,20171.219851098547,23.739675852482364,27.449999999999996,31.210893574297184
2026-07-16 14:20:37.536,20180.82766955816,23.739643487662917,27.449999999999996,31.20436746987951
2026-07-16 14:20:37.636,20292.30389526379,23.74032764507407,27.449999999999996,31.19784136546184
2026-07-16 14:20:37.736,20286.96203910097,23.740612280708834,27.449999999999996,31.19131526104417
2026-07-16 14:20:37.836,20226.28660738436,23.740872546661876,27.449999999999996,31.184789156626493
2026-07-16 14:20:37.936,20163.102563461674,23.741113194321365,27.449999999999996,31.178263052208827
2026-07-16 14:20:38.036,20162.96214418901,23.741040043530507,27.449999999999996,31.17173694779116
2026-07-16 14:20:38.136,20176.39247723164,23.741025858412605,27.449999999999996,31.165210843373487
2026-07-16 14:20:38.236,20182.984525525822,23.741124685110655,27.449999999999996,31.158684738955817
2026-07-16 14:20:38.336,20222.558645181758,23.740909583328982,27.449999999999996,31.152158634538146
2026-07-16 14:20:38.436,20253.221341866272,23.7407097523129,27.449999999999996,31.145632530120476
2026-07-16 14:20:38.536,20229.720502326414,23.740146000984247,27.449999999999996,31.139106425702806
2026-07-16 14:20:38.636,20190.022168265026,23.74015250117808,27.449999999999996,31.132580321285136
2026-07-16 14:20:38.736,20187.106723933255,23.740398715238378,27.449999999999996,31.126054216867466
2026-07-16 14:20:38.836,20200.217414164403,23.740500247613262,27.449999999999996,31.119528112449792
2026-07-16 14:20:38.936,20176.865607236643,23.74037783792997,27.45,31.113002008032126
2026-07-16 14:20:39.036,20207.280754791514,23.740601994881537,27.449999999999996,31.104705882352935
2026-07-16 14:20:39.136,20237.31233176534,23.740812126646183,27.449999999999996,31.089702970297026
2026-07-16 14:20:39.236,20220.38912422619,23.741011032133436,27.445,31.08
2026-07-16 14:20:39.336,20176.07247554386,23.74056876305153,27.44,31.07514851485148
2026-07-16 14:20:39.436,20173.52232343838,23.74007285146809,27.44,31.065247524752476
2026-07-16 14:20:39.536,20247.2271328883,23.740316862363134,27.439999999999998,31.059999999999995
2026-07-16 14:20:39.636,20275.671695278543,23.740547284491967,27.44,31.055544554455444
2026-07-16 14:20:39.736,20238.679361026432,23.741153632078742,27.44,31.045643564356432
2026-07-16 14:20:39.836,20212.166580748482,23.74142903751018,27.440000000000005,31.04
2026-07-16 14:20:39.936,20221.987295975665,23.74161157655874,27.439999999999998,31.03598039215686
2026-07-16 14:20:40.036,20200.487049710006,23.741458366525258,27.44,31.03
2026-07-16 14:20:40.136,20138.759301092166,23.741027163660178,27.440000000000005,31.026274509803923
2026-07-16 14:20:40.236,20190.90814673988,23.741214907935678,27.439999999999998,31.016435643564357
2026-07-16 14:20:40.336,20170.684185552505,23.741014724516113,27.44343137254902,31.009999999999998
2026-07-16 14:20:40.436,20290.757473934056,23.741473171093244,27.45,31.006732673267322
2026-07-16 14:20:40.536,20277.297017380813,23.742047736444484,27.449999999999996,30.99683168316831
2026-07-16 14:20:40.636,20213.90946784251,23.742422727359262,27.450000000000003,30.990000000000002
2026-07-16 14:20:40.736,20188.016252617235,23.74256516454081,27.449999999999996,30.987128712871286
2026-07-16 14:20:40.836,20157.778620257388,23.742698202841336,27.45,30.977254901960784
2026-07-16 14:20:40.936,20192.082852465977,23.7428215467493,27.449999999999996,30.97
2026-07-16 14:20:41.036,20170.887424136294,23.742609534076163,27.449999999999996,30.96762376237623
2026-07-16 14:20:41.136,20163.408215964533,23.74184531637953,27.450000000000003,30.95774509803922
2026-07-16 14:20:41.236,20187.79177972269,23.74165922428159,27.45,30.947920792079206
2026-07-16 14:20:41.336,20205.065778608474,23.741854575665396,27.449999999999996,30.939999999999998
2026-07-16 14:20:41.436,20159.230714212663,23.741230434729285,27.45,30.93813725490196
2026-07-16 14:20:41.536,20121.439176856715,23.741008201847677,27.45,30.928316831683162
2026-07-16 14:20:41.636,20141.789209053313,23.741190110073916,27.450000000000003,30.918431372549023
2026-07-16 14:20:41.736,20194.359995995932,23.741696892463587,27.449999999999996,30.908613861386137
2026-07-16 14:20:41.836,20189.09720100623,23.74183425388611,27.449999999999996,30.89872549019607
2026-07-16 14:20:41.936,20159.81231133112,23.74173794910736,27.450000000000003,30.89
2026-07-16 14:20:42.036,20178.78740573729,23.74177710456285,27.45,30.889207920792074
2026-07-16 14:20:42.136,20159.158850035237,23.741127100641723,27.45,30.879313725490196
2026-07-16 14:20:42.236,20268.390234705766,23.74131138514949,27.45,30.87
2026-07-16 14:20:42.336,20168.921492750316,23.741187247386293,27.45,30.869607843137253
2026-07-16 14:20:42.436,20167.056992354825,23.740982461168507,27.45,30.85980198019802
2026-07-16 14:20:42.536,20238.48803083225,23.741103816473725,27.449999999999996,30.849900990099005
2026-07-16 14:20:42.636,20242.702791176962,23.741610368307448,27.449999999999996,30.839999999999996
2026-07-16 14:20:42.736,20179.979103682435,23.741804126613147,27.45,30.830196078431367
2026-07-16 14:20:42.836,20203.98245101743,23.74276198827509,27.449999999999996,30.829999999999995
2026-07-16 14:20:42.936,20165.846558587167,23.74231738028179,27.45,30.820396039603953
2026-07-16 14:20:43.036,20144.30180009846,23.74188363606992,27.45,30.82
2026-07-16 14:20:43.136,20172.585505651063,23.741627988397596,27.45,30.810693069306925
2026-07-16 14:20:43.236,20207.84588542179,23.741388283228005,27.450000000000003,30.80088235294118
2026-07-16 14:20:43.336,20150.1125131086,23.741163478474334,27.450000000000003,30.7909900990099
2026-07-16 14:20:43.436,20175.000235317813,23.740954537867648,27.449999999999996,30.79
2026-07-16 14:20:43.536,20204.040111113525,23.74110765979005,27.45,30.781287128712872
2026-07-16 14:20:43.636,20186.735583488597,23.741574985845098,27.449999999999996,30.77138613861386
2026-07-16 14:20:43.736,20184.79845447489,23.742158060457093,27.449999999999996,30.769999999999996
2026-07-16 14:20:43.836,20198.763904715306,23.74285711017113,27.45,30.76168316831683
2026-07-16 14:20:43.936,20169.08703519704,23.74369399875188,27.45,30.751782178217812
2026-07-16 14:20:44.036,20209.54643709627,23.7433452477839,27.449999999999996,30.75
2026-07-16 14:20:44.136,20182.739564360738,23.743018662001084,27.450000000000003,30.74207920792079
2026-07-16 14:20:44.236,20195.88672218289,23.743023817647533,27.45,30.732254901960786
2026-07-16 14:20:44.336,20240.808468425115,23.74360086380765,27.45,30.72237623762376
2026-07-16 14:20:44.436,20265.780824622707,23.74441342194238,27.45,30.72
2026-07-16 14:20:44.536,20225.517181859715,23.744862851203763,27.449999999999996,30.712673267326736
2026-07-16 14:20:44.636,20166.10100859073,23.744903638197332,27.449999999999996,30.702772277227723
2026-07-16 14:20:44.736,20139.995195544725,23.744940335441804,27.45,30.699999999999996
2026-07-16 14:20:44.836,20132.650249465507,23.74497407613392,27.449999999999996,30.693069306930685
2026-07-16 14:20:44.936,20111.422613953328,23.745005177341167,27.450000000000003,30.683168316831676
2026-07-16 14:20:45.036,20128.705730861955,23.74503391709053,27.449999999999996,30.68
2026-07-16 14:20:45.136,20217.90173271342,23.745204223901297,27.45,30.673465346534652
2026-07-16 14:20:45.236,20265.69832807994,23.745947696362414,27.449999999999996,30.663627450980385
2026-07-16 14:20:45.336,20184.092756213307,23.745937695467852,27.450000000000003,30.660000000000004
2026-07-16 14:20:45.436,20093.704998457804,23.745633417052726,27.449999999999996,30.653960396039597
2026-07-16 14:20:45.536,20109.73311180607,23.74573264987307,27.449999999999996,30.644117647058824
2026-07-16 14:20:45.636,20169.84803382172,23.74610760704948,27.45,30.64
2026-07-16 14:20:45.736,20188.403409071783,23.746378836905336,27.449999999999996,30.634411764705877
2026-07-16 14:20:45.836,20165.26798028403,23.74637039903775,27.449999999999996,30.624554455445537
2026-07-16 14:20:45.936,20191.838590086707,23.746709084369467,27.449999999999996,30.61465346534652
2026-07-16 14:20:46.036,20191.78670440261,23.74703627714434,27.45,30.604803921568625
2026-07-16 14:20:46.136,20193.75343297115,23.747352413825887,27.449999999999996,30.5949504950495
2026-07-16 14:20:46.236,20165.734435392238,23.747657352026152,27.45,30.59
2026-07-16 14:20:46.336,20137.596068779872,23.74795102401692,27.45,30.585247524752475
2026-07-16 14:20:46.436,20195.95769207372,23.748233431003126,27.445392156862738,30.57539215686274
2026-07-16 14:20:46.536,20227.340809170262,23.748503346192827,27.439999999999998,30.57
2026-07-16 14:20:46.636,20174.88525871038,23.74876097400852,27.44,30.565643564356435
2026-07-16 14:20:46.736,20195.78193598117,23.74952630748757,27.439999999999998,30.555784313725486
2026-07-16 14:20:46.836,20165.37624885246,23.749477024394377,27.439999999999998,30.55
2026-07-16 14:20:46.936,20119.446613222564,23.74906182999654,27.44,30.546078431372536
2026-07-16 14:20:47.036,20187.31628765945,23.74978259992505,27.44,30.536237623762375
2026-07-16 14:20:47.136,20193.865305565072,23.750491301052534,27.44,30.53
2026-07-16 14:20:47.236,20141.6635569322,23.750303884742344,27.44,30.526534653465347
2026-07-16 14:20:47.336,20122.233123745304,23.750083680784265,27.439999999999998,30.516633663366335
2026-07-16 14:20:47.436,20135.082609983514,23.750125914586697,27.439999999999998,30.509999999999998
2026-07-16 14:20:47.536,20154.663319403586,23.750357969453336,27.439999999999998,30.50693069306931
2026-07-16 14:20:47.636,20157.947809100046,23.750575521618643,27.44,30.497058823529414
2026-07-16 14:20:47.736,20156.494890783815,23.750779457766527,27.439999999999998,30.49
2026-07-16 14:20:47.836,20119.17643287906,23.751372429678533,27.439999999999998,30.48732673267326
2026-07-16 14:20:47.936,20193.112310133878,23.751284733228545,27.439999999999998,30.47745098039215
2026-07-16 14:20:48.036,20137.28396030146,23.75079358457001,27.439999999999998,30.469999999999995
2026-07-16 14:20:48.136,20096.028227957584,23.750869421228867,27.44,30.46774509803921
2026-07-16 14:20:48.236,20194.513692255085,23.75183388627473,27.4420792079208,30.4579207920792
2026-07-16 14:20:48.336,20227.223372190212,23.752409261924527,27.45,30.450000000000003
2026-07-16 14:20:48.436,20137.20329559137,23.75161828209904,27.449999999999996,30.448217821782173
2026-07-16 14:20:48.536,20170.66678605616,23.752065946054863,27.45,30.438316831683174
2026-07-16 14:20:48.636,20149.297824811725,23.75207289497603,27.449999999999996,30.42843137254902
2026-07-16 14:20:48.736,20141.889232865513,23.75219067316016,27.449999999999996,30.418613861386138
2026-07-16 14:20:48.836,20174.884625999228,23.7528293923532,27.449999999999996,30.409999999999997
2026-07-16 14:20:48.936,20153.245107901632,23.753402539793903,27.45,30.4089108910891
2026-07-16 14:20:49.036,20182.7982050661,23.753494899460986,27.449019607843134,30.399019607843137
2026-07-16 14:20:49.136,20221.121307044275,23.753578446144417,27.439999999999998,30.389999999999997
2026-07-16 14:20:49.236,20142.576796979884,23.753655014131446,27.44,30.389313725490194
2026-07-16 14:20:49.336,20107.606363005638,23.75394232943266,27.44049504950495,30.37950495049505
2026-07-16 14:20:49.436,20167.76709700584,23.754291525691922,27.45,30.369607843137256
2026-07-16 14:20:49.536,20215.82944454201,23.75433183650186,27.449801980198025,30.35980198019802
2026-07-16 14:20:49.636,20115.251889706822,23.754368656500198,27.44,30.349900990099012
2026-07-16 14:20:49.736,20172.856466953774,23.754402250017737,27.439999999999998,30.339999999999996
2026-07-16 14:20:49.836,20140.439863473046,23.7544333927939,27.44,30.34
2026-07-16 14:20:49.936,20124.81675380453,23.754661899554556,27.439999999999998,30.33029702970296
2026-07-16 14:20:50.036,20132.86795052119,23.754780685589147,27.439999999999998,30.32058252427184
2026-07-16 14:20:50.136,20123.44030603118,23.75455381798743,27.449306930693076,30.310693069306925
2026-07-16 14:20:50.236,20180.920749682078,23.754949751688436,27.450000000000003,30.31
2026-07-16 14:20:50.336,20125.015637832334,23.75459957015311,27.450000000000003,30.3009900990099
2026-07-16 14:20:50.436,20091.43467336621,23.754245682498986,27.449999999999996,30.291176470588226
2026-07-16 14:20:50.536,20116.073819083274,23.75413022062242,27.45,30.29
2026-07-16 14:20:50.636,20160.913946397955,23.75431958607866,27.449999999999996,30.28138613861386
2026-07-16 14:20:50.736,20174.051527996635,23.754640290082563,27.449999999999996,30.271568627450975
2026-07-16 14:20:50.836,20149.42186479755,23.75466134625323,27.45,30.27
2026-07-16 14:20:50.936,20143.61217156779,23.754680634754763,27.45,30.26186274509803
2026-07-16 14:20:51.036,20090.777054779774,23.754415001159884,27.450000000000003,30.252058823529417
2026-07-16 14:20:51.136,20132.33437575163,23.754320036532512,27.45,30.25
2026-07-16 14:20:51.236,20155.992348416985,23.75435074526683,27.45,30.24235294117647
2026-07-16 14:20:51.336,20130.225855060595,23.75446265543814,27.449999999999996,30.23247524752475
2026-07-16 14:20:51.436,20217.0333833214,23.754786575122854,27.449999999999996,30.229999999999997
2026-07-16 14:20:51.536,20183.210823122878,23.75480003744677,27.45,30.22274509803922
2026-07-16 14:20:51.636,20149.67928847033,23.75481259402663,27.449999999999996,30.21287128712871
2026-07-16 14:20:51.736,20122.65723787601,23.754824393619913,27.449999999999996,30.2029702970297
2026-07-16 14:20:51.836,20154.872371980153,23.755125325402744,27.449999999999996,30.199999999999996
2026-07-16 14:20:51.936,20188.25252918899,23.75544014368338,27.45,30.193267326732663
2026-07-16 14:20:52.036,20107.646676952965,23.755114166063514,27.45,30.183431372549016
2026-07-16 14:20:52.136,20138.961506430358,23.754794451508864,27.450000000000003,30.18
2026-07-16 14:20:52.236,20145.04162063455,23.754782462408556,27.449999999999996,30.173921568627442
2026-07-16 14:20:52.336,20122.443979330368,23.75456642792288,27.449999999999996,30.164059405940584
2026-07-16 14:20:52.436,20106.547286158137,23.754441662967817,27.449999999999996,30.159999999999997
2026-07-16 14:20:52.536,20117.272499764193,23.754466158410523,27.449999999999996,30.15431372549019
2026-07-16 14:20:52.636,20149.372987829647,23.754536059049098,27.449999999999996,30.144455445544548
2026-07-16 14:20:52.736,20170.10701930184,23.754854907364606,27.45,30.14
2026-07-16 14:20:52.836,20150.058607492792,23.75487521839704,27.45,30.12950495049505
2026-07-16 14:20:52.936,20096.09735504879,23.75488463853099,27.44490196078431,30.119999999999997
2026-07-16 14:20:53.036,20138.45888753733,23.75505912665221,27.439999999999998,30.1150495049505
2026-07-16 14:20:53.136,20199.096802598982,23.755235627403817,27.439999999999998,30.10519607843137
2026-07-16 14:20:53.236,20171.75099432398,23.755233824489302,27.44,30.1
2026-07-16 14:20:53.336,20145.311869642126,23.755238030866003,27.439999999999998,30.095490196078423
2026-07-16 14:20:53.436,20231.141363490973,23.755776952132106,27.439999999999998,30.08564356435642
2026-07-16 14:20:53.536,20149.11888493246,23.75561786630949,27.439999999999998,30.075784313725485
2026-07-16 14:20:53.636,20106.785625725428,23.755308055643944,27.439999999999998,30.07
2026-07-16 14:20:53.736,20105.69861750422,23.75513528992789,27.440000000000005,30.066078431372546
2026-07-16 14:20:53.836,20122.888468048593,23.755281041954806,27.44,30.056237623762375
2026-07-16 14:20:53.936,20203.629985192772,23.755834674642223,27.439999999999998,30.05
2026-07-16 14:20:54.036,20147.65185822802,23.75581276455239,27.439999999999998,30.046470588235294
2026-07-16 14:20:54.136,20114.86270301487,23.75579222696592,27.439999999999998,30.036633663366334
2026-07-16 14:20:54.236,20160.176385571314,23.75616860418468,27.439999999999998,30.029999999999994
2026-07-16 14:20:54.336,20192.411484575336,23.756594502714947,27.44,30.0269306930693
2026-07-16 14:20:54.436,20150.736163423953,23.756771696770436,27.439999999999998,30.017058823529403
2026-07-16 14:20:54.536,20076.026625679548,23.756718062719436,27.439999999999998,30.009999999999998
2026-07-16 14:20:54.636,20164.887663171845,23.75666772759668,27.44,30.00735294117647
2026-07-16 14:20:54.736,20199.09905688215,23.75689267451244,27.439999999999998,29.997524752475247
2026-07-16 14:20:54.836,20187.889077389063,23.757140235314985,27.439999999999998,29.99
2026-07-16 14:20:54.936,20140.265205013457,23.757381854297584,27.44,29.98774509803921
2026-07-16 14:20:55.036,20097.955853944455,23.757411640193613,27.44,29.97792079207921
2026-07-16 14:20:55.136,20102.790587682444,23.757028817120844,27.439999999999998,29.969999999999995
2026-07-16 14:20:55.236,20105.689798684856,23.756648785110297,27.44,29.968217821782172
2026-07-16 14:20:55.336,20068.00395790167,23.756583363402502,27.44,29.95831683168316
2026-07-16 14:20:55.436,20127.261559752253,23.757016117947877,27.439999999999998,29.94843137254901
2026-07-16 14:20:55.536,20182.592171422613,23.757606715920822,27.44,29.9386274509804
2026-07-16 14:20:55.636,20200.652636708415,23.758205211559673,27.44,29.93
2026-07-16 14:20:55.736,20190.165525221695,23.75873842770006,27.44108910891089,29.92891089108911
2026-07-16 14:20:55.836,20134.523194551053,23.758971845708295,27.449999999999996,29.91901960784314
2026-07-16 14:20:55.936,20127.86075439325,23.759192035740973,27.45,29.909999999999997
2026-07-16 14:20:56.036,20105.777594993735,23.759109366908227,27.45,29.909306930693077
2026-07-16 14:20:56.136,20139.271226078723,23.758960146539735,27.45,29.899411764705885
2026-07-16 14:20:56.236,20166.531207992688,23.758671185470586,27.449999999999996,29.889603960396034
2026-07-16 14:20:56.336,20140.816883932745,23.758272189397093,27.449999999999996,29.879705882352933
2026-07-16 14:20:56.436,20133.295379387542,23.75816856565028,27.449999999999996,29.869900990099
2026-07-16 14:20:56.536,20095.78850193252,23.75840889296158,27.449999999999996,29.859999999999996
2026-07-16 14:20:56.636,20092.65038770535,23.758639221027536,27.45,29.86
2026-07-16 14:20:56.736,20113.053273455338,23.759088821699375,27.449999999999996,29.850297029702965
2026-07-16 14:20:56.836,20115.102989021827,23.759312998930348,27.45,29.84039603960395
2026-07-16 14:20:56.936,20109.631233824057,23.75935181446287,27.450000000000003,29.84
2026-07-16 14:20:57.036,20156.62133824475,23.759816153973684,27.449999999999996,29.830693069306932
2026-07-16 14:20:57.136,20108.308868266664,23.759262171471025,27.449999999999996,29.820882352941176
2026-07-16 14:20:57.236,20125.049585399676,23.75905792204551,27.450000000000003,29.8109900990099
2026-07-16 14:20:57.336,20194.69787341839,23.759430810053814,27.449999999999996,29.801176470588228
2026-07-16 14:20:57.436,20223.367841998974,23.760026687678476,27.45,29.8
2026-07-16 14:20:57.536,20185.056117506836,23.76048716972927,27.449999999999996,29.791470588235292
2026-07-16 14:20:57.636,20136.40437869807,23.760716879105537,27.45,29.78158415841584
2026-07-16 14:20:57.736,20158.572672645594,23.761277582184096,27.45,29.78
2026-07-16 14:20:57.836,20128.48482065117,23.761826710144565,27.449999999999996,29.77188118811881
2026-07-16 14:20:57.936,20129.35862448644,23.7617422319976,27.449999999999996,29.7619801980198
2026-07-16 14:20:58.036,20115.982215190063,23.761683931859277,27.449999999999996,29.759999999999998
2026-07-16 14:20:58.136,20117.028666156843,23.761666299392036,27.449999999999996,29.75227722772277
2026-07-16 14:20:58.236,20171.998811120637,23.76153036289151,27.45,29.749999999999996
2026-07-16 14:20:58.336,20195.926744506156,23.762056908110658,27.449999999999996,29.742574257425737
2026-07-16 14:20:58.436,20111.510974711648,23.7621736636094,27.449999999999996,29.732745098039207
2026-07-16 14:20:58.536,20115.823191281153,23.76258506462456,27.449999999999996,29.73
2026-07-16 14:20:58.636,20125.474104489964,23.76282764916793,27.449999999999996,29.722970297029697
2026-07-16 14:20:58.736,20125.026641690478,23.763060516361854,27.449999999999996,29.71313725490195
2026-07-16 14:20:58.836,20133.140645821717,23.76359563596189,27.45,29.71
2026-07-16 14:20:58.936,20162.099147713365,23.764417780194396,27.450000000000003,29.703431372549016
2026-07-16 14:20:59.036,20220.290169322496,23.765251050501092,27.450000000000003,29.69356435643565
2026-07-16 14:20:59.136,20133.834217794556,23.764990762549193,27.45,29.68366336633664
2026-07-16 14:20:59.236,20115.81467367062,23.764533056660195,27.449999999999996,29.68
2026-07-16 14:20:59.336,20118.132381098403,23.764295862453327,27.449999999999996,29.673960396039597
2026-07-16 14:20:59.436,20106.868302752482,23.76442297342576,27.449999999999996,29.664117647058816
2026-07-16 14:20:59.536,20156.129489247098,23.764794951110275,27.45,29.659999999999997
2026-07-16 14:20:59.636,20068.125270707475,23.764365549823346,27.444356435643563,29.654356435643564
2026-07-16 14:20:59.736,20108.03980396364,23.764327927951612,27.44,29.644509803921565
2026-07-16 14:20:59.836,20120.442094006983,23.764619922811754,27.445346534653474,29.634653465346524
2026-07-16 14:20:59.936,20106.0305125812,23.76502703460844,27.449999999999996,29.62475247524751
2026-07-16 14:21:00.036,20099.140714896206,23.76554197037681,27.45,29.62
2026-07-16 14:21:00.136,20128.84829452769,23.76627049267533,27.445049504950497,29.6150495049505
2026-07-16 14:21:00.236,20192.46305473063,23.766627878761007,27.439999999999998,29.605196078431373
2026-07-16 14:21:00.336,20148.742308418314,23.766176788118266,27.44465346534654,29.6
2026-07-16 14:21:00.436,20130.82881061965,23.765993476867827,27.45,29.59544554455445
2026-07-16 14:21:00.536,20110.132000805104,23.765933544337983,27.449999999999996,29.585588235294118
2026-07-16 14:21:00.636,20100.39873770602,23.7657388185822,27.45,29.579999999999995
2026-07-16 14:21:00.736,20133.25611754505,23.765423336212564,27.45,29.57584158415841
2026-07-16 14:21:00.836,20160.8265279204,23.765793927759333,27.45,29.565980392156856
2026-07-16 14:21:00.936,20129.886930876786,23.766146935420206,27.449999999999996,29.559999999999995
2026-07-16 14:21:01.036,20100.853236657655,23.766172961567527,27.44961460446247,29.55730223123732
2026-07-16 14:21:01.136,20054.851268620696,23.765883305275956,27.44860040567951,29.550202839756587
2026-07-16 14:21:01.236,20041.89151579996,23.76559851080189,27.44758620689655,29.543103448275858
2026-07-16 14:21:01.336,20111.137253253637,23.76571220709422,27.446572008113588,29.53600405679512
2026-07-16 14:21:01.436,20226.814184329854,23.766406996315798,27.44555780933063,29.528904665314393
2026-07-16 14:21:01.536,20143.102113462337,23.766333567406363,27.444543610547665,29.52180527383367
2026-07-16 14:21:01.636,20196.207411156087,23.767207431174313,27.443529411764708,29.514705882352935
2026-07-16 14:21:01.736,20174.645160956512,23.76725375306267,27.442515212981746,29.507606490872206
2026-07-16 14:21:01.836,20115.46051898564,23.766898916674847,27.44150101419878,29.50050709939147
2026-07-16 14:21:01.936,20099.955449721398,23.766900626058828,27.44048681541582,29.493407707910738
2026-07-16 14:21:02.036,20126.700600099644,23.767193968415164,27.44,29.484901960784313
2026-07-16 14:21:02.136,20122.026460796234,23.76708373441698,27.44,29.475098039215688
2026-07-16 14:21:02.236,20126.800130992222,23.766638139930137,27.44470588235294,29.47
2026-07-16 14:21:02.336,20146.974093707013,23.76669802690867,27.445445544554453,29.46544554455445
2026-07-16 14:21:02.436,20114.323489237875,23.766820047168242,27.44441176470589,29.45558823529411
2026-07-16 14:21:02.536,20066.54683399179,23.766728585303788,27.45,29.449999999999996
2026-07-16 14:21:02.636,20111.09722663857,23.766566132512455,27.449999999999996,29.44588235294117
2026-07-16 14:21:02.736,19961.157317166773,23.76573950586996,27.45,29.43603960396039
2026-07-16 14:21:02.836,20110.011570839364,23.765627735615844,27.449999999999996,29.426138613861376
2026-07-16 14:21:02.936,20157.67175854886,23.765864785881874,27.450000000000003,29.42
2026-07-16 14:21:03.036,20110.208822405926,23.76579323041397,27.449999999999996,29.4164705882353
2026-07-16 14:21:03.136,20082.336353741386,23.765622162874358,27.449999999999996,29.406633663366335
2026-07-16 14:21:03.236,20150.396222842624,23.765802051017072,27.45,29.396732673267323
2026-07-16 14:21:03.336,20103.541938768652,23.764965379618587,27.449999999999996,29.386862745098036
2026-07-16 14:21:03.436,20087.5645679662,23.76491739559914,27.449999999999996,29.38
2026-07-16 14:21:03.536,20129.502922354244,23.765210788094585,27.449999999999996,29.377156862745096
2026-07-16 14:21:03.636,20190.179813974122,23.76604691480147,27.449999999999996,29.367326732673263
2026-07-16 14:21:03.736,20230.802678620887,23.76689967751984,27.45,29.35742574257425
2026-07-16 14:21:03.836,20224.014607179604,23.76723926043708,27.450000000000003,29.35
2026-07-16 14:21:03.936,20160.6947618109,23.767559435217255,27.450000000000003,29.347647058823522
2026-07-16 14:21:04.036,20074.144515439362,23.766994806362764,27.449999999999996,29.33788461538462
2026-07-16 14:21:04.136,20126.942775126725,23.766803451065144,27.45,29.329999999999995
2026-07-16 14:21:04.236,20102.15755828158,23.766444418797313,27.449999999999996,29.326862745098023
2026-07-16 14:21:04.336,20116.56237833373,23.766303133557415,27.449999999999996,29.309999999999995
2026-07-16 14:21:04.436,20228.892165771584,23.76675724279994,27.45,29.308712871287124
2026-07-16 14:21:04.536,20190.38745574851,23.767452477360255,27.449999999999996,29.29882352941177
2026-07-16 14:21:04.636,20067.05058395384,23.766875778428776,27.450000000000003,29.29
2026-07-16 14:21:04.736,20023.232454498215,23.766704704993717,27.449999999999996,29.289108910891084
2026-07-16 14:21:04.836,20071.181298808646,23.76689600667889,27.45,29.28
2026-07-16 14:21:04.936,20105.973249531227,23.767023943116712,27.45,29.27940594059405
2026-07-16 14:21:05.036,20122.196118154847,23.767146242372924,27.449999999999996,29.269509803921565
2026-07-16 14:21:05.136,20225.85321261251,23.76782347231716,27.449999999999996,29.259702970297027
2026-07-16 14:21:05.236,20162.83877171384,23.768110633392514,27.450000000000003,29.25
2026-07-16 14:21:05.336,20184.564119487888,23.768380001697405,27.45,29.25
2026-07-16 14:21:05.436,20150.476729661226,23.768634283236594,27.449999999999996,29.240099009900984
2026-07-16 14:21:05.536,20088.052787875764,23.768663263395673,27.449999999999996,29.230294117647063
2026-07-16 14:21:05.636,20087.10958983669,23.768620188843343,27.449999999999996,29.229999999999997
2026-07-16 14:21:05.736,20194.719397951867,23.768852703277922,27.44049504950495,29.220495049504947
2026-07-16 14:21:05.836,20163.430125041155,23.769071950256674,27.439999999999998,29.210686274509797
2026-07-16 14:21:05.936,20178.029518346604,23.770004086750227,27.44,29.20079207920791
2026-07-16 14:21:06.036,20186.026801046966,23.770683934391776,27.439999999999998,29.2
2026-07-16 14:21:06.136,20106.733218335365,23.770539004445393,27.44,29.191078431372546
2026-07-16 14:21:06.236,20046.933148813987,23.77015877108434,27.44,29.181188118811875
2026-07-16 14:21:06.336,20113.250027477065,23.770268592524392,27.44,29.180000000000003
2026-07-16 14:21:06.436,20089.619629579433,23.7700105111185,27.439999999999998,29.171485148514847
2026-07-16 14:21:06.536,20082.170921898218,23.76977101528372,27.44,29.153168316831696
2026-07-16 14:21:06.636,20083.320306376685,23.76921532288275,27.439999999999998,29.15
2026-07-16 14:21:06.736,20119.635095034835,23.769358654815814,27.439999999999998,29.14188118811881
2026-07-16 14:21:06.836,20152.02999582154,23.770003900839956,27.439999999999998,29.131980198019797
2026-07-16 14:21:06.936,20141.953814518238,23.770737443145123,27.44,29.13
2026-07-16 14:21:07.036,20108.826351679512,23.77176704584314,27.44,29.122277227722776
2026-07-16 14:21:07.136,20057.573315380276,23.771403264970225,27.44,29.119999999999997
2026-07-16 14:21:07.236,20125.918636505947,23.77106320353841,27.439999999999998,29.112574257425734
2026-07-16 14:21:07.336,20134.396581249697,23.77104720406649,27.439999999999998,29.102745098039208
2026-07-16 14:21:07.436,20144.426351686863,23.77139806207729,27.439999999999998,29.1
2026-07-16 14:21:07.536,20175.497327074503,23.77173133227207,27.44,29.093039215686282
2026-07-16 14:21:07.636,20124.638830967077,23.771422889113655,27.439999999999998,29.08316831683169
2026-07-16 14:21:07.736,20189.705374155932,23.77155137346229,27.439999999999998,29.079999999999995
2026-07-16 14:21:07.836,20132.531524478545,23.772043206049787,27.44,29.073431372549017
2026-07-16 14:21:07.936,20109.17050637082,23.772567164787375,27.44,29.063564356435638
2026-07-16 14:21:08.036,20095.297769263998,23.77307272605074,27.439999999999998,29.059999999999995
2026-07-16 14:21:08.136,20106.541615103986,23.773559024795247,27.44,29.05386138613861
2026-07-16 14:21:08.236,20185.485129132292,23.77397273064278,27.44,29.0439603960396
2026-07-16 14:21:08.336,20155.9394801275,23.7739799989453,27.44,29.036657381615594
2026-07-16 14:21:08.436,20124.113688421618,23.773986554491692,27.439999999999998,29.031086350974924
2026-07-16 14:21:08.536,20071.420583369363,23.77369563258452,27.44,29.025515320334257
2026-07-16 14:21:08.636,20108.777177436437,23.77374683641054,27.439999999999998,29.01994428969359
2026-07-16 14:21:08.736,20175.3912980743,23.774161754939197,27.439999999999998,29.014373259052917
2026-07-16 14:21:08.836,20138.635008651807,23.774428223163554,27.439999999999998,29.00880222841225
2026-07-16 14:21:08.936,20048.325026549286,23.774003420482764,27.439999999999998,29.003231197771576
2026-07-16 14:21:09.036,20101.289896865623,23.77439019532216,27.44042338709678,28.99661290322581
2026-07-16 14:21:09.136,20051.201216472717,23.773820283211002,27.441431451612907,28.988548387096774
2026-07-16 14:21:09.236,20064.099163922972,23.773747659353166,27.442439516129035,28.980483870967742
2026-07-16 14:21:09.336,20134.148498287286,23.77437581225629,27.443447580645167,28.972419354838706
2026-07-16 14:21:09.436,20169.31053275962,23.77506398918108,27.44445564516129,28.964354838709674
2026-07-16 14:21:09.536,20113.01464278916,23.77501780737734,27.44546370967742,28.95629032258065
2026-07-16 14:21:09.636,20153.003225226665,23.77497639288085,27.446471774193554,28.94822580645162
2026-07-16 14:21:09.736,20103.333376264163,23.77493840459091,27.447479838709683,28.940161290322585
2026-07-16 14:21:09.836,20063.85480258217,23.77464910719067,27.44848790322581,28.93209677419355
2026-07-16 14:21:09.936,20090.7915481436,23.774403084840152,27.449495967741935,28.924032258064518
2026-07-16 14:21:10.036,20147.459818914336,23.77448697135585,27.449999999999996,28.9150495049505
2026-07-16 14:21:10.136,20115.570545122944,23.774828232581214,27.45,28.905196078431374
2026-07-16 14:21:10.236,20187.890106952906,23.774799482450234,27.449999999999996,28.89539215686274
2026-07-16 14:21:10.336,20131.62700478172,23.775089033720036,27.445544554455438,28.889999999999997
2026-07-16 14:21:10.436,20106.758947374394,23.77567443997721,27.439999999999998,28.88568627450979
2026-07-16 14:21:10.536,20124.184606036302,23.77618276867419,27.440000000000005,28.87584158415841
2026-07-16 14:21:10.636,20141.695257196487,23.776369439299582,27.4440594059406,28.87
2026-07-16 14:21:10.736,20117.304113823495,23.776276476097063,27.44607843137255,28.866078431372546
2026-07-16 14:21:10.836,20123.83401497413,23.77619033771708,27.44,28.856237623762375
2026-07-16 14:21:10.936,20172.105997265495,23.77643800315307,27.443627450980394,28.85
2026-07-16 14:21:11.036,20166.420278367936,23.776706520323636,27.45,28.846534653465348
2026-07-16 14:21:11.136,20134.109353544307,23.77696423119636,27.449999999999996,28.84
2026-07-16 14:21:11.236,20131.427116297753,23.77733743101946,27.449999999999996,28.83686274509803
2026-07-16 14:21:11.336,20175.6681388803,23.777885799672152,27.449999999999996,28.827029702970286
2026-07-16 14:21:11.436,20120.15764289732,23.778106895688786,27.45,28.82
2026-07-16 14:21:11.536,20081.004178028244,23.778315126729495,27.45,28.817254901960784
2026-07-16 14:21:11.636,20081.210071389556,23.778236844268267,27.449999999999996,28.80742574257426
2026-07-16 14:21:11.736,20103.888785588366,23.77807891353391,27.449999999999996,28.799999999999997
2026-07-16 14:21:11.836,20142.886870693364,23.77820203065066,27.45,28.79764705882353
2026-07-16 14:21:11.936,20174.070768534006,23.778689508422172,27.449999999999996,28.787843137254892
2026-07-16 14:21:12.036,20118.668855976975,23.77887205310345,27.449999999999996,28.779999999999998
2026-07-16 14:21:12.136,20086.93653813543,23.778690932315964,27.449999999999996,28.778217821782174
2026-07-16 14:21:12.236,20104.475058032942,23.77880196593301,27.45,28.768333333333327
2026-07-16 14:21:12.336,20113.701273092774,23.779195841338584,27.45,28.75851485148514
2026-07-16 14:21:12.436,20127.21845748556,23.779719157337546,27.449999999999996,28.74862745098038
2026-07-16 14:21:12.536,20140.090543840397,23.78005818963323,27.449999999999996,28.738811881188123
2026-07-16 14:21:12.636,20088.75516849079,23.779839091244114,27.45,28.729999999999997
2026-07-16 14:21:12.736,20140.928941560425,23.779979061850423,27.449999999999996,28.72901960784314
2026-07-16 14:21:12.836,20125.48262216634,23.779806059458746,27.45,28.719207920792073
2026-07-16 14:21:12.936,20078.262526823208,23.77958951144999,27.45,28.70931372549019
2026-07-16 14:21:13.036,20075.659786892604,23.77954804337348,27.45,28.7
2026-07-16 14:21:13.136,20134.1274803573,23.779793399914215,27.449999999999996,28.699603960396036
2026-07-16 14:21:13.236,20180.66036326943,23.780218417297117,27.449999999999996,28.689705882352936
2026-07-16 14:21:13.336,20097.745664636517,23.77998613427168,27.449999999999996,28.679900990099
2026-07-16 14:21:13.436,20077.6775760831,23.780080251245096,27.45,28.67
2026-07-16 14:21:13.536,20077.965934218024,23.7802035224657,27.449999999999996,28.67
2026-07-16 14:21:13.636,20110.63748908408,23.780320139709595,27.45,28.660294117647062
2026-07-16 14:21:13.736,20130.613659809587,23.780323405471005,27.449999999999996,28.650396039603958
2026-07-16 14:21:13.836,20094.10876144388,23.78019596836576,27.45,28.65
2026-07-16 14:21:13.936,20182.813765854014,23.780648562658428,27.449999999999996,28.640686274509797
2026-07-16 14:21:14.036,20138.029989629227,23.780448502802734,27.449999999999996,28.630882352941175
2026-07-16 14:21:14.136,20145.494517299878,23.78073600558897,27.45,28.63
2026-07-16 14:21:14.236,20103.854735188284,23.78079222997541,27.449999999999996,28.621188118811876
2026-07-16 14:21:14.336,20091.353345411357,23.780805690021918,27.45,28.611287128712863
2026-07-16 14:21:14.436,20181.37641420893,23.781197981814994,27.45,28.61
2026-07-16 14:21:14.536,20114.230782121973,23.78128247226509,27.449999999999996,28.60158415841585
2026-07-16 14:21:14.636,20114.351697327802,23.781360703323788,27.45,28.591683168316834
2026-07-16 14:21:14.736,20162.715979188244,23.781977476820753,27.449999999999996,28.58178217821782
2026-07-16 14:21:14.836,20168.66339928742,23.782297961210475,27.449999999999996,28.58
2026-07-16 14:21:14.936,20128.093296104744,23.782340084412567,27.450000000000003,28.57207920792079
2026-07-16 14:21:15.036,20117.209535920778,23.782610363895174,27.45,28.562254901960785
2026-07-16 14:21:15.136,20259.375104498773,23.78372345000808,27.45,28.55237623762376
2026-07-16 14:21:15.236,20305.734505775905,23.78638637478853,27.449999999999996,28.55
2026-07-16 14:21:15.336,20296.880555051954,23.788347949073007,27.449999999999996,28.54264705882352
2026-07-16 14:21:15.436,20244.692170867427,23.790246674203942,27.45,28.532772277227714
2026-07-16 14:21:15.536,20275.478242981582,23.793370019755393,27.449999999999996,28.522871287128712
2026-07-16 14:21:15.636,20360.95677345238,23.797443340600434,27.44303921568627,28.519999999999996
2026-07-16 14:21:15.736,20287.678401257366,23.800548578159923,27.439999999999998,28.513168316831678
2026-07-16 14:21:15.836,20318.562137404097,23.805964071372365,27.440000000000005,28.503267326732665
2026-07-16 14:21:15.936,20330.53755671768,23.809822307970894,27.440000000000005,28.500000000000004
2026-07-16 14:21:16.036,20348.303145320293,23.81400723321387,27.439999999999998,28.493564356435648
2026-07-16 14:21:16.136,20295.733499342852,23.81765077565811,27.439999999999998,28.48372549019608
2026-07-16 14:21:16.236,20172.17439234487,23.820403132437384,27.44,28.479999999999997
2026-07-16 14:21:16.336,20077.853704109548,23.8227935663949,27.439999999999998,28.474019607843132
2026-07-16 14:21:16.436,20174.527831553445,23.82482725382567,27.439999999999998,28.47
2026-07-16 14:21:16.536,20234.47645150112,23.828511634082425,27.445742574257423,28.464257425742574
2026-07-16 14:21:16.636,20133.096983256317,23.831226544190418,27.449999999999996,28.45441176470588
2026-07-16 14:21:16.736,20099.461059958216,23.832761815101094,27.449999999999996,28.449999999999996
2026-07-16 14:21:16.836,20129.492759845813,23.83428916490412,27.45,28.439411764705874
2026-07-16 14:21:16.936,20111.178339124453,23.83691475625507,27.45,28.43
2026-07-16 14:21:17.036,20175.13356075244,23.839291856632897,27.45,28.425196078431373
2026-07-16 14:21:17.136,20194.348972522723,23.84330319826638,27.449999999999996,28.42
2026-07-16 14:21:17.236,20137.120561135154,23.843801145276487,27.45,28.415588235294116
2026-07-16 14:21:17.336,20173.991821286178,23.845683696109806,27.45,28.409999999999997
2026-07-16 14:21:17.436,20231.04445453439,23.848659553087057,27.45,28.405841584158416
2026-07-16 14:21:17.536,20200.86172257538,23.851035891449126,27.45,28.399999999999995
2026-07-16 14:21:17.636,20163.726663373352,23.853912805601144,27.449999999999996,28.4
2026-07-16 14:21:17.736,20167.627379317946,23.855494724064148,27.449999999999996,28.40372549019608
2026-07-16 14:21:17.836,20193.635206310875,23.856856999596335,27.450000000000003,28.41356435643565
2026-07-16 14:21:17.936,20127.067819380616,23.856838209968497,27.45,28.423465346534663
2026-07-16 14:21:18.036,20074.685587862572,23.856519455579516,27.449999999999996,28.436666666666667
2026-07-16 14:21:18.136,20089.390591372525,23.856951591733274,27.45,28.456274509803926
2026-07-16 14:21:18.236,20063.933739601893,23.857935379999184,27.449999999999996,28.4789108910891
2026-07-16 14:21:18.336,20187.47260744885,23.858800406168143,27.449999999999996,28.508613861386138
2026-07-16 14:21:18.436,20118.078221546486,23.860208935529496,27.45,28.540980392156875
2026-07-16 14:21:18.536,20108.357556801344,23.86160998662281,27.449999999999996,28.58029702970295
2026-07-16 14:21:18.636,20122.491005693126,23.86328991299947,27.447524752475246,28.619900990098998
2026-07-16 14:21:18.736,20121.17906642131,23.865019354306014,27.439999999999998,28.659504950495048
2026-07-16 14:21:18.836,20119.960062646835,23.866008275318716,27.44,28.701274509803937
2026-07-16 14:21:18.936,20092.62140117454,23.86621014274011,27.44,28.748316831683198
2026-07-16 14:21:19.036,20171.644490262675,23.86702275032711,27.44,28.78843621399176
2026-07-16 14:21:19.136,20176.5972882612,23.867819657274847,27.439999999999998,28.83061728395062
2026-07-16 14:21:19.236,20146.55679178247,23.86854486108379,27.439999999999998,28.872798353909477
2026-07-16 14:21:19.336,20134.082138720405,23.86943749891377,27.439999999999998,28.914979423868335
2026-07-16 14:21:19.436,20147.899617129173,23.870601617329697,27.439999999999998,28.95716049382719
2026-07-16 14:21:19.536,20089.561558307178,23.871114951474233,27.439999999999998,28.999341563786004
2026-07-16 14:21:19.636,20110.75496854542,23.872205118669168,27.439999999999998,29.04152263374486
2026-07-16 14:21:19.736,20112.151283736453,23.873750583454076,27.439999999999998,29.08370370370372
2026-07-16 14:21:19.836,20146.822475980407,23.875790023680068,27.439999999999998,29.125884773662577
2026-07-16 14:21:19.936,20185.9296621322,23.877793881439807,27.439999999999998,29.168065843621438
2026-07-16 14:21:20.036,20169.795081075197,23.879003945008193,27.44,29.2090099009901
2026-07-16 14:21:20.136,20085.071412325087,23.878907312030343,27.439999999999998,29.248431372549035
2026-07-16 14:21:20.236,20109.236388469733,23.87953390455828,27.439999999999998,29.287821782178245
2026-07-16 14:21:20.336,20113.653578162386,23.880098890409705,27.44,29.34450980392161
2026-07-16 14:21:20.436,20112.607163055574,23.88100610370431,27.440000000000005,29.40663366336635
2026-07-16 14:21:20.536,20137.347908054602,23.8823763833089,27.439999999999998,29.44623762376235
2026-07-16 14:21:20.636,20153.454679583938,23.883553473263177,27.439999999999998,29.48568627450979
2026-07-16 14:21:20.736,20042.375802061088,23.883160868170474,27.44,29.525049504950502
2026-07-16 14:21:20.836,20038.91212805483,23.883456807762798,27.439999999999998,29.564653465346552
2026-07-16 14:21:20.936,19962.758393780274,23.882648563756668,27.439999999999998,29.6039805825243
2026-07-16 14:21:21.036,20030.219362578457,23.883380145782724,27.439999999999998,29.6430693069307
2026-07-16 14:21:21.136,20096.600490053093,23.88398484374109,27.44,29.68254901960785
2026-07-16 14:21:21.236,20082.82402924223,23.88373679511996,27.439999999999998,29.7218811881188
2026-07-16 14:21:21.336,20075.9257530794,23.883924601680864,27.439999999999998,29.761372549019605
2026-07-16 14:21:21.436,20043.06546242949,23.88353184641863,27.439999999999998,29.800693069306945
2026-07-16 14:21:21.536,20116.742761607664,23.885266398191206,27.439999999999998,29.840297029702946
2026-07-16 14:21:21.636,20118.605324783337,23.887256286820538,27.44,29.879803921568616
2026-07-16 14:21:21.736,20107.724283000243,23.88818030111672,27.44,29.919108910891097
2026-07-16 14:21:21.836,20120.305369270915,23.88854519352668,27.44,29.960891089108934
2026-07-16 14:21:21.936,20149.35612245284,23.88974784078014,27.44,30.008235294117675
2026-07-16 14:21:22.036,20217.571697075084,23.890887616511602,27.44,30.04745098039216
2026-07-16 14:21:22.136,20099.54122656192,23.89195075080293,27.44,30.086732673267345
2026-07-16 14:21:22.236,20117.0164659384,23.89244363087299,27.44,30.132549019607893
2026-07-16 14:21:22.336,20141.775391856165,23.89308960378105,27.44,30.205544554455443
2026-07-16 14:21:22.436,20131.141217701275,23.893494204820385,27.439999999999998,30.245098039215694
2026-07-16 14:21:22.536,20100.908435676596,23.893312180364216,27.440000000000005,30.284356435643552
2026-07-16 14:21:22.636,20027.692604789747,23.89413811563827,27.44,30.323960396039602
2026-07-16 14:21:22.736,19999.53806391833,23.89430333372907,27.439999999999998,30.36352941176471
2026-07-16 14:21:22.836,20093.489980450053,23.894904396067272,27.439999999999998,30.402772277227744
2026-07-16 14:21:22.936,20084.76499564644,23.895234205360882,27.44,30.442330097087414
2026-07-16 14:21:23.036,20042.991389113908,23.895544338265548,27.439999999999998,30.481176470588206
2026-07-16 14:21:23.136,20064.473255999525,23.89614645439137,27.44,30.520396039603952
2026-07-16 14:21:23.236,20065.69414126672,23.89671389580271,27.439999999999998,30.559999999999995
2026-07-16 14:21:23.336,20096.886439474103,23.89724119635638,27.44,30.59921568627453
2026-07-16 14:21:23.436,20097.605728191447,23.898177300468245,27.44,30.638431372549054
2026-07-16 14:21:23.536,20120.093048806666,23.898810828934664,27.44,30.678019801980202
2026-07-16 14:21:23.636,20123.28116735778,23.89947696022815,27.439999999999998,30.7172549019608
2026-07-16 14:21:23.736,20098.410504426036,23.90024560239926,27.44,30.802871287128777
2026-07-16 14:21:23.836,20098.097887234297,23.900588752259093,27.44,30.846078431372558
2026-07-16 14:21:23.936,20066.18337564935,23.90090093154503,27.440000000000005,30.88564356435645
2026-07-16 14:21:24.036,20091.877119438337,23.901186416006375,27.439999999999998,30.924901960784297
2026-07-16 14:21:24.136,20079.245074295548,23.901450101488706,27.44,30.964455445544548
2026-07-16 14:21:24.236,20076.734864103782,23.901938586014904,27.439999999999998,31.00372549019609
2026-07-16 14:21:24.336,20085.58348538644,23.902485059745405,27.44,31.0432673267327
2026-07-16 14:21:24.436,20058.17424960123,23.902675991761015,27.439999999999998,31.08254901960788
2026-07-16 14:21:24.536,20029.14349790426,23.902850649879312,27.439999999999998,31.122079207920795
2026-07-16 14:21:24.636,20055.182075517114,23.90301000651917,27.44,31.16168316831685
2026-07-16 14:21:24.736,20015.98273270583,23.902831005446973,27.44,31.20098039215686
2026-07-16 14:21:24.836,20007.75038067744,23.902548482904024,27.439999999999998,31.24049504950495
2026-07-16 14:21:24.936,20040.77586381952,23.902436051256938,27.440000000000005,31.279803921568643
2026-07-16 14:21:25.036,20068.406296003817,23.902673766971997,27.439999999999998,31.319306930693045
2026-07-16 14:21:25.136,20091.232888988638,23.90324026074629,27.439999999999998,31.35862745098039
2026-07-16 14:21:25.236,20092.373572074954,23.903790914647182,27.439999999999998,31.398118811881197
2026-07-16 14:21:25.336,20048.697421741937,23.90398722589763,27.439999999999998,31.437722772277244
2026-07-16 14:21:25.436,20045.13499942261,23.904083925546573,27.439999999999998,31.477058823529447
2026-07-16 14:21:25.536,20084.581773622867,23.90449754018224,27.439999999999998,31.51653465346535
2026-07-16 14:21:25.636,20113.09160930458,23.905195732490064,27.439999999999998,31.562352941176492
2026-07-16 14:21:25.736,20062.460971978067,23.905260269238394,27.439999999999998,31.605346534653492
2026-07-16 14:21:25.836,20152.30604522685,23.906111867740616,27.439999999999998,31.644950495049514
2026-07-16 14:21:25.936,20166.573670316076,23.906969828902856,27.439999999999998,31.684313725490203
2026-07-16 14:21:26.036,20127.860100574006,23.907534632515667,27.439999999999998,31.7237623762376
2026-07-16 14:21:26.136,20105.240576223874,23.908332851912018,27.439999999999998,31.763137254901956
2026-07-16 14:21:26.236,20128.904177390843,23.909748941461785,27.44,31.802574257425746
2026-07-16 14:21:26.336,20150.89012734138,23.911444923591763,27.44,31.84196078431375
2026-07-16 14:21:26.436,20102.68327012637,23.911693484577903,27.439999999999998,31.881386138613895
2026-07-16 14:21:26.536,20047.79857351512,23.910977322332915,27.44,31.9209900990099
2026-07-16 14:21:26.636,20021.87806959122,23.910907183185593,27.44,31.96039215686276
2026-07-16 14:21:26.736,20074.659785706477,23.911697665207974,27.439999999999998,31.999801980198043
2026-07-16 14:21:26.836,20113.24209887431,23.91248732629767,27.44,32.039405940594094
2026-07-16 14:21:26.936,19992.152861465165,23.912235213836077,27.44,32.07882352941179
2026-07-16 14:21:27.036,20047.232846318162,23.912977708467434,27.439999999999998,32.11821782178215
2026-07-16 14:21:27.136,20105.968693052906,23.914182114019763,27.439999999999998,32.17970588235291
2026-07-16 14:21:27.236,20035.842995367137,23.914565059785737,27.439999999999998,32.247029702970295
2026-07-16 14:21:27.336,19978.208789452234,23.914920585012542,27.439999999999998,32.28647058823531
2026-07-16 14:21:27.436,20007.955937934137,23.915504418209487,27.439999999999998,32.32584158415845
2026-07-16 14:21:27.536,20105.097516573613,23.91613717440885,27.44,32.36544554455445
2026-07-16 14:21:27.636,20198.212060195765,23.9171812262414,27.439999999999998,32.40490196078432
2026-07-16 14:21:27.736,20135.289279145523,23.918194442697057,27.439999999999998,32.4442574257426
2026-07-16 14:21:27.836,20004.99944403176,23.91784990075908,27.44,32.48386138613864
2026-07-16 14:21:27.936,20050.66592475099,23.918143239203452,27.440000000000005,32.52333333333336
2026-07-16 14:21:28.036,20124.515004898,23.918916192031116,27.440000000000005,32.562994923857836
2026-07-16 14:21:28.136,20049.218165942213,23.91941272589571,27.440000000000005,32.60360406091369
2026-07-16 14:21:28.236,20047.45641906248,23.920324570998865,27.440000000000005,32.64421319796954
2026-07-16 14:21:28.336,20111.96012505472,23.921186972355983,27.440000000000005,32.684822335025395
2026-07-16 14:21:28.436,20071.48497855408,23.92153042680588,27.44,32.72543147208124
2026-07-16 14:21:28.536,20066.481073116403,23.922090602980134,27.440000000000005,32.76604060913705
2026-07-16 14:21:28.636,20068.955067067574,23.92282365311707,27.440000000000005,32.8066497461929
2026-07-16 14:21:28.736,20037.52400422694,23.923380390593262,27.440000000000005,32.847258883248756
2026-07-16 14:21:28.836,20014.81006730767,23.923482583742544,27.44,32.88786802030461
2026-07-16 14:21:28.936,20114.84104543719,23.923572992877688,27.440000000000005,32.928477157360454
2026-07-16 14:21:29.036,20041.14329383083,23.923654398111267,27.44,32.96843137254901
2026-07-16 14:21:29.136,20030.782906869863,23.923728498862122,27.439999999999998,33.0078217821782
2026-07-16 14:21:29.236,20020.53243214672,23.92357958070837,27.44,33.05178217821781
2026-07-16 14:21:29.336,19980.239200664066,23.923202179679055,27.439999999999998,33.09686274509804
2026-07-16 14:21:29.436,19991.45586257516,23.92297672262885,27.439999999999998,33.132178217821796
2026-07-16 14:21:29.536,20102.773572827526,23.92395194919178,27.44,33.1658415841584
2026-07-16 14:21:29.636,20085.155223669433,23.92493210024405,27.44,33.19764705882353
2026-07-16 14:21:29.736,20035.92117193081,23.92520459420014,27.439999999999998,33.21732673267327
2026-07-16 14:21:29.836,20054.686427340643,23.925685704926337,27.439999999999998,33.23705882352942
2026-07-16 14:21:29.936,20113.187977987807,23.92659829012531,27.440000000000005,33.253333333333345
2026-07-16 14:21:30.036,20108.284370659498,23.927354013339368,27.439999999999998,33.26633663366335
2026-07-16 14:21:30.136,20053.136062698824,23.927233209288612,27.439999999999998,33.28
2026-07-16 14:21:30.236,20073.04845403273,23.927585503131795,27.439999999999998,33.28
2026-07-16 14:21:30.336,20103.50170400065,23.927938800943075,27.439999999999998,33.28
2026-07-16 14:21:30.436,20119.53855231183,23.92827014933664,27.442647058823532,33.28
2026-07-16 14:21:30.536,20094.914244597385,23.92875121715944,27.449999999999996,33.28
2026-07-16 14:21:30.636,20027.65479375703,23.929313511245102,27.45,33.28
2026-07-16 14:21:30.736,19974.647606916464,23.92910242581927,27.45,33.28
2026-07-16 14:21:30.836,20065.4068623128,23.92936591932076,27.449999999999996,33.28
2026-07-16 14:21:30.936,20052.863222440224,23.92996528037956,27.449999999999996,33.28196078431373
2026-07-16 14:21:31.036,20039.898706030068,23.930632058543424,27.449999999999996,33.29
2026-07-16 14:21:31.136,20068.2684993804,23.93128053057552,27.45,33.29166666666667
2026-07-16 14:21:31.236,20114.854475099542,23.93201944099439,27.449999999999996,33.3
2026-07-16 14:21:31.336,20105.50954897641,23.933100881796012,27.45,33.30128712871287
2026-07-16 14:21:31.436,20106.96017652484,23.934181595785347,27.449999999999996,33.31
2026-07-16 14:21:31.536,20085.9234823489,23.93479618587513,27.45,33.31107843137255
2026-07-16 14:21:31.636,20057.318290649153,23.935302634666687,27.449999999999996,33.32
2026-07-16 14:21:31.736,20069.39790440115,23.935777089871152,27.45,33.32
2026-07-16 14:21:31.836,20104.565851914715,23.93622096708189,27.45,33.320686274509804
2026-07-16 14:21:31.936,20072.10199714362,23.936592992897104,27.45,33.33
2026-07-16 14:21:32.036,20010.72427815459,23.936486388512908,27.45,33.33
2026-07-16 14:21:32.136,19980.649687221303,23.935962578096717,27.45,33.32999999999999
2026-07-16 14:21:32.236,19993.52334150527,23.935750646930956,27.45,33.32999999999999
2026-07-16 14:21:32.336,20017.515458207046,23.936156579330834,27.45,33.339801980198025
2026-07-16 14:21:32.436,20030.81073135931,23.937000030457465,27.449999999999996,33.34
2026-07-16 14:21:32.536,20029.098636277744,23.937702966564004,27.449999999999996,33.339999999999996
2026-07-16 14:21:32.636,20006.5473605245,23.937539793516418,27.45,33.34940594059407
2026-07-16 14:21:32.736,19977.624353968182,23.93694757094005,27.45,33.35
2026-07-16 14:21:32.836,19992.788918869814,23.936708839404407,27.45,33.35
2026-07-16 14:21:32.936,20037.65367608379,23.93710895607695,27.449999999999996,33.35900990099011
2026-07-16 14:21:33.036,20083.325848997396,23.937907583151592,27.450000000000003,33.36
2026-07-16 14:21:33.136,20106.28307512249,23.938604912557857,27.45,33.36871287128712
2026-07-16 14:21:33.236,20111.03194755725,23.938878919899903,27.44147058823529,33.37
2026-07-16 14:21:33.336,20027.53487684501,23.93820260146572,27.44,33.378415841584165
2026-07-16 14:21:33.436,20002.59732897665,23.938295700205227,27.439999999999998,33.379999999999995
2026-07-16 14:21:33.536,19999.74508517772,23.938577414487842,27.439999999999998,33.38
2026-07-16 14:21:33.636,20024.761357897092,23.938839776220902,27.439999999999998,33.3880198019802
2026-07-16 14:21:33.736,20077.5751781043,23.939084228131048,27.44,33.39
2026-07-16 14:21:33.836,20107.728493381037,23.939312119621103,27.44,33.397722772277234
2026-07-16 14:21:33.936,20080.929450274172,23.93952199351608,27.44,33.4
2026-07-16 14:21:34.036,19999.03760062461,23.93936919007303,27.44,33.40291545189504
2026-07-16 14:21:34.136,20038.55571541924,23.940226196478108,27.440000000000005,33.40680272108843
2026-07-16 14:21:34.236,20064.254946737816,23.940867456697493,27.44,33.410689990281824
2026-07-16 14:21:34.336,20030.554724097667,23.940674109961556,27.44,33.414577259475216
2026-07-16 14:21:34.436,20103.64243795611,23.940798334873676,27.44,33.41846452866861
2026-07-16 14:21:34.536,20014.01741507313,23.94050579946775,27.440000000000005,33.422351797862
2026-07-16 14:21:34.636,20030.111516513924,23.940609288110952,27.440000000000005,33.42623906705539
2026-07-16 14:21:34.736,20037.924321681625,23.940756210597687,27.44,33.43012633624878
2026-07-16 14:21:34.836,20051.138091189754,23.941097375338167,27.44,33.434013605442175
2026-07-16 14:21:34.936,20062.942898739802,23.941502573821882,27.440000000000005,33.437900874635574
2026-07-16 14:21:35.036,20040.150596090843,23.94156037527751,27.44,33.44
2026-07-16 14:21:35.136,20039.015828593325,23.94126286610396,27.44,33.444356435643556
2026-07-16 14:21:35.236,19896.833373507747,23.94061193531617,27.439999999999998,33.45
2026-07-16 14:21:35.336,19928.623935385778,23.939631588145282,27.4440594059406,33.454059405940605
2026-07-16 14:21:35.436,19938.430031135467,23.938277042000855,27.45,33.46
2026-07-16 14:21:35.536,19898.121289454477,23.936483601049044,27.450000000000003,33.46378640776699
2026-07-16 14:21:35.636,19896.28823445282,23.934263702900573,27.45,33.47
2026-07-16 14:21:35.736,19867.93015155532,23.931887034444916,27.449999999999996,33.47287128712871
2026-07-16 14:21:35.836,19839.16787540383,23.92876019285574,27.449999999999996,33.48
2026-07-16 14:21:35.936,19784.00730316693,23.9248570939169,27.450000000000003,33.47900184842884
2026-07-16 14:21:36.036,19776.657518812564,23.920615870041775,27.45,33.475304990757856
2026-07-16 14:21:36.136,19808.155927597218,23.916298379935345,27.450000000000003,33.471608133086875
2026-07-16 14:21:36.236,19839.803482014828,23.91204930916977,27.450000000000003,33.4679112754159
2026-07-16 14:21:36.336,19869.06937967081,23.90794971911821,27.45,33.46421441774491
2026-07-16 14:21:36.436,19822.024271118797,23.900898048465642,27.450000000000003,33.46051756007394
2026-07-16 14:21:36.536,19843.652986271823,23.893973150645802,27.45,33.45682070240296
2026-07-16 14:21:36.636,19875.813106301066,23.8874960699299,27.45,33.45312384473198
2026-07-16 14:21:36.736,19919.699461867323,23.882964608995138,27.45,33.449426987060995
2026-07-16 14:21:36.836,19967.788247171462,23.880397445747615,27.45,33.445730129390014
2026-07-16 14:21:36.936,19975.168456834916,23.877249255409446,27.45,33.44203327171904
2026-07-16 14:21:37.036,19978.41039000813,23.873500124341636,27.449999999999996,33.44
2026-07-16 14:21:37.136,20007.51402214146,23.871393215923742,27.45,33.43574257425742
2026-07-16 14:21:37.236,20004.569425318037,23.869018890642263,27.449999999999996,33.42588235294117
2026-07-16 14:21:37.336,20022.915388239257,23.867720516403747,27.45,33.416039603960385
2026-07-16 14:21:37.436,20066.650654376655,23.866925163994626,27.449999999999996,33.40613861386137
2026-07-16 14:21:37.536,20074.126850121505,23.864039953247712,27.450000000000003,33.39627450980392
2026-07-16 14:21:37.636,20079.192653750346,23.86142929779323,27.449999999999996,33.39
2026-07-16 14:21:37.736,20130.720978887402,23.860985106203678,27.45,33.38653465346535
2026-07-16 14:21:37.836,20082.467094235955,23.86012174463475,27.449999999999996,33.376666666666665
2026-07-16 14:21:37.936,20089.66778575925,23.86003868159927,27.449999999999996,33.37
2026-07-16 14:21:38.036,20159.993131870568,23.860812880498578,27.45,33.36705882352941
2026-07-16 14:21:38.136,20176.798196508786,23.86136951398995,27.449999999999996,33.35722772277227
2026-07-16 14:21:38.236,20123.375201321163,23.86117083124767,27.449999999999996,33.34735294117647
2026-07-16 14:21:38.336,20157.33412265195,23.861004098446575,27.45,33.34
2026-07-16 14:21:38.436,20118.18425607102,23.860858562595553,27.449999999999996,33.337722772277225
2026-07-16 14:21:38.536,20192.62998550733,23.861810077160797,27.45,33.327821782178226
2026-07-16 14:21:38.636,20300.43150934166,23.86355603868539,27.449999999999996,33.31854555141182
2026-07-16 14:21:38.736,20277.65990278465,23.86500146352072,27.45,33.31161960575386
2026-07-16 14:21:38.836,20163.204919456723,23.86526338222962,27.45,33.30469366009589
2026-07-16 14:21:38.936,20221.131611163506,23.86613056025203,27.449999999999996,33.29776771443793
2026-07-16 14:21:39.036,20174.28751863444,23.866932880181025,27.449999999999996,33.29084176877997
2026-07-16 14:21:39.136,20149.56549685386,23.86807972859605,27.449999999999996,33.283915823122
2026-07-16 14:21:39.236,18710.897909974563,23.869127182033328,27.449999999999996,33.27698987746403
2026-07-16 14:21:39.336,13103.957558065258,23.869429678896992,27.449999999999996,33.27006393180607
2026-07-16 14:21:39.436,1033.8294128968284,23.86877123783814,27.45,33.26313798614811
2026-07-16 14:21:39.536,4240.981220062312,23.86937056438844,27.449999999999996,33.25621204049014
2026-07-16 14:21:39.636,3703.782090930683,23.869917213293192,27.449999999999996,33.24928609483218
2026-07-16 14:21:39.736,12738.731104176068,23.870029397850963,27.449999999999996,33.24236014917421
2026-07-16 14:21:39.836,20269.362675333137,23.869932865124177,27.449999999999996,33.23543420351624
2026-07-16 14:21:39.936,20337.10051127828,23.869846611456303,27.449999999999996,33.22850825785827
2026-07-16 14:21:40.036,20302.797579522667,23.86976916996648,27.449999999999996,33.22158231220032
2026-07-16 14:21:40.136,20300.61212039493,23.8697000965174,27.449999999999996,33.21465636654235
2026-07-16 14:21:40.236,20281.825827910856,23.870055647881685,27.449999999999996,33.20773042088438
2026-07-16 14:21:40.336,20290.933861770252,23.870438386801673,27.45,33.20080447522642
2026-07-16 14:21:40.436,20340.110641430947,23.8710433332757,27.449999999999996,33.19387852956845
2026-07-16 14:21:40.536,20368.22741540223,23.87185729186258,27.45,33.186472945891786
2026-07-16 14:21:40.636,20305.362892521665,23.87265562355218,27.450000000000003,33.17845691382766
2026-07-16 14:21:40.736,20281.295967373873,23.87343199155943,27.450000000000003,33.170440881763525
2026-07-16 14:21:40.836,20261.929633278567,23.87369060054736,27.450000000000003,33.1624248496994
2026-07-16 14:21:40.936,20234.187620114833,23.873901794886603,27.450000000000003,33.15440881763527
2026-07-16 14:21:41.036,20226.651172271213,23.87436653616991,27.450000000000003,33.146392785571145
2026-07-16 14:21:41.136,20206.242006673878,23.874667579683145,27.45,33.13837675350702
2026-07-16 14:21:41.236,20138.682392211296,23.87443499118078,27.450000000000003,33.130360721442884
2026-07-16 14:21:41.336,20094.864222297827,23.874600053082652,27.450000000000003,33.12234468937876
2026-07-16 14:21:41.436,20055.881056882536,23.874312996364175,27.450000000000003,33.11432865731463
2026-07-16 14:21:41.536,20009.805641424704,23.874383682068462,27.449999999999996,33.11
2026-07-16 14:21:41.636,19990.674485127376,23.874803010332315,27.449999999999996,33.10558823529412
2026-07-16 14:21:41.736,19950.005084505006,23.87501771271515,27.45,33.09574257425743
2026-07-16 14:21:41.836,19887.04688184855,23.874907281645502,27.449999999999996,33.08588235294117
2026-07-16 14:21:41.936,19939.801521636004,23.875481302622394,27.45,33.08
2026-07-16 14:21:42.036,19893.664570910045,23.876035424773413,27.449999999999996,33.07613861386138
2026-07-16 14:21:42.136,19817.373879978848,23.876187149335784,27.449999999999996,33.06627450980392
2026-07-16 14:21:42.236,19850.154337576896,23.877089853431805,27.450000000000003,33.05643564356435
2026-07-16 14:21:42.336,19829.252645256365,23.877602022150036,27.45,33.05
2026-07-16 14:21:42.436,19720.000626777997,23.87739492012358,27.449999999999996,33.0466990291262
2026-07-16 14:21:42.536,19732.09237470637,23.877862705120652,27.449999999999996,33.03999999999999
2026-07-16 14:21:42.636,19654.9741456133,23.87785659332336,27.45,33.03705882352941
2026-07-16 14:21:42.736,19646.70831598698,23.879039772533815,27.449999999999996,33.02722772277228
2026-07-16 14:21:42.836,19594.76105681717,23.87938542721809,27.449999999999996,33.019999999999996
2026-07-16 14:21:42.936,19525.17434861818,23.879542939973902,27.450000000000003,33.01752475247524
2026-07-16 14:21:43.036,19460.1457031326,23.879934381681878,27.45,33.007623762376234
2026-07-16 14:21:43.136,19392.35467499448,23.88013631186202,27.449999999999996,33.0
2026-07-16 14:21:43.236,19316.79611853808,23.879107424952142,27.449999999999996,32.99784313725489
2026-07-16 14:21:43.336,19252.379507588343,23.879881161829807,27.45,32.98801980198019
2026-07-16 14:21:43.436,19273.33073221895,23.880023848043628,27.450000000000003,32.98
2026-07-16 14:21:43.536,19239.012759547062,23.880174690799848,27.449999999999996,32.976666666666674
2026-07-16 14:21:43.636,19170.950550375237,23.88054427341206,27.45,32.959999999999994
2026-07-16 14:21:43.736,19138.853560749216,23.88081172588385,27.449999999999996,32.958613861386134
2026-07-16 14:21:43.836,18958.945566376555,23.880659113414804,27.448725490196068,32.94872549019607
2026-07-16 14:21:43.936,18960.675187307384,23.87965412439857,27.439999999999998,32.94
2026-07-16 14:21:44.036,18937.271611392767,23.879365052722243,27.44,32.9390099009901
2026-07-16 14:21:44.136,18902.911114537925,23.879284820555952,27.439999999999998,32.92911764705882
2026-07-16 14:21:44.236,18911.854341007176,23.8792113216143,27.439999999999998,32.91930693069306
2026-07-16 14:21:44.336,18934.642227413653,23.87914380500723,27.439999999999998,32.90940594059404
2026-07-16 14:21:44.436,18760.261103054174,23.879074070444922,27.440000000000005,32.89950980392156
2026-07-16 14:21:44.536,18766.093540373447,23.878626585445375,27.439999999999998,32.88970297029704
2026-07-16 14:21:44.636,18723.38355355582,23.878521119895474,27.44,32.88
2026-07-16 14:21:44.736,18668.177777518253,23.878247610199296,27.44,32.88
2026-07-16 14:21:44.836,18642.588449263094,23.878015485633895,27.44,32.87009900990099
2026-07-16 14:21:44.936,18658.872532852394,23.878004221594086,27.439999999999998,32.86029411764705
2026-07-16 14:21:45.036,18676.554063745265,23.87799380807972,27.439999999999998,32.85039603960396
2026-07-16 14:21:45.136,18570.35074257496,23.877984258716474,27.44,32.85
2026-07-16 14:21:45.236,18579.79026464378,23.878280200314776,27.439999999999998,32.8406862745098
2026-07-16 14:21:45.336,18570.52177553663,23.878844686141676,27.44,32.83079207920791
2026-07-16 14:21:45.436,18550.212206990414,23.879519270753327,27.44,32.83
2026-07-16 14:21:45.536,18514.686978443075,23.87985452114506,27.44,32.82107843137254
2026-07-16 14:21:45.636,18435.0320353695,23.879425242997588,27.44,32.81118811881188
2026-07-16 14:21:45.736,18397.78517973168,23.879354563149477,27.44,32.81
2026-07-16 14:21:45.836,18428.483692180744,23.879646049209654,27.439999999999998,32.80148514851484
2026-07-16 14:21:45.936,18345.555862506782,23.87940619551423,27.44,32.79158415841584
2026-07-16 14:21:46.036,18307.6446452316,23.879375386731212,27.439999999999998,32.78999999999999
2026-07-16 14:21:46.136,18316.69352675864,23.87970627571607,27.439999999999998,32.78188118811881
2026-07-16 14:21:46.236,18264.55700365336,23.879963677701127,27.439999999999998,32.772058823529406
2026-07-16 14:21:46.336,18207.678404530947,23.87987231092265,27.44,32.77
2026-07-16 14:21:46.436,18172.341868085154,23.88015519779355,27.44,32.76227722772276
2026-07-16 14:21:46.536,18126.24308004171,23.880148322371628,27.44,32.76
2026-07-16 14:21:46.636,18144.209128828363,23.880054827905663,27.44,32.752647058823534
2026-07-16 14:21:46.736,18156.804895638154,23.879833795717797,27.439999999999998,32.7428431372549
2026-07-16 14:21:46.836,18088.935140556576,23.879408439898203,27.439999999999998,32.739999999999995
2026-07-16 14:21:46.936,18043.568956588686,23.878988426179475,27.446831683168327,32.73316831683167
2026-07-16 14:21:47.036,18055.029019736055,23.878215188878197,27.449999999999996,32.72333333333333
2026-07-16 14:21:47.136,18030.1977711656,23.877748292197236,27.45,32.72
2026-07-16 14:21:47.236,18002.160637970155,23.877361562285643,27.449999999999996,32.71356435643563
2026-07-16 14:21:47.336,17993.354881956475,23.876988618806507,27.450000000000003,32.70372549019608
2026-07-16 14:21:47.436,17991.167795543246,23.876629722690144,27.449999999999996,32.7
2026-07-16 14:21:47.536,17945.820746196114,23.87628501683643,27.45,32.693960396039614
2026-07-16 14:21:47.636,17954.164999852295,23.875956981945862,27.449999999999996,32.68411764705883
2026-07-16 14:21:47.736,17963.010043957685,23.875976344976642,27.45,32.66851485148514
2026-07-16 14:21:47.836,17993.531077874264,23.87630815888115,27.449999999999996,32.66
2026-07-16 14:21:47.936,18003.82393842798,23.876760492386687,27.449999999999996,32.654554455445535
2026-07-16 14:21:48.036,17973.129589174005,23.876863754546456,27.45,32.644653465346536
2026-07-16 14:21:48.136,17931.608918279384,23.87622944407042,27.45,32.634803921568626
2026-07-16 14:21:48.236,17954.114271108305,23.876722165091945,27.449999999999996,32.629999999999995
2026-07-16 14:21:48.336,17884.664611054846,23.876055893967067,27.45,32.62509803921568
2026-07-16 14:21:48.436,17885.356932849736,23.87589205439154,27.449999999999996,32.61524752475246
2026-07-16 14:21:48.536,17877.278451842205,23.875760846866022,27.45,32.61
2026-07-16 14:21:48.636,17837.727095312228,23.87529532644647,27.45,32.605490196078435
2026-07-16 14:21:48.736,17813.487737942436,23.874683834169982,27.45,32.595643564356436
2026-07-16 14:21:48.836,17805.206403587228,23.874825983926755,27.449999999999996,32.59
2026-07-16 14:21:48.936,17775.45252446257,23.874956276216636,27.449999999999996,32.5859405940594
2026-07-16 14:21:49.036,17731.38514641393,23.874775330537272,27.449999999999996,32.58
2026-07-16 14:21:49.136,17753.066484010124,23.874504450251344,27.449999999999996,32.57617647058824
2026-07-16 14:21:49.236,17761.515075024254,23.874247456561797,27.45,32.56633663366337
2026-07-16 14:21:49.336,17690.917663990702,23.874003764596473,27.450000000000003,32.55643564356435
2026-07-16 14:21:49.436,17766.878407056116,23.873772898685957,27.449999999999996,32.55
2026-07-16 14:21:49.536,17700.154035663683,23.873556668382893,27.45,32.54673267326732
2026-07-16 14:21:49.636,17695.35600153681,23.873351621688148,27.45,32.53686274509804
2026-07-16 14:21:49.736,17722.844198025185,23.873380110042817,27.45,32.527058823529416
2026-07-16 14:21:49.836,17689.362223303757,23.873094624843283,27.449999999999996,32.519999999999996
2026-07-16 14:21:49.936,17583.424630718633,23.872159748015463,27.449999999999996,32.51735294117647
2026-07-16 14:21:50.036,17570.244548656865,23.871194109221975,27.447524752475246,32.50752475247525
2026-07-16 14:21:50.136,17595.094581204936,23.870203881161796,27.44,32.5
2026-07-16 14:21:50.236,17632.53058596516,23.869985498186338,27.44,32.497821782178214
2026-07-16 14:21:50.336,17653.654903686926,23.870195765226015,27.44,32.4879207920792
2026-07-16 14:21:50.436,17634.797844517736,23.870146725985904,27.439999999999998,32.47999999999999
2026-07-16 14:21:50.536,17592.37572647476,23.869627354690678,27.44,32.478217821782174
2026-07-16 14:21:50.636,17574.340258985056,23.869054648058373,27.439999999999998,32.46666666666666
2026-07-16 14:21:50.736,17487.576067645874,23.867685525399708,27.439999999999998,32.45
2026-07-16 14:21:50.836,17453.660620247792,23.866259700636792,27.44,32.44871287128713
2026-07-16 14:21:50.936,17551.038091608418,23.865932954666906,27.439999999999998,32.43881188118811
2026-07-16 14:21:51.036,17601.397820744336,23.865553881655025,27.44,32.42892156862745
2026-07-16 14:21:51.136,17568.960975006397,23.86467158159381,27.439999999999998,32.41910891089109
2026-07-16 14:21:51.236,17571.065598082354,23.86401808627046,27.439999999999998,32.41
2026-07-16 14:21:51.336,17587.85999746738,23.864805638262073,27.44,32.409313725490186
2026-07-16 14:21:51.436,17554.727484328298,23.865551336016345,27.44049504950496,32.399504950495036
2026-07-16 14:21:51.536,17602.350837591428,23.866676162133295,27.450000000000003,32.39
2026-07-16 14:21:51.636,17592.363600075867,23.8669614424044,27.45,32.38980198019802
2026-07-16 14:21:51.736,17587.211259473443,23.867086780660646,27.45,32.38
2026-07-16 14:21:51.836,17674.380281127927,23.8679188392087,27.45,32.38
2026-07-16 14:21:51.936,17561.0213230495,23.866758798485574,27.45,32.370198019801975
2026-07-16 14:21:52.036,17519.845361408818,23.86684301831165,27.45,32.360392156862744
2026-07-16 14:21:52.136,17548.47618054179,23.866942742059223,27.45,32.36
2026-07-16 14:21:52.236,17543.84897197076,23.866711115896415,27.449999999999996,32.3506862745098
2026-07-16 14:21:52.336,17474.18843894702,23.86605938730501,27.45,32.340792079207915
2026-07-16 14:21:52.436,17382.792403367857,23.86512478948061,27.45,32.34
2026-07-16 14:21:52.536,17373.506899851924,23.864232183281036,27.450000000000003,32.331165048543696
2026-07-16 14:21:52.636,17362.15991244269,23.863924623931783,27.45,32.321287128712875
2026-07-16 14:21:52.736,17427.360104831474,23.863643663732105,27.449999999999996,32.32
2026-07-16 14:21:52.836,17397.475830195563,23.863385939463853,27.45,32.31158415841584
2026-07-16 14:21:52.936,17406.213729528234,23.86337270650707,27.449999999999996,32.30176470588234
2026-07-16 14:21:53.036,17486.95105275383,23.863640106102377,27.449999999999996,32.3
2026-07-16 14:21:53.136,17422.10851329697,23.8638246021463,27.449999999999996,32.2920588235294
2026-07-16 14:21:53.236,17374.32858329863,23.863115951287117,27.45,32.28217821782177
2026-07-16 14:21:53.336,17447.17275818344,23.863680084554595,27.45,32.27235294117647
2026-07-16 14:21:53.436,17441.008982738993,23.863403436723758,27.449999999999996,32.27
2026-07-16 14:21:53.536,17426.845341884084,23.862920698349477,27.449999999999996,32.26264705882353
2026-07-16 14:21:53.636,17417.53918046134,23.86242125212646,27.449999999999996,32.25277227722772
2026-07-16 14:21:53.736,17351.01690062865,23.861435685805347,27.45,32.25
2026-07-16 14:21:53.836,17418.260792265777,23.861820656751043,27.449999999999996,32.24313725490195
2026-07-16 14:21:53.936,17395.269055408953,23.861711204239505,27.45,32.23326732673266
2026-07-16 14:21:54.036,17366.28713658801,23.86157070733919,27.449999999999996,32.23
2026-07-16 14:21:54.136,17363.015892486932,23.86169043300668,27.449999999999996,32.2235294117647
2026-07-16 14:21:54.236,17399.754969853122,23.86217538852831,27.449999999999996,32.21366336633662
2026-07-16 14:21:54.336,17446.79773559379,23.862931423657518,27.449999999999996,32.20376237623762
2026-07-16 14:21:54.436,17361.22350010088,23.863671429018552,27.449999999999996,32.199999999999996
2026-07-16 14:21:54.536,17363.185825557444,23.863000678670204,27.449999999999996,32.18857142857144
2026-07-16 14:21:54.636,17355.506167464722,23.862682762562088,27.45,32.18
2026-07-16 14:21:54.736,17398.494871607425,23.862770591347726,27.45,32.174705882352946
2026-07-16 14:21:54.836,17403.638825762973,23.86287360348618,27.449999999999996,32.16485148514851
2026-07-16 14:21:54.936,17316.842761210803,23.862683685127113,27.449999999999996,32.15499999999999
2026-07-16 14:21:55.036,17339.34160003257,23.862515767824924,27.449999999999996,32.14999999999999
2026-07-16 14:21:55.136,17381.687058418032,23.863212438941616,27.45,32.14524752475248
2026-07-16 14:21:55.236,17323.54017957868,23.863170955288943,27.449999999999996,32.14
2026-07-16 14:21:55.336,17272.90930400683,23.862976313390185,27.449999999999996,32.135544554455436
2026-07-16 14:21:55.436,17262.269614234196,23.862978947049463,27.449999999999996,32.12568627450979
2026-07-16 14:21:55.536,17289.84584895593,23.863122648390267,27.45,32.12
2026-07-16 14:21:55.636,17338.96233638799,23.862897452938405,27.450000000000003,32.11598039215686
2026-07-16 14:21:55.736,17255.415404783085,23.861921709130968,27.449999999999996,32.10613861386139
2026-07-16 14:21:55.836,17221.884568404246,23.860924360941265,27.449999999999996,32.1
2026-07-16 14:21:55.936,17243.2772413438,23.86022957007508,27.449999999999996,32.096470588235285
2026-07-16 14:21:56.036,17276.923317348457,23.85992366525148,27.449999999999996,32.086633663366335
2026-07-16 14:21:56.136,17268.758867113123,23.85974905740101,27.449999999999996,32.07676470588235
2026-07-16 14:21:56.236,17201.624387625834,23.859307802737103,27.45,32.07
2026-07-16 14:21:56.336,17274.810193490604,23.859292882921693,27.449999999999996,32.06702970297029
2026-07-16 14:21:56.436,17279.223872532377,23.859279382750277,27.450000000000003,32.05715686274509
2026-07-16 14:21:56.536,17254.56349997355,23.859266981972056,27.45,32.05
2026-07-16 14:21:56.636,17253.455488296393,23.85925555982751,27.447450980392162,32.047450980392156
2026-07-16 14:21:56.736,17296.99269041925,23.85936772145552,27.439999999999998,32.037623762376235
2026-07-16 14:21:56.836,17360.134219444575,23.859723631604353,27.44,32.03
2026-07-16 14:21:56.936,17356.163553010552,23.86006778628393,27.44,32.0279207920792
2026-07-16 14:21:57.036,17304.532656885374,23.860043651175094,27.439999999999998,32.0180198019802
2026-07-16 14:21:57.136,17285.41750878032,23.86027599529563,27.44,32.00813725490195
2026-07-16 14:21:57.236,17296.043776416584,23.86058780924737,27.44,31.998333333333328
2026-07-16 14:21:57.336,17281.48506988828,23.860616001994863,27.44148514851486,31.98851485148514
2026-07-16 14:21:57.436,17220.748668559907,23.860257708804095,27.450000000000003,31.98
2026-07-16 14:21:57.536,17240.76674498362,23.860208146509414,27.45,31.97872549019608
2026-07-16 14:21:57.636,17218.300736235346,23.85980903810866,27.45,31.96892156862745
2026-07-16 14:21:57.736,17227.867089050946,23.859708160726825,27.449108910891084,31.959999999999997
2026-07-16 14:21:57.836,17218.166042235025,23.85968145502254,27.439999999999998,31.959207920792075
2026-07-16 14:21:57.936,17199.66212447001,23.85965652136737,27.44068627450981,31.94931372549019
2026-07-16 14:21:58.036,17210.945543790036,23.859780620984065,27.45,31.939504950495053
2026-07-16 14:21:58.136,17276.708118803217,23.86035545542274,27.45,31.929607843137255
2026-07-16 14:21:58.236,17175.41959960724,23.859962547587227,27.45,31.92
2026-07-16 14:21:58.336,17196.309927938557,23.860172016448015,27.449999999999996,31.919900990099002
2026-07-16 14:21:58.436,17215.447872591645,23.860016814794278,27.45,31.90999999999999
2026-07-16 14:21:58.536,17215.073796319106,23.859788979487117,27.450000000000003,31.900196078431378
2026-07-16 14:21:58.636,17215.939420177965,23.859758965015065,27.449999999999996,31.899999999999995
2026-07-16 14:21:58.736,17237.033825171424,23.85973096304754,27.449999999999996,31.890490196078428
2026-07-16 14:21:58.836,17204.40816678979,23.85970499958594,27.45,31.880594059405936
2026-07-16 14:21:58.936,17180.162298683586,23.859394330063587,27.45,31.88
2026-07-16 14:21:59.036,17186.803186371926,23.85928452311221,27.449999999999996,31.870882352941177
2026-07-16 14:21:59.136,17166.895537550306,23.85927463609004,27.450000000000003,31.8609900990099
2026-07-16 14:21:59.236,17162.00919776399,23.859362421438227,27.45,31.86
2026-07-16 14:21:59.336,17244.099117315676,23.85961624258661,27.45,31.851274509803915
2026-07-16 14:21:59.436,17160.28229388396,23.859595898216416,27.449999999999996,31.84138613861385
2026-07-16 14:21:59.536,17206.35707859285,23.85957691101249,27.45,31.839999999999996
2026-07-16 14:21:59.636,17179.50902627352,23.859343834464177,27.45,31.831666666666667
2026-07-16 14:21:59.736,17179.99109403827,23.859368100325625,27.45,31.82186274509804
2026-07-16 14:21:59.836,17198.352638692002,23.85954481328676,27.449999999999996,31.811980198019796
2026-07-16 14:21:59.936,17176.516716983457,23.85947704234106,27.450000000000003,31.81
2026-07-16 14:22:00.036,17179.97802989793,23.85917038174546,27.449999999999996,31.802277227722772
2026-07-16 14:22:00.136,17175.351003205258,23.859159659922287,27.45,31.79237623762376
2026-07-16 14:22:00.236,17131.4085185761,23.858701263559105,27.45,31.782549019607842
2026-07-16 14:22:00.336,17119.9820502839,23.85848027681805,27.45,31.78
2026-07-16 14:22:00.436,17133.67041229036,23.85837508647393,27.45,31.772772277227713
2026-07-16 14:22:00.536,17129.46926428657,23.857964226093152,27.45,31.762941176470587
2026-07-16 14:22:00.636,17082.150299766643,23.857106109295476,27.449999999999996,31.759999999999998
2026-07-16 14:22:00.736,17151.45105737426,23.856834305454058,27.450000000000003,31.753235294117644
2026-07-16 14:22:00.836,17138.796772232916,23.856855682272606,27.449999999999996,31.743366336633663
2026-07-16 14:22:00.936,17174.83981309441,23.857352498126275,27.449999999999996,31.739999999999995
2026-07-16 14:22:01.036,17191.334251661443,23.857609708843384,27.45,31.733663366336636
2026-07-16 14:22:01.136,17139.82852593189,23.85720924606979,27.45,31.723762376237623
2026-07-16 14:22:01.236,17094.577535611294,23.85658029645532,27.449999999999996,31.72
2026-07-16 14:22:01.336,17177.582905891875,23.85629771159216,27.449999999999996,31.714059405940585
2026-07-16 14:22:01.436,17177.989777128863,23.85669011235572,27.449999999999996,31.704158415841572
2026-07-16 14:22:01.536,17190.671735425047,23.857166544203167,27.449999999999996,31.69431372549019
2026-07-16 14:22:01.636,17227.592459407413,23.857632324966175,27.449999999999996,31.69
2026-07-16 14:22:01.736,17246.38426890011,23.858086182118154,27.45,31.684607843137254
2026-07-16 14:22:01.836,17193.212540811583,23.858480452620302,27.45,31.674752475247526
2026-07-16 14:22:01.936,17140.842553954477,23.858502416821583,27.449999999999996,31.67
2026-07-16 14:22:02.036,17038.149005004223,23.857810235092074,27.449999999999996,31.6650495049505
2026-07-16 14:22:02.136,17103.614895340997,23.857653570256883,27.449999999999996,31.655148514851483
2026-07-16 14:22:02.236,17175.660753794706,23.85771020290312,27.45,31.645294117647055
2026-07-16 14:22:02.336,17174.193176888013,23.85763093537111,27.45,31.64
2026-07-16 14:22:02.436,17123.48933237968,23.85730721035223,27.449999999999996,31.635544554455436
2026-07-16 14:22:02.536,17067.678166854814,23.856995985861996,27.450000000000003,31.625925925925934
2026-07-16 14:22:02.636,17106.96561260468,23.857427607143478,27.449999999999996,31.619999999999997
2026-07-16 14:22:02.736,17096.371581255244,23.85757507161823,27.45,31.616568627450985
2026-07-16 14:22:02.836,17087.256321363675,23.85763143920387,27.446732673267327,31.606732673267324
2026-07-16 14:22:02.936,17107.44781529637,23.857824592629385,27.439999999999998,31.6
2026-07-16 14:22:03.036,17150.64559479559,23.858153951919626,27.439999999999998,31.59696078431373
2026-07-16 14:22:03.136,17177.947559396252,23.85819082967215,27.439999999999998,31.587128712871284
2026-07-16 14:22:03.236,17147.92076690375,23.858568856624927,27.439999999999998,31.57722772277227
2026-07-16 14:22:03.336,17081.783808070493,23.858064830951783,27.439999999999998,31.567352941176466
2026-07-16 14:22:03.436,17100.41650452239,23.85783792246974,27.44,31.560000000000002
2026-07-16 14:22:03.536,17152.244084993446,23.858042540728633,27.44,31.55764705882353
2026-07-16 14:22:03.636,17151.646197074835,23.858353361735478,27.44,31.54782178217821
2026-07-16 14:22:03.736,17079.20583960061,23.85837836719599,27.439999999999998,31.537941176470582
2026-07-16 14:22:03.836,17101.189621841535,23.858401359727182,27.439999999999998,31.529999999999998
2026-07-16 14:22:03.936,17103.56176912135,23.858422724994696,27.439999999999998,31.528235294117643
2026-07-16 14:22:04.036,17065.847015585365,23.858222062859745,27.439999999999998,31.51843137254902
2026-07-16 14:22:04.136,17050.9919154677,23.857919143304244,27.44,31.50862745098039
2026-07-16 14:22:04.236,17068.421993975448,23.857721563469347,27.439999999999998,31.49881188118811
2026-07-16 14:22:04.336,17080.17807309456,23.85793011873106,27.439999999999998,31.49
2026-07-16 14:22:04.436,17277.78775088837,23.859578971396697,27.44,31.489009900990087
2026-07-16 14:22:04.536,17393.207346595977,23.864046241945278,27.44,31.48
2026-07-16 14:22:04.636,17464.096611627006,23.872258208441977,27.439999999999998,31.479313725490197
2026-07-16 14:22:04.736,17539.55455290457,23.886120109797993,27.44,31.46950495049505
2026-07-16 14:22:04.836,17546.839552725978,23.90222621137682,27.44,31.459607843137253
2026-07-16 14:22:04.936,17409.930344940218,23.914997807403168,27.439999999999998,31.44980198019801
2026-07-16 14:22:05.036,17405.26678695558,23.926550556183503,27.44,31.44
2026-07-16 14:22:05.136,17410.94872170794,23.9340059852715,27.439999999999998,31.439999999999998
2026-07-16 14:22:05.236,17318.051183027652,23.932777852417686,27.44,31.430196078431365
2026-07-16 14:22:05.336,17192.920702890293,23.92588060817645,27.439999999999998,31.420297029702965
2026-07-16 14:22:05.436,17055.135691021307,23.916657862245756,27.439999999999998,31.419999999999998
2026-07-16 14:22:05.536,16882.845116856402,23.907014318186867,27.44,31.410594059405938
2026-07-16 14:22:05.636,16642.725770036697,23.895957525441286,27.439999999999998,31.400693069306925
2026-07-16 14:22:05.736,16527.71364960206,23.8868852805867,27.44,31.400000000000002
2026-07-16 14:22:05.836,16419.617908415636,23.87807896255706,27.44,31.3909900990099
2026-07-16 14:22:05.936,16497.308050453987,23.870626781304516,27.439999999999998,31.381176470588226
2026-07-16 14:22:06.036,16606.89384781452,23.864727303594655,27.44,31.371287128712872
2026-07-16 14:22:06.136,16624.219739328506,23.86090912805954,27.439999999999998,31.369999999999997
2026-07-16 14:22:06.236,16703.38982274147,23.860515543255495,27.44,31.361584158415837
2026-07-16 14:22:06.336,16810.851667300514,23.858935252818487,27.44,31.351683168316825
2026-07-16 14:22:06.436,16875.31919788375,23.85562545586743,27.439999999999998,31.341862745098027
2026-07-16 14:22:06.536,16941.50893511451,23.853989066617935,27.439999999999998,31.339999999999996
2026-07-16 14:22:06.636,16995.85360530445,23.852923987555467,27.44085197018105,31.33488817891374
2026-07-16 14:22:06.736,17014.588987486877,23.85116647802893,27.44191693290735,31.32849840255591
2026-07-16 14:22:06.836,16995.638091646684,23.849007769530356,27.442981895633658,31.322108626198084
2026-07-16 14:22:06.936,17040.73992585654,23.848041424944544,27.44404685835996,31.315718849840252
2026-07-16 14:22:07.036,16987.295541604515,23.844719090912914,27.445111821086268,31.309329073482438
2026-07-16 14:22:07.136,16980.05826338746,23.841966846368276,27.446176783812568,31.302939297124606
2026-07-16 14:22:07.236,16971.359024366346,23.840253460336545,27.44724174653888,31.296549520766778
2026-07-16 14:22:07.336,16958.48652600321,23.83925177109493,27.448306709265175,31.29015974440895
2026-07-16 14:22:07.436,16986.609616070753,23.8382811564693,27.449371671991486,31.28376996805112
2026-07-16 14:22:07.536,17012.81838721492,23.836659205259014,27.45,31.275980392156868
2026-07-16 14:22:07.636,17011.503043254932,23.836865830713204,27.449999999999996,31.269999999999996
2026-07-16 14:22:07.736,17026.198089474077,23.83714234454803,27.449999999999996,31.266274509803917
2026-07-16 14:22:07.836,17024.72036705842,23.836551279944437,27.450000000000003,31.256435643564352
2026-07-16 14:22:07.936,17002.550365977015,23.83533185295309,27.45,31.25
2026-07-16 14:22:08.036,16997.63674323582,23.83434072436288,27.449999999999996,31.246666666666663
2026-07-16 14:22:08.136,17099.29659074368,23.83406084492263,27.449999999999996,31.23683168316831
2026-07-16 14:22:08.236,17055.2521482871,23.8331331059706,27.45,31.2269306930693
2026-07-16 14:22:08.336,17023.775038865446,23.832267757818123,27.45,31.217058823529406
2026-07-16 14:22:08.436,17041.776193975824,23.832276629528543,27.449999999999996,31.207227722772274
2026-07-16 14:22:08.536,17059.712952867412,23.832289156494575,27.449999999999996,31.197352941176472
2026-07-16 14:22:08.636,17023.92268219271,23.83138537591403,27.45,31.189999999999998
2026-07-16 14:22:08.736,16951.87407047008,23.830056674129562,27.449999999999996,31.187722772277226
2026-07-16 14:22:08.836,16947.328679686798,23.82879352365554,27.45,31.17782178217821
2026-07-16 14:22:08.936,17052.352084321767,23.829268474861404,27.45,31.16794117647058
2026-07-16 14:22:09.036,17065.194896281042,23.829172799927257,27.449999999999996,31.159999999999997
2026-07-16 14:22:09.136,17046.5692534893,23.82919775054682,27.45,31.158235294117638
2026-07-16 14:22:09.236,17067.646585455346,23.829930827625933,27.449999999999996,31.148415841584146
2026-07-16 14:22:09.336,17093.563558419508,23.83051556170616,27.45,31.138529411764697
2026-07-16 14:22:09.436,17041.01789606386,23.82990021662489,27.448749999999997,31.128749999999997
2026-07-16 14:22:09.536,17036.329316582553,23.830402953299682,27.439999999999998,31.119108910891086
2026-07-16 14:22:09.636,17087.556908205057,23.831423521040318,27.439999999999998,31.109999999999996
2026-07-16 14:22:09.736,17126.191195491094,23.832274812374123,27.44,31.109313725490193
2026-07-16 14:22:09.836,17114.809238049864,23.832408147687538,27.44,31.09950495049505
2026-07-16 14:22:09.936,17066.92809336196,23.831762261360605,27.44,31.09
2026-07-16 14:22:10.036,17005.146544237396,23.831700080075855,27.44,31.089801980198025
2026-07-16 14:22:10.136,17031.58144397512,23.831121431475108,27.44,31.08
2026-07-16 14:22:10.236,17015.816353491744,23.830950634418272,27.439999999999998,31.079999999999995
2026-07-16 14:22:10.336,17029.449587278938,23.831495756589312,27.44,31.07019607843137
2026-07-16 14:22:10.436,17072.428298968178,23.832304499332437,27.439999999999998,31.06029702970296
2026-07-16 14:22:10.536,17084.411578209685,23.83274438758194,27.439999999999998,31.059999999999995
2026-07-16 14:22:10.636,17028.276923488284,23.833152254034964,27.44,31.050594059405938
2026-07-16 14:22:10.736,17002.915312193378,23.833526013421707,27.44,31.049999999999997
2026-07-16 14:22:10.836,16976.662664863616,23.833090092196016,27.44,31.0408910891089
2026-07-16 14:22:10.936,16998.82475587764,23.832448822844455,27.44,31.030990099009887
2026-07-16 14:22:11.036,17030.908001812513,23.832044378035818,27.44,31.03
2026-07-16 14:22:11.136,17032.956421624804,23.831976225665805,27.44,31.02128712871287
2026-07-16 14:22:11.236,17058.23119277096,23.8319219443902,27.44,31.01138613861386
2026-07-16 14:22:11.336,17058.286742331606,23.83231451573973,27.439999999999998,31.009999999999998
2026-07-16 14:22:11.436,16970.137775897118,23.831937062882176,27.44,31.001683168316827
2026-07-16 14:22:11.536,16964.866868707853,23.831709997162953,27.44,30.991782178217825
2026-07-16 14:22:11.636,17005.040330801905,23.831854195396215,27.439999999999998,30.98196078431372
2026-07-16 14:22:11.736,17022.01576954088,23.832232331588354,27.44,30.97215686274509
2026-07-16 14:22:11.836,17022.62202734065,23.832592052492934,27.44,30.962277227722765
2026-07-16 14:22:11.936,17082.660043854925,23.83293098333141,27.439999999999998,30.96
2026-07-16 14:22:12.036,17069.76529137366,23.83288894887621,27.439999999999998,30.952549019607847
2026-07-16 14:22:12.136,17026.050599602877,23.832512202217274,27.439999999999998,30.942673267326736
2026-07-16 14:22:12.236,17010.93432196626,23.832220172320294,27.439999999999998,30.9328431372549
2026-07-16 14:22:12.336,17004.750639374026,23.83192008442569,27.439999999999998,30.93
2026-07-16 14:22:12.436,16941.611582880752,23.831105337882708,27.446930693069305,30.923069306930685
2026-07-16 14:22:12.536,17018.948291453587,23.830653276953015,27.449999999999996,30.913235294117648
2026-07-16 14:22:12.636,17003.25638183569,23.830221147132402,27.449999999999996,30.909999999999997
2026-07-16 14:22:12.736,17008.719584209015,23.830427856992458,27.449999999999996,30.903529411764698
2026-07-16 14:22:12.836,17018.705669849678,23.83086641282589,27.449999999999996,30.893663366336625
2026-07-16 14:22:12.936,17011.614981042898,23.831142681020715,27.450000000000003,30.883823529411764
2026-07-16 14:22:13.036,16987.95656669652,23.83106297145204,27.45,30.879999999999995
2026-07-16 14:22:13.136,16990.94871914138,23.83062835351691,27.449999999999996,30.874117647058824
2026-07-16 14:22:13.236,17086.194849335418,23.83140171759318,27.45,30.864257425742572
2026-07-16 14:22:13.336,17050.6303375859,23.831564432711026,27.45,30.86
2026-07-16 14:22:13.436,17064.347618216525,23.831763575721695,27.45,30.854509803921566
2026-07-16 14:22:13.536,17083.760371531924,23.83180884007247,27.45,30.85
2026-07-16 14:22:13.636,17022.572876817645,23.83133483706078,27.45,30.844752475247525
2026-07-16 14:22:13.736,17027.02136400737,23.830878109166218,27.449999999999996,30.834901960784308
2026-07-16 14:22:13.836,16993.76070807245,23.830873382154955,27.449999999999996,30.829999999999995
2026-07-16 14:22:13.936,17006.82709417816,23.831188834652973,27.449999999999996,30.82519607843136
2026-07-16 14:22:14.036,17018.740292382114,23.831321594992055,27.45,30.815346534653465
2026-07-16 14:22:14.136,17051.123325292472,23.831626489237742,27.45,30.805445544554452
2026-07-16 14:22:14.236,17073.870306081422,23.832176357372877,27.45,30.8
2026-07-16 14:22:14.336,16955.66202631124,23.832096622360087,27.45,30.795742574257424
2026-07-16 14:22:14.436,16980.522505421355,23.831641801791733,27.45,30.785841584158412
2026-07-16 14:22:14.536,16987.66341407136,23.831547631645524,27.45,30.78
2026-07-16 14:22:14.636,17021.606321719413,23.831515969626818,27.449999999999996,30.776138613861388
2026-07-16 14:22:14.736,17070.736496742076,23.831828391523892,27.449999999999996,30.766274509803917
2026-07-16 14:22:14.836,17091.432105792333,23.832414098298045,27.450000000000003,30.76
2026-07-16 14:22:14.936,17041.673016149925,23.832726843180826,27.45,30.756534653465337
2026-07-16 14:22:15.036,17013.231791240745,23.833025085518543,27.449999999999996,30.746666666666666
2026-07-16 14:22:15.136,17015.194329858332,23.832971565769085,27.449999999999996,30.736831683168308
2026-07-16 14:22:15.236,16975.956189209108,23.832884509773812,27.450000000000003,30.726960784313725
2026-07-16 14:22:15.336,16977.41070799346,23.83280298275062,27.449999999999996,30.717128712871286
2026-07-16 14:22:15.436,17029.876053044733,23.832837806855952,27.449999999999996,30.71
2026-07-16 14:22:15.536,17065.0485263113,23.833103563997433,27.45,30.70754901960784
2026-07-16 14:22:15.636,17038.72820038453,23.833359225840237,27.45,30.69774509803921
2026-07-16 14:22:15.736,16993.230176769393,23.832948737793405,27.450000000000003,30.689999999999998
2026-07-16 14:22:15.836,16975.56642924204,23.83304271118614,27.449999999999996,30.688118811881186
2026-07-16 14:22:15.936,16977.11608185878,23.833110700662395,27.45,30.67823529411764
2026-07-16 14:22:16.036,16997.572247031276,23.833277575049895,27.45,30.668415841584164
2026-07-16 14:22:16.136,17035.373983833277,23.833878730348356,27.449999999999996,30.658529411764704
2026-07-16 14:22:16.236,17065.106380760193,23.83448321826207,27.45,30.65
2026-07-16 14:22:16.336,17062.827706174532,23.835086572093054,27.449999999999996,30.64881188118811
2026-07-16 14:22:16.436,17060.7337223331,23.835685028264976,27.449999999999996,30.63892156862744
2026-07-16 14:22:16.536,17017.8817400137,23.83578473564102,27.449999999999996,30.629999999999995
2026-07-16 14:22:16.636,16995.798558653358,23.835899071009894,27.45,30.629215686274506
2026-07-16 14:22:16.736,17038.038325183777,23.836389438461275,27.45,30.61940594059406
2026-07-16 14:22:16.836,17070.607474680335,23.83654975314346,27.45,30.61
2026-07-16 14:22:16.936,17013.889278723454,23.836697816540365,27.45,30.60960784313725
2026-07-16 14:22:17.036,17007.801075675765,23.836514925354443,27.45,30.599801980198023
2026-07-16 14:22:17.136,16960.02607331991,23.836024152796625,27.45,30.589999999999996
2026-07-16 14:22:17.236,16916.82731531305,23.835404574821972,27.45,30.589999999999996
2026-07-16 14:22:17.336,16925.652754857343,23.83501422502597,27.45,30.580198019801973
2026-07-16 14:22:17.436,16968.35682868744,23.835204283778136,27.449999999999996,30.57029702970296
2026-07-16 14:22:17.536,16941.98073346648,23.835014028970885,27.449999999999996,30.57
2026-07-16 14:22:17.636,16949.164566946758,23.834133616990044,27.45,30.560594059405936
2026-07-16 14:22:17.736,16929.221498275852,23.83343794055228,27.45,30.550784313725483
2026-07-16 14:22:17.836,16962.350598452762,23.83353407526838,27.45,30.55
2026-07-16 14:22:17.936,17001.101470166443,23.833717840492138,27.450000000000003,30.541078431372547
2026-07-16 14:22:18.036,16931.726600918017,23.832827711579018,27.449999999999996,30.531188118811883
2026-07-16 14:22:18.136,17024.70297577759,23.83320036517449,27.45,30.53
2026-07-16 14:22:18.236,17058.620820463624,23.833546128576025,27.45,30.52148514851485
2026-07-16 14:22:18.336,17061.938579265392,23.833870123701363,27.45,30.51158415841584
2026-07-16 14:22:18.436,17019.387985439134,23.833926693499855,27.449999999999996,30.501764705882344
2026-07-16 14:22:18.536,16990.54130977707,23.833929915950065,27.450000000000003,30.5
2026-07-16 14:22:18.636,17043.83564576655,23.834289506987613,27.45,30.484509803921572
2026-07-16 14:22:18.736,17115.616883121318,23.83499361616752,27.45,30.47237623762376
2026-07-16 14:22:18.836,17028.77789202401,23.834366340977517,27.45,30.47
2026-07-16 14:22:18.936,16979.073150783268,23.8344462295401,27.442673267326725,30.46267326732673
2026-07-16 14:22:19.036,17045.22657303478,23.83498292868851,27.439999999999998,30.452772277227723
2026-07-16 14:22:19.136,17082.67709954899,23.835498671601044,27.44,30.442941176470583
2026-07-16 14:22:19.236,16990.40776830195,23.835628236054777,27.439999999999998,30.439999999999998
2026-07-16 14:22:19.336,16970.109552622096,23.83540444875101,27.44676470588236,30.433235294117637
2026-07-16 14:22:19.436,16991.269868161027,23.83561919720982,27.450000000000003,30.43
2026-07-16 14:22:19.536,16997.121914552445,23.835473502426783,27.449999999999996,30.425501460564746
2026-07-16 14:22:19.636,16984.94908418369,23.835264230799304,27.449999999999996,30.41868549172346
2026-07-16 14:22:19.736,16959.717659222417,23.83506779610625,27.449999999999996,30.411869522882174
2026-07-16 14:22:19.836,16957.279080660028,23.83488332756481,27.45,30.40505355404089
2026-07-16 14:22:19.936,17029.34179967011,23.83471000798859,27.45,30.398237585199603
2026-07-16 14:22:20.036,16979.81227673666,23.834548532914443,27.45,30.391421616358322
2026-07-16 14:22:20.136,16923.156939628843,23.83405973230523,27.449999999999996,30.384605647517034
2026-07-16 14:22:20.236,16924.190950372,23.83353024175156,27.449999999999996,30.377789678675747
2026-07-16 14:22:20.336,16985.138722570926,23.83359965556289,27.449999999999996,30.370973709834466
2026-07-16 14:22:20.436,17037.540856381856,23.834158635467777,27.45,30.36415774099318
2026-07-16 14:22:20.536,16997.085729754057,23.834375572517313,27.449999999999996,30.356176470588235
2026-07-16 14:22:20.636,17003.044949344832,23.83421868635585,27.45,30.346336633663363
2026-07-16 14:22:20.736,17041.622212581882,23.834797600143546,27.450000000000003,30.340000000000003
2026-07-16 14:22:20.836,17036.746948173444,23.835134785947837,27.449999999999996,30.336633663366335
2026-07-16 14:22:20.936,17014.36672104358,23.835135285395403,27.449999999999996,30.326764705882347
2026-07-16 14:22:21.036,17007.390409887408,23.835082559761833,27.449999999999996,30.319999999999997
2026-07-16 14:22:21.136,17027.992214915317,23.83523245095079,27.45,30.317058823529408
2026-07-16 14:22:21.236,17038.382019254906,23.8350483483373,27.449999999999996,30.30722772277227
2026-07-16 14:22:21.336,16990.7780901802,23.834144201245838,27.449999999999996,30.297326732673262
2026-07-16 14:22:21.436,16969.56377466109,23.834136506466447,27.449999999999996,30.289999999999996
2026-07-16 14:22:21.536,16967.6359992842,23.834161784608497,27.45,30.28764705882353
2026-07-16 14:22:21.636,16997.41235669791,23.834321195669606,27.45,30.27782178217821
2026-07-16 14:22:21.736,17036.65383577587,23.83488254800106,27.450000000000003,30.270000000000003
2026-07-16 14:22:21.836,16962.841349231712,23.83510818146616,27.449999999999996,30.268118811881184
2026-07-16 14:22:21.936,16987.2749574716,23.83531803845103,27.45,30.258235294117643
2026-07-16 14:22:22.036,16960.209952534165,23.83455734766386,27.45,30.246831683168324
2026-07-16 14:22:22.136,16987.854097348263,23.834622135647784,27.449999999999996,30.23
2026-07-16 14:22:22.236,17025.36830230106,23.835116647824243,27.45,30.228712871287126
2026-07-16 14:22:22.336,17049.706401912867,23.835556812401354,27.449999999999996,30.21881188118811
2026-07-16 14:22:22.436,17144.4530356166,23.83661518683635,27.449999999999996,30.21
2026-07-16 14:22:22.536,17033.822177149577,23.837252967565483,27.45,30.209405940594063
2026-07-16 14:22:22.636,17000.922506076997,23.837059107960066,27.449999999999996,30.199509803921565
2026-07-16 14:22:22.736,16960.604461799223,23.836747180334157,27.449999999999996,30.189999999999998
2026-07-16 14:22:22.836,16946.97675296546,23.836455118549736,27.45,30.189801980198013
2026-07-16 14:22:22.936,16974.11087830633,23.836306711168547,27.45,30.18
2026-07-16 14:22:23.036,17007.764633008806,23.836483454858485,27.45,30.179999999999996
2026-07-16 14:22:23.136,17085.70049394942,23.836646320982467,27.45,30.170198019801976
2026-07-16 14:22:23.236,17011.312307056767,23.837174894333216,27.450000000000003,30.16039215686275
2026-07-16 14:22:23.336,17007.443775551237,23.837729403206765,27.45,30.15049504950495
2026-07-16 14:22:23.436,16991.960554963836,23.83826810042957,27.45,30.15
2026-07-16 14:22:23.536,16956.68798151651,23.838643770490055,27.45,30.140784313725494
2026-07-16 14:22:23.636,16975.926005206744,23.83876782694827,27.449999999999996,30.130891089108907
2026-07-16 14:22:23.736,17048.462878350445,23.839248172608162,27.45,30.13
2026-07-16 14:22:23.836,17034.118228886688,23.839305584552253,27.449999999999996,30.121188118811876
2026-07-16 14:22:23.936,17011.00905177563,23.83903705953243,27.45,30.111287128712863
2026-07-16 14:22:24.036,16983.958227978415,23.838682212064484,27.44147058823529,30.11
2026-07-16 14:22:24.136,16983.83471972205,23.838642709512108,27.44,30.10158415841584
2026-07-16 14:22:24.236,17017.06041679776,23.839110982675408,27.439999999999998,30.091764705882355
2026-07-16 14:22:24.336,16984.816340079695,23.839564827327948,27.439999999999998,30.089999999999996
2026-07-16 14:22:24.436,17012.564094068155,23.84041090135353,27.439999999999998,30.0819801980198
2026-07-16 14:22:24.536,17015.519966723954,23.84126266809478,27.439999999999998,30.072156862745103
2026-07-16 14:22:24.636,16986.618876268632,23.841272760148065,27.44,30.06235294117647
2026-07-16 14:22:24.736,16970.557722978003,23.841143005245854,27.439999999999998,30.059999999999995
2026-07-16 14:22:24.836,16984.00593297347,23.841346839166334,27.44742574257426,30.052574257425732
2026-07-16 14:22:24.936,16964.877839985194,23.84086328013087,27.449999999999996,30.042745098039205
2026-07-16 14:22:25.036,17043.257129882786,23.841286229461627,27.45,30.04
2026-07-16 14:22:25.136,17028.67947679963,23.841297554712895,27.449999999999996,30.0329702970297
2026-07-16 14:22:25.236,16971.063189980476,23.84095801011118,27.449999999999996,30.023137254901954
2026-07-16 14:22:25.336,16963.648067998398,23.84109291292458,27.45,30.019999999999996
2026-07-16 14:22:25.436,16997.743454763775,23.84181483878773,27.450000000000003,30.0067326732673
2026-07-16 14:22:25.536,16946.474766030162,23.842119418402955,27.450000000000003,30.0
2026-07-16 14:22:25.636,16902.342942846364,23.841570176390498,27.449999999999996,29.993725490196077
2026-07-16 14:22:25.736,17029.53419585964,23.842268018173932,27.449999999999996,29.98386138613861
2026-07-16 14:22:25.836,17006.335322381743,23.84243543751547,27.449999999999996,29.979999999999997
2026-07-16 14:22:25.936,16984.67833902776,23.842316167370704,27.449999999999996,29.97411764705881
2026-07-16 14:22:26.036,17012.191296021363,23.842346512492128,27.45,29.964257425742563
2026-07-16 14:22:26.136,16995.360627311493,23.842682214339355,27.449999999999996,29.96
2026-07-16 14:22:26.236,17019.13315332669,23.842998260049963,27.449999999999996,29.954554455445535
2026-07-16 14:22:26.336,17022.725340348585,23.842892579203458,27.449999999999996,29.944653465346526
2026-07-16 14:22:26.436,16959.99124018686,23.84276640208703,27.45,29.94
2026-07-16 14:22:26.536,16937.272890322078,23.842648942776805,27.449999999999996,29.9349504950495
2026-07-16 14:22:26.636,16983.29202052646,23.842679732902788,27.449999999999996,29.92509803921569
2026-07-16 14:22:26.736,17038.12196514118,23.843026791001616,27.45,29.915247524752473
2026-07-16 14:22:26.836,16978.631801754127,23.843679896984973,27.449999999999996,29.91
2026-07-16 14:22:26.936,16989.229549177566,23.843541465047508,27.449999999999996,29.905544554455435
2026-07-16 14:22:27.036,17007.818940514597,23.84370435254622,27.449999999999996,29.895643564356423
2026-07-16 14:22:27.136,16988.87126243122,23.84371270808166,27.449999999999996,29.89
2026-07-16 14:22:27.236,16960.843897998984,23.843563984143415,27.449999999999996,29.8859405940594
2026-07-16 14:22:27.336,16970.258782504057,23.843502996866395,27.45,29.87603960396039
2026-07-16 14:22:27.436,17022.211281939926,23.84373776798392,27.45,29.86617647058823
2026-07-16 14:22:27.536,17021.55865211142,23.84395986614411,27.45,29.86
2026-07-16 14:22:27.636,17019.818959183336,23.844171621480378,27.449999999999996,29.85643564356436
2026-07-16 14:22:27.736,17003.44419831664,23.84437371063243,27.45,29.846568627450985
2026-07-16 14:22:27.836,16964.5711315442,23.84440829456418,27.45,29.83673267326732
2026-07-16 14:22:27.936,16931.282100236058,23.84415878393741,27.449999999999996,29.83
2026-07-16 14:22:28.036,16961.483740790587,23.843690788750024,27.45,29.82696078431372
2026-07-16 14:22:28.136,16954.95653462794,23.84355285748943,27.449999999999996,29.817128712871288
2026-07-16 14:22:28.236,16981.86607663979,23.8434229172405,27.45,29.810000000000002
2026-07-16 14:22:28.336,17006.18466242249,23.843534416285593,27.45,29.807425742574253
2026-07-16 14:22:28.436,16993.97476798376,23.843582269910442,27.449999999999996,29.797549019607835
2026-07-16 14:22:28.536,16968.681810893104,23.843556713430353,27.449999999999996,29.789999999999996
2026-07-16 14:22:28.636,16985.739780340235,23.8437300035392,27.45,29.7878431372549
2026-07-16 14:22:28.736,16961.47714624633,23.843600706535774,27.449999999999996,29.7780198019802
2026-07-16 14:22:28.836,17026.026448680303,23.844376747910722,27.45,29.76813725490196
2026-07-16 14:22:28.936,17009.200908896273,23.84448046670513,27.45,29.756633663366326
2026-07-16 14:22:29.036,17002.72438324138,23.844313560795854,27.449999999999996,29.739999999999995
2026-07-16 14:22:29.136,17021.74498785274,23.844275570941008,27.449999999999996,29.738613861386135
2026-07-16 14:22:29.236,17022.883634436577,23.844521800476485,27.45,29.728712871287126
2026-07-16 14:22:29.336,17041.89679452193,23.845047611261286,27.45,29.719999999999995
2026-07-16 14:22:29.436,17000.579850454953,23.845227450120877,27.45,29.719009900990088
2026-07-16 14:22:29.536,17007.7079804105,23.84538714452536,27.45,29.709117647058815
2026-07-16 14:22:29.636,16988.745231763824,23.84533792197904,27.45,29.7
2026-07-16 14:22:29.736,16977.413197303846,23.845279312013993,27.45,29.699411764705882
2026-07-16 14:22:29.836,17002.88353950743,23.84549964291667,27.449999999999996,29.689603960396035
2026-07-16 14:22:29.936,16950.490898525986,23.8459765638715,27.449999999999996,29.68
2026-07-16 14:22:30.036,17007.299614310345,23.8461066065079,27.449999999999996,29.679900990099
2026-07-16 14:22:30.136,17036.887115050245,23.846508440720037,27.45,29.67
2026-07-16 14:22:30.236,17031.141885915673,23.84696688067717,27.449999999999996,29.66009900990099
2026-07-16 14:22:30.336,17004.6186360534,23.847419895288027,27.45,29.659999999999997
2026-07-16 14:22:30.436,16994.224474260933,23.847956853079637,27.45,29.65039603960395
2026-07-16 14:22:30.536,17041.415171928435,23.84872232482875,27.449999999999996,29.640495049504935
2026-07-16 14:22:30.636,16996.19158952155,23.84875578592129,27.449999999999996,29.639999999999997
2026-07-16 14:22:30.736,16969.091901436244,23.848137840497486,27.45,29.63079207920791
2026-07-16 14:22:30.836,17008.755653896158,23.848487317604068,27.45,29.620980392156866
2026-07-16 14:22:30.936,17007.219293699967,23.848951301536758,27.45,29.620000000000005
2026-07-16 14:22:31.036,16967.26511562277,23.849095178485438,27.449999999999996,29.611188118811874
2026-07-16 14:22:31.136,17012.59709134487,23.849483876093423,27.45,29.601372549019608
2026-07-16 14:22:31.236,16956.771754584315,23.849485437660505,27.45,29.6
2026-07-16 14:22:31.336,16934.32474212159,23.849131945922345,27.45,29.591584158415834
2026-07-16 14:22:31.436,16926.601080597713,23.848754479915407,27.449999999999996,29.581764705882343
2026-07-16 14:22:31.536,16948.433483574954,23.849013602023724,27.449999999999996,29.58
2026-07-16 14:22:31.636,16997.612220598356,23.849845783055798,27.449999999999996,29.572058823529403
2026-07-16 14:22:31.736,17051.139070370282,23.850620844400936,27.45,29.562178217821774
2026-07-16 14:22:31.836,17074.47610216914,23.85101575970712,27.45,29.55235294117647
2026-07-16 14:22:31.936,16975.077404136853,23.851387651350265,27.449999999999996,29.549999999999997
2026-07-16 14:22:32.036,16971.086112291363,23.8514072943867,27.442574257425733,29.542574257425734
2026-07-16 14:22:32.136,16981.09560185598,23.85156108719039,27.44,29.53274509803922
2026-07-16 14:22:32.236,16981.25627945064,23.851733295433213,27.439999999999998,29.53
2026-07-16 14:22:32.336,16995.050001361356,23.85171134634896,27.439999999999998,29.5159405940594
2026-07-16 14:22:32.436,17042.394181085605,23.852022241069278,27.44,29.509999999999998
2026-07-16 14:22:32.536,17001.356011005348,23.851520751957977,27.440000000000005,29.503267326732665
2026-07-16 14:22:32.636,17000.509101883843,23.85233287942148,27.44,29.49343137254902
2026-07-16 14:22:32.736,16961.944277958017,23.852673948901185,27.44,29.489999999999995
2026-07-16 14:22:32.836,16952.048148326663,23.852891755653253,27.44,29.48372549019608
2026-07-16 14:22:32.936,17000.482472456693,23.85350748410035,27.44,29.47386138613861
2026-07-16 14:22:33.036,16980.969537432826,23.853768563690135,27.44,29.4639603960396
2026-07-16 14:22:33.136,17010.58925616732,23.854010252204176,27.439999999999998,29.459999999999997
2026-07-16 14:22:33.236,16988.739987312085,23.854236218411458,27.439999999999998,29.454257425742572
2026-07-16 14:22:33.336,16983.884182273512,23.854173131629047,27.439999999999998,29.444411764705876
2026-07-16 14:22:33.436,16974.00715030915,23.853969251082013,27.439999999999998,29.439999999999998
2026-07-16 14:22:33.536,16981.099024440744,23.853998270000496,27.44,29.434757281553388
2026-07-16 14:22:33.636,17067.018380827933,23.854577865655266,27.44,29.425
2026-07-16 14:22:33.736,16933.9775384511,23.854770813726567,27.439999999999998,29.41519607843137
2026-07-16 14:22:33.836,17011.86236115752,23.85531080094669,27.439999999999998,29.409999999999997
2026-07-16 14:22:33.936,16989.57673403634,23.85559101544129,27.439999999999998,29.40554455445543
2026-07-16 14:22:34.036,16951.746251300923,23.85553231783173,27.439999999999998,29.39564356435642
2026-07-16 14:22:34.136,16943.761075454633,23.855149619143265,27.439999999999998,29.39
2026-07-16 14:22:34.236,16932.579184691567,23.854617139353238,27.439999999999998,29.385940594059402
2026-07-16 14:22:34.336,16978.493733920757,23.85480847667768,27.439999999999998,29.376039603960386
2026-07-16 14:22:34.436,16985.733646952984,23.85460909180961,27.44,29.370000000000005
2026-07-16 14:22:34.536,16988.386267775386,23.85439567197788,27.439999999999998,29.366336633663362
2026-07-16 14:22:34.636,16983.268967465803,23.854624965288195,27.4435294117647,29.356470588235297
2026-07-16 14:22:34.736,16961.39072335932,23.85476136628378,27.449999999999996,29.35
2026-07-16 14:22:34.836,16930.22527128143,23.85427635711097,27.449999999999996,29.34676470588235
2026-07-16 14:22:34.936,16946.528457403256,23.854484466581024,27.45,29.3369306930693
2026-07-16 14:22:35.036,16974.639176727804,23.854677489083024,27.45,29.33
2026-07-16 14:22:35.136,16983.748826360737,23.85454543956139,27.449999999999996,29.32722772277227
2026-07-16 14:22:35.236,17000.048114022815,23.85433691249255,27.449999999999996,29.317326732673262
2026-07-16 14:22:35.336,17003.844255284963,23.8542961611871,27.449999999999996,29.309999999999995
2026-07-16 14:22:35.436,16988.537522288527,23.854485796328184,27.45,29.307623762376224
2026-07-16 14:22:35.536,17011.802329940972,23.85468535721643,27.45,29.297745098039204
2026-07-16 14:22:35.636,17063.679335645495,23.855580361656518,27.450000000000003,29.29
2026-07-16 14:22:35.736,16964.913782875243,23.85550780114168,27.449999999999996,29.286078431372548
2026-07-16 14:22:35.836,16989.952986026627,23.85551116009207,27.449999999999996,29.269999999999996
2026-07-16 14:22:35.936,17022.92479505046,23.85565497338785,27.45,29.266666666666655
2026-07-16 14:22:36.036,16992.88735153404,23.855984462017897,27.45,29.24851485148514
2026-07-16 14:22:36.136,17037.420848118865,23.856795146262684,27.45,29.239999999999995
2026-07-16 14:22:36.236,17012.54973965895,23.856888977825946,27.449999999999996,29.238811881188113
2026-07-16 14:22:36.336,17010.163552652164,23.85697581347378,27.45,29.22892156862745
2026-07-16 14:22:36.436,16978.598308221444,23.856798018355754,27.449999999999996,29.219999999999995
2026-07-16 14:22:36.536,16953.568105744547,23.856508985386768,27.45,29.219215686274506
2026-07-16 14:22:36.636,16936.416023662565,23.856231751799037,27.45,29.209405940594063
2026-07-16 14:22:36.736,16906.57365214114,23.856009283240386,27.449999999999996,29.199999999999996
2026-07-16 14:22:36.836,17006.77028241956,23.856126484764328,27.449999999999996,29.19970297029702
2026-07-16 14:22:36.936,17012.287153368838,23.856569133708554,27.449999999999996,29.18980392156862
2026-07-16 14:22:37.036,17009.328789206174,23.857031315647866,27.45,29.179999999999996
2026-07-16 14:22:37.136,16965.29765797088,23.85727937205764,27.449999999999996,29.18
2026-07-16 14:22:37.236,16959.619802974008,23.857732635714783,27.45,29.170198019801976
2026-07-16 14:22:37.336,17059.204874022966,23.858773325212482,27.449999999999996,29.160392156862734
2026-07-16 14:22:37.436,17010.102089032993,23.859196931061277,27.449999999999996,29.159999999999997
2026-07-16 14:22:37.536,17015.734145681723,23.85920060297069,27.45,29.150594059405922
2026-07-16 14:22:37.636,17016.851354660048,23.859191883256237,27.45,29.140784313725497
2026-07-16 14:22:37.736,17014.665868554977,23.859183833865586,27.449999999999996,29.130891089108907
2026-07-16 14:22:37.836,17021.520531557242,23.85945793278585,27.45,29.13
2026-07-16 14:22:37.936,17023.15689163663,23.86000843584206,27.449999999999996,29.121188118811876
2026-07-16 14:22:38.036,16946.054164654408,23.85996728744481,27.449999999999996,29.119999999999997
2026-07-16 14:22:38.136,16948.003700774887,23.85992963099371,27.449999999999996,29.11156862745097
2026-07-16 14:22:38.236,17007.904892776725,23.86046794034383,27.45,29.101683168316825
2026-07-16 14:22:38.336,16968.77605599429,23.860904627668354,27.45,29.1
2026-07-16 14:22:38.436,16916.14504744312,23.8608750088,27.45,29.091960784313724
2026-07-16 14:22:38.536,16943.521086219742,23.86061342478792,27.450000000000003,29.082079207920785
2026-07-16 14:22:38.636,17008.33777075419,23.86088666541266,27.449162248144223,29.074973488865325
2026-07-16 14:22:38.736,16963.74977125141,23.860429327400748,27.448101802757158,29.06861081654295
2026-07-16 14:22:38.836,16951.634063439917,23.85998377092403,27.447041357370097,29.062248144220575
2026-07-16 14:22:38.936,16963.339344645123,23.860342686870045,27.445980911983035,29.055885471898197
2026-07-16 14:22:39.036,16976.980666979645,23.860688564276828,27.44492046659597,29.04952279957582
2026-07-16 14:22:39.136,16994.825538065354,23.860846376248794,27.44386002120891,29.043160127253447
2026-07-16 14:22:39.236,17026.201139237935,23.86147981889126,27.442799575821848,29.036797454931076
2026-07-16 14:22:39.336,16929.98116347521,23.86136975759211,27.441739130434783,29.030434782608697
2026-07-16 14:22:39.436,16899.583761148482,23.860534255189492,27.440678685047722,29.02407211028632
2026-07-16 14:22:39.536,16967.717824984,23.860238980497837,27.439999999999998,29.016470588235286
2026-07-16 14:22:39.636,16976.842618900093,23.859964977122907,27.439999999999998,29.006633663366337
2026-07-16 14:22:39.736,16967.268046057463,23.859926354113362,27.439999999999998,28.996764705882345
2026-07-16 14:22:39.836,17064.862274817962,23.860658436576642,27.44,28.990000000000002
2026-07-16 14:22:39.936,17041.793446184394,23.86102226223003,27.44,28.98702970297029
2026-07-16 14:22:40.036,16941.92204876223,23.86094849185024,27.44,28.977156862745083
2026-07-16 14:22:40.136,16978.06283140346,23.86118052017165,27.439999999999998,28.96732673267326
2026-07-16 14:22:40.236,16955.43757836603,23.86102592426633,27.442549019607846,28.96
2026-07-16 14:22:40.336,16931.197438626863,23.860839517998794,27.45,28.957623762376237
2026-07-16 14:22:40.436,17013.798586369463,23.861100384328918,27.45,28.947788461538458
2026-07-16 14:22:40.536,17044.861981246784,23.861006773430166,27.45,28.94
2026-07-16 14:22:40.636,17016.375315695608,23.86132371905874,27.45,28.938252427184466
2026-07-16 14:22:40.736,17011.60781015731,23.861302416461836,27.449999999999996,28.928529411764707
2026-07-16 14:22:40.836,16980.37780922257,23.861445493529512,27.45,28.918712871287127
2026-07-16 14:22:40.936,16962.451115369237,23.861732474431243,27.45,28.909999999999997
2026-07-16 14:22:41.036,16988.10591777909,23.862006792638386,27.45,28.90900990099009
2026-07-16 14:22:41.136,17007.95444940907,23.862251753885086,27.449999999999996,28.899108910891083
2026-07-16 14:22:41.236,16958.653040555197,23.862121479696796,27.45,28.889215686274508
2026-07-16 14:22:41.336,16975.20909575407,23.861685153699216,27.45,28.88
2026-07-16 14:22:41.436,16980.495732126903,23.86170400243749,27.45,28.879514563106785
2026-07-16 14:22:41.536,16991.49754355157,23.86197427584088,27.45,28.869801980198012
2026-07-16 14:22:41.636,16998.719524320783,23.86212815644296,27.45,28.859901960784313
2026-07-16 14:22:41.736,16954.14899285824,23.862004165334678,27.45,28.85009803921568
2026-07-16 14:22:41.836,16984.421609111894,23.861888400636076,27.45,28.85
2026-07-16 14:22:41.936,16936.777845200315,23.861462531255615,27.449999999999996,28.840297029702963
2026-07-16 14:22:42.036,16954.524814011816,23.861521107699456,27.440490196078418,28.830490196078415
2026-07-16 14:22:42.136,16978.33595710758,23.861788096561646,27.44,28.83
2026-07-16 14:22:42.236,16986.912946797856,23.862044422337956,27.439999999999998,28.820693069306927
2026-07-16 14:22:42.336,17009.858773214324,23.86224234208493,27.44,28.810882352941164
2026-07-16 14:22:42.436,17019.156993167988,23.862118833912085,27.44,28.809999999999995
2026-07-16 14:22:42.536,16968.749213786545,23.862003287752216,27.440000000000005,28.80117647058823
2026-07-16 14:22:42.636,16953.362635762664,23.861894030133556,27.44,28.782912621359223
2026-07-16 14:22:42.736,16969.547844237728,23.861790653332466,27.44,28.78
2026-07-16 14:22:42.836,16995.840710900593,23.86181277361382,27.439999999999998,28.771764705882344
2026-07-16 14:22:42.936,17015.98881330453,23.862042295287022,27.44,28.761881188118803
2026-07-16 14:22:43.036,17044.304526217293,23.8622639707941,27.439999999999998,28.76
2026-07-16 14:22:43.136,16991.998181069393,23.86247628890668,27.439999999999998,28.7521568627451
2026-07-16 14:22:43.236,16965.42560773814,23.86242390675323,27.44,28.742277227722774
2026-07-16 14:22:43.336,16955.673906182077,23.86230791061356,27.439999999999998,28.73237623762376
2026-07-16 14:22:43.436,16974.970899766515,23.862326077655496,27.440000000000005,28.73
2026-07-16 14:22:43.536,17014.9761101451,23.862528666299916,27.44,28.7257225433526
2026-07-16 14:22:43.636,17014.745832744415,23.862714819397773,27.44,28.719942196531793
2026-07-16 14:22:43.736,16987.24366933655,23.86259306498313,27.44,28.714161849710983
2026-07-16 14:22:43.836,17005.409488140063,23.862732891988983,27.440000000000005,28.708381502890177
2026-07-16 14:22:43.936,16995.605069880483,23.862917417173378,27.44,28.702601156069363
2026-07-16 14:22:44.036,16989.227885194792,23.863231401279403,27.44,28.69682080924855
2026-07-16 14:22:44.136,16999.775205648697,23.863620008079003,27.440000000000005,28.691040462427747
2026-07-16 14:22:44.236,16984.847151692415,23.863783221493488,27.44,28.68526011560694
2026-07-16 14:22:44.336,17013.819146793732,23.863938920635157,27.440000000000005,28.67947976878613
2026-07-16 14:22:44.436,17013.122723282882,23.86408774330835,27.44,28.673699421965317
2026-07-16 14:22:44.536,16997.959055288433,23.86423052669552,27.439999999999998,28.666470588235285
2026-07-16 14:22:44.636,16988.082306015815,23.864367490946723,27.439999999999998,28.656633663366335
2026-07-16 14:22:44.736,16994.056739804466,23.864498854217697,27.439999999999998,28.649999999999995
2026-07-16 14:22:44.836,17008.327520166793,23.864624831995258,27.44,28.6469306930693
2026-07-16 14:22:44.936,16986.52746601341,23.864745208032282,27.44297029702971,28.63702970297029
2026-07-16 14:22:45.036,16984.97966478454,23.864859978291946,27.447156862745086,28.63
2026-07-16 14:22:45.136,16998.84092171368,23.86539468547381,27.439999999999998,28.62732673267326
2026-07-16 14:22:45.236,16998.152440425485,23.865754972217566,27.44257425742575,28.61742574257425
2026-07-16 14:22:45.336,16978.448909858736,23.86573528492636,27.45,28.61
2026-07-16 14:22:45.436,16960.665681779334,23.86556555032231,27.45,28.60774509803921
2026-07-16 14:22:45.536,16979.061368841227,23.86566066046438,27.449999999999996,28.5979207920792
2026-07-16 14:22:45.636,16984.621141724183,23.86575035189059,27.449999999999996,28.589999999999996
2026-07-16 14:22:45.736,16982.189891545422,23.86583585716637,27.449999999999996,28.588217821782173
2026-07-16 14:22:45.836,16995.515957061663,23.866085416691732,27.45,28.57666666666665
2026-07-16 14:22:45.936,17011.193536011837,23.86644862717414,27.449999999999996,28.55852941176469
2026-07-16 14:22:46.036,16997.42902844943,23.866617933604168,27.449999999999996,28.548712871287115
2026-07-16 14:22:46.136,16930.583553139786,23.86607345354347,27.449999999999996,28.538811881188124
2026-07-16 14:22:46.236,16947.516599613744,23.86647790687935,27.45,28.53
2026-07-16 14:22:46.336,16971.723301983246,23.866604494647884,27.449108910891084,28.529108910891086
2026-07-16 14:22:46.436,17001.171228898038,23.866669740609854,27.439999999999998,28.519223300970868
2026-07-16 14:22:46.536,17004.682458103274,23.866731280907604,27.44,28.50950495049504
2026-07-16 14:22:46.636,16981.59661833552,23.866789387847007,27.44,28.5
2026-07-16 14:22:46.736,16986.401316443214,23.86688164525015,27.439999999999998,28.49980198019801
2026-07-16 14:22:46.836,17034.226577364345,23.867533804732638,27.44,28.4899019607843
2026-07-16 14:22:46.936,17015.665739034164,23.86820960032381,27.44,28.480098039215687
2026-07-16 14:22:47.036,16961.97971668136,23.868190597755806,27.44,28.48
2026-07-16 14:22:47.136,17002.067334819618,23.868366615994375,27.44,28.470392156862747
2026-07-16 14:22:47.236,17069.27116426874,23.868870126323472,27.44,28.47
2026-07-16 14:22:47.336,16964.058847635933,23.868968692816548,27.44,28.46059405940594
2026-07-16 14:22:47.436,17063.370131437947,23.87002997297177,27.44,28.45078431372548
2026-07-16 14:22:47.536,17000.299954256476,23.87005545109107,27.44,28.449999999999996
2026-07-16 14:22:47.636,16999.746897720557,23.870264031988402,27.440000000000005,28.44108910891089
2026-07-16 14:22:47.736,17000.255541049635,23.870368728802898,27.44,28.431523809523803
2026-07-16 14:22:47.836,16982.30960654776,23.870546510943576,27.439999999999998,28.429999999999996
2026-07-16 14:22:47.936,16973.773841778944,23.87115845855969,27.448118811881198,28.4218811881188
2026-07-16 14:22:48.036,16948.376808200588,23.871432397475534,27.45,28.411980198019787
2026-07-16 14:22:48.136,17022.002183853016,23.871691029565376,27.45,28.41
2026-07-16 14:22:48.236,16979.210672223715,23.871937304202653,27.442277227722776,28.402277227722774
2026-07-16 14:22:48.336,16975.12677523224,23.872171679528954,27.44,28.4
2026-07-16 14:22:48.436,16984.246022210573,23.872542366845845,27.439999999999998,28.392574257425736
2026-07-16 14:22:48.536,16954.72689344034,23.873138246775543,27.44,28.39
2026-07-16 14:22:48.636,17038.02935680441,23.873731812538782,27.439999999999998,28.389999999999997
2026-07-16 14:22:48.736,17030.753352072228,23.87470891730712,27.439999999999998,28.397029702970297
2026-07-16 14:22:48.836,17074.278940802826,23.8760610283565,27.44,28.406862745098046
2026-07-16 14:22:48.936,17046.9143769436,23.87724942363228,27.440000000000005,28.416732673267337
2026-07-16 14:22:49.036,17003.587845160346,23.878063507037787,27.440000000000005,28.433267326732697
2026-07-16 14:22:49.136,17016.20206649867,23.87881689089464,27.439999999999998,28.4529411764706
2026-07-16 14:22:49.236,17058.13940908099,23.880257613593784,27.439999999999998,28.47900990099012
2026-07-16 14:22:49.336,17008.253378413443,23.88067966333155,27.440000000000005,28.51470588235296
2026-07-16 14:22:49.436,17023.15938275324,23.881522610861673,27.44,28.578316831683196
2026-07-16 14:22:49.536,17012.489330217562,23.882407091155507,27.439999999999998,28.633762376237645
2026-07-16 14:22:49.636,16999.19716342335,23.883254452908822,27.439999999999998,28.673137254901953
2026-07-16 14:22:49.736,16994.304819258112,23.884061916443766,27.44,28.718217821782183
2026-07-16 14:22:49.836,16969.30796460392,23.884880567053084,27.44,28.761960784313743
2026-07-16 14:22:49.936,16964.59076971324,23.88616806314172,27.439999999999998,28.80673267326737
2026-07-16 14:22:50.036,17010.302881082123,23.887963770791323,27.439999999999998,28.850784313725534
2026-07-16 14:22:50.136,17005.761953902216,23.88889830118611,27.439999999999998,28.890198019801996
2026-07-16 14:22:50.236,16992.133471274712,23.890080874618533,27.439999999999998,28.929801980198043
2026-07-16 14:22:50.336,16985.049421305197,23.891171166870084,27.44,28.96921568627453
2026-07-16 14:22:50.436,16974.049920769186,23.891162858653036,27.44,29.00861386138615
2026-07-16 14:22:50.536,17015.869071095385,23.892811930255878,27.439999999999998,29.048039215686295
2026-07-16 14:22:50.636,16977.84448826185,23.893153702149455,27.44,29.08742574257425
2026-07-16 14:22:50.736,16983.742453041566,23.893869518197224,27.439999999999998,29.126862745098045
2026-07-16 14:22:50.836,16995.738768555246,23.894690282220218,27.439999999999998,29.1662376237624
2026-07-16 14:22:50.936,16995.381995614214,23.895685794813076,27.439999999999998,29.20584158415845
2026-07-16 14:22:51.036,16987.935753358324,23.897134042536752,27.439999999999998,29.2452941176471
2026-07-16 14:22:51.136,16985.81342122836,23.899060569973447,27.439999999999998,29.284653465346548
2026-07-16 14:22:51.236,16991.279705954614,23.899591570865358,27.439999999999998,29.324257425742598
2026-07-16 14:22:51.336,16966.53079058782,23.90058714070994,27.440000000000005,29.367156862745126
2026-07-16 14:22:51.436,16991.991050599834,23.901244321917474,27.439999999999998,29.413069306930694
2026-07-16 14:22:51.536,17013.275723116425,23.902116146160182,27.439999999999998,29.452549019607858
2026-07-16 14:22:51.636,16992.334734062697,23.903537353905442,27.439999999999998,29.491881188118803
2026-07-16 14:22:51.736,17022.5688676411,23.904400139360483,27.439999999999998,29.531372549019604
2026-07-16 14:22:51.836,16994.28826496239,23.905183464091646,27.439999999999998,29.570693069306945
2026-07-16 14:22:51.936,16967.242678180708,23.905355271693917,27.44,29.610297029703
2026-07-16 14:22:52.036,16955.70208654579,23.905801276653946,27.439999999999998,29.649803921568665
2026-07-16 14:22:52.136,16942.911754970297,23.90642632660367,27.44,29.6891089108911
2026-07-16 14:22:52.236,16939.320148567575,23.90700522814608,27.44,29.728712871287144
2026-07-16 14:22:52.336,16985.72207922939,23.90758585781275,27.44,29.768235294117677
2026-07-16 14:22:52.436,16982.297749834375,23.908645261571024,27.439999999999998,29.807524752475295
2026-07-16 14:22:52.536,17029.09491080472,23.910182477478248,27.44,29.847058823529462
2026-07-16 14:22:52.636,16987.99577707306,23.911332742186943,27.439999999999998,29.892549019607813
2026-07-16 14:22:52.736,16951.835351681362,23.911933941064227,27.44,29.97247524752476
2026-07-16 14:22:52.836,16971.951535140954,23.91255398448661,27.44,30.0551485148515
2026-07-16 14:22:52.936,17011.849935475824,23.913886198299053,27.44,30.094705882352965
2026-07-16 14:22:53.036,17014.627480955107,23.914634707150796,27.44,30.133960396039644
2026-07-16 14:22:53.136,17012.832373624387,23.915897103776413,27.439999999999998,30.17352941176471
2026-07-16 14:22:53.236,16992.89458282071,23.91667756755107,27.439999999999998,30.212772277227746
2026-07-16 14:22:53.336,16980.422782922313,23.917242367105345,27.44,30.252352941176504
2026-07-16 14:22:53.436,16988.27600104212,23.918188261485305,27.439999999999998,30.291584158415844
2026-07-16 14:22:53.536,16995.692201869097,23.919645964029293,27.439999999999998,30.331188118811895
2026-07-16 14:22:53.636,16920.189306967382,23.920023361325537,27.44,30.370784313725473
2026-07-16 14:22:53.736,16945.436231070977,23.920355319246525,27.439999999999998,30.409999999999997
2026-07-16 14:22:53.836,16969.981426009123,23.920655320284087,27.44,30.449215686274528
2026-07-16 14:22:53.936,16933.889726745198,23.920591819182892,27.449702970297032,30.498514851485183
2026-07-16 14:22:54.036,16928.58650407115,23.920951342992254,27.45,30.538415841584193
2026-07-16 14:22:54.136,16996.57082215258,23.92217059974955,27.45,30.577647058823537
2026-07-16 14:22:54.236,16945.878859992034,23.92292247790714,27.45,30.6172277227723
2026-07-16 14:22:54.336,16952.54004600511,23.92305603414156,27.45,30.656831683168345
2026-07-16 14:22:54.436,16934.645427919517,23.922723660999072,27.45,30.696078431372595
2026-07-16 14:22:54.536,16918.656686905815,23.92300057623019,27.45,30.73564356435649
2026-07-16 14:22:54.636,16937.345352102555,23.92365581761613,27.45,30.77490196078431
2026-07-16 14:22:54.736,16978.726006725832,23.924276096293827,27.449999999999996,30.81445544554455
2026-07-16 14:22:54.836,16977.680728365936,23.924895558617976,27.449999999999996,30.85372549019609
2026-07-16 14:22:54.936,16998.758429748075,23.925959671795912,27.45,30.893267326732698
2026-07-16 14:22:55.036,17031.824366060137,23.92699776066016,27.45,30.932871287128748
2026-07-16 14:22:55.136,16968.62861239838,23.927623186221695,27.44196078431372,30.972156862745102
2026-07-16 14:22:55.236,16938.51521513998,23.92830525061658,27.44,31.01960396039606
2026-07-16 14:22:55.336,16981.292474276444,23.929226916085877,27.44,31.061287128712898
2026-07-16 14:22:55.436,17005.9223224355,23.9301107499337,27.439999999999998,31.100588235294158
2026-07-16 14:22:55.536,17032.86847536189,23.930948830511245,27.440000000000005,31.13951456310683
2026-07-16 14:22:55.636,16989.10623796837,23.93173677356811,27.439999999999998,31.178910891089096
2026-07-16 14:22:55.736,16960.15092562308,23.932067243207626,27.44,31.218235294117655
2026-07-16 14:22:55.836,16947.589502170253,23.93221781335584,27.439999999999998,31.257722772277244
2026-07-16 14:22:55.936,16935.51530737522,23.932353551965218,27.439999999999998,31.297326732673294
2026-07-16 14:22:56.036,16914.106213201514,23.932476370672678,27.439999999999998,31.33000000000003
2026-07-16 14:22:56.136,16912.809122219503,23.93258746269848,27.44,31.366138613861395
2026-07-16 14:22:56.236,16935.67803565367,23.932687206859725,27.44,31.405490196078457
2026-07-16 14:22:56.336,16925.22698526083,23.932778738996753,27.439999999999998,31.469900990099035
2026-07-16 14:22:56.436,16942.56844775751,23.933358495306216,27.44,31.530693069306935
2026-07-16 14:22:56.536,16961.625233511233,23.934115018700602,27.439999999999998,31.573238095238132
2026-07-16 14:22:56.636,16943.821213597785,23.934589930736454,27.44,31.611960784313723
2026-07-16 14:22:56.736,16938.882610058827,23.935042778815887,27.44,31.65138613861385
2026-07-16 14:22:56.836,16966.55944845635,23.93546871112641,27.439999999999998,31.690784313725494
2026-07-16 14:22:56.936,16991.910860989345,23.93624456230308,27.439999999999998,31.730198019801996
2026-07-16 14:22:57.036,16970.852505904564,23.93650236441973,27.439999999999998,31.76980198019804
2026-07-16 14:22:57.136,16944.825896859307,23.936407576943132,27.439999999999998,31.809215686274502
2026-07-16 14:22:57.236,16952.57544643358,23.936424060805507,27.44,31.84861386138615
2026-07-16 14:22:57.336,16975.742390631312,23.936812394282235,27.439999999999998,31.88803921568629
2026-07-16 14:22:57.436,17024.75033571404,23.937994860695675,27.439999999999998,31.931782178217865
2026-07-16 14:22:57.536,16965.939753192753,23.938807850058183,27.44,31.976862745098092
2026-07-16 14:22:57.636,16940.46690670409,23.939220801485877,27.44,32.016078431372556
2026-07-16 14:22:57.736,16929.176285155514,23.939235795355486,27.44,32.05529411764706
2026-07-16 14:22:57.836,16919.019529804613,23.939134250864655,27.439999999999998,32.094653465346546
2026-07-16 14:22:57.936,16940.546605354855,23.939448215304598,27.439999999999998,32.1342574257426
2026-07-16 14:22:58.036,16960.017230846912,23.940544764556034,27.439999999999998,32.173725490196105
2026-07-16 14:22:58.136,16949.601668220774,23.940371971644545,27.439999999999998,32.216336633663374
2026-07-16 14:22:58.236,16961.73207882883,23.94041050419016,27.439999999999998,32.26267326732675
2026-07-16 14:22:58.336,16959.623474100244,23.940578013070798,27.439999999999998,32.30519607843141
2026-07-16 14:22:58.436,16931.50132529885,23.940877239158702,27.44,32.3514851485149
2026-07-16 14:22:58.536,16901.631140182057,23.94139147045892,27.440000000000005,32.390873786407816
2026-07-16 14:22:58.636,16906.334759540903,23.94150753878497,27.44,32.42980392156862
2026-07-16 14:22:58.736,16933.399297445136,23.941613440521778,27.44,32.4691089108911
2026-07-16 14:22:58.836,16976.099713953216,23.94202220848905,27.439999999999998,32.50862745098041
2026-07-16 14:22:58.936,16971.175561344353,23.942281048476552,27.44,32.547920792079246
2026-07-16 14:22:59.036,16922.278011805196,23.9423497960113,27.439999999999998,32.58940594059412
2026-07-16 14:22:59.136,16896.028153023788,23.94248460068341,27.439999999999998,32.64235294117649
2026-07-16 14:22:59.236,16999.836690345634,23.942927336577974,27.44,32.7063366336634
2026-07-16 14:22:59.336,16952.747522781272,23.942967960694958,27.44,32.745882352941216
2026-07-16 14:22:59.436,16958.553102595215,23.943303649812815,27.44,32.786435643564374
2026-07-16 14:22:59.536,16951.815613769224,23.94370381619521,27.439999999999998,32.83466019417477
2026-07-16 14:22:59.636,16947.623534217808,23.944092414278117,27.439999999999998,32.87705882352942
2026-07-16 14:22:59.736,16971.269802297575,23.944557496987958,27.439999999999998,32.952772277227744
2026-07-16 14:22:59.836,16999.002891924974,23.945307908281997,27.439999999999998,32.992376237623795
2026-07-16 14:22:59.936,16969.46010230602,23.946063103556504,27.440490196078446,33.03196078431377
2026-07-16 14:23:00.036,16968.94883652949,23.946452526598115,27.449999999999996,33.07148514851487
2026-07-16 14:23:00.136,16970.994517734267,23.946762515968874,27.45,33.1205882352941
2026-07-16 14:23:00.236,16978.274018903947,23.94744562077493,27.45,33.15
2026-07-16 14:23:00.336,16984.466934250333,23.948325718669324,27.449999999999996,33.18960396039605
2026-07-16 14:23:00.436,16966.455999175523,23.948568869309003,27.45,33.20960396039605
2026-07-16 14:23:00.536,16935.61759328772,23.948793622808036,27.449999999999996,33.22940594059406
2026-07-16 14:23:00.636,16934.02248104558,23.949002199446344,27.449999999999996,33.24901960784314
2026-07-16 14:23:00.736,16951.550840158194,23.949493093121973,27.45,33.259405940594064
2026-07-16 14:23:00.836,16948.352730081133,23.95009670420648,27.45,33.26921568627452
2026-07-16 14:23:00.936,16921.968400335798,23.95054449738767,27.45,33.2791089108911
2026-07-16 14:23:01.036,16907.7657065932,23.950675251539426,27.449999999999996,33.28
2026-07-16 14:23:01.136,16930.81703635304,23.95079557145572,27.449999999999996,33.27118811881188
2026-07-16 14:23:01.236,17001.993397892995,23.95206027414489,27.449999999999996,33.27
2026-07-16 14:23:01.336,16942.394950095397,23.9527805104631,27.449999999999996,33.26147058823529
2026-07-16 14:23:01.436,16899.866815651156,23.952758987719413,27.45,33.26
2026-07-16 14:23:01.536,16914.51065808212,23.952489280690326,27.45,33.26831683168317
2026-07-16 14:23:01.636,16939.52516402246,23.952605765938102,27.45,33.27
2026-07-16 14:23:01.736,16959.154215761475,23.953081650728837,27.449999999999996,33.27
2026-07-16 14:23:01.836,16938.21357988097,23.953534168613793,27.450000000000003,33.27
2026-07-16 14:23:01.936,16913.00524348313,23.953618454676228,27.450000000000003,33.27
2026-07-16 14:23:02.036,16947.56955828881,23.95410710122683,27.449999999999996,33.269999999999996
2026-07-16 14:23:02.136,16963.966817799446,23.95439251198027,27.449999999999996,33.27742574257426
2026-07-16 14:23:02.236,16901.38511468429,23.954089567898095,27.45,33.28
2026-07-16 14:23:02.336,16864.344029706095,23.954480649224294,27.45,33.2871568627451
2026-07-16 14:23:02.436,16875.010626842253,23.95398297958974,27.449999999999996,33.29
2026-07-16 14:23:02.536,16956.633311324655,23.954250468917163,27.449999999999996,33.29
2026-07-16 14:23:02.636,16973.939147072462,23.954654286929397,27.449999999999996,33.296764705882346
2026-07-16 14:23:02.736,16959.164147555723,23.955237996692166,27.449999999999996,33.3
2026-07-16 14:23:02.836,16940.836990506705,23.95568682699962,27.449999999999996,33.3064705882353
2026-07-16 14:23:02.936,16884.239394379678,23.95520217503411,27.449999999999996,33.31633663366337
2026-07-16 14:23:03.036,16980.48328377598,23.956047639109393,27.449999999999996,33.32
2026-07-16 14:23:03.136,16943.170807779832,23.95687709364428,27.449999999999996,33.326039603960396
2026-07-16 14:23:03.236,16967.31507569692,23.95734207994355,27.449999999999996,33.33594059405941
2026-07-16 14:23:03.336,16945.157281892883,23.957145613851743,27.45,33.34
2026-07-16 14:23:03.436,16895.789685518575,23.956605491952683,27.45,33.345643564356436
2026-07-16 14:23:03.536,16960.409355832668,23.956433596423743,27.449999999999996,33.35
2026-07-16 14:23:03.636,16905.230753881027,23.95627712027563,27.449999999999996,33.35539215686274
2026-07-16 14:23:03.736,16899.771812837316,23.956134587517056,27.45,33.36
2026-07-16 14:23:03.836,16916.047972950055,23.95664631109829,27.449999999999996,33.36
2026-07-16 14:23:03.936,16968.38752342612,23.957389729892697,27.449999999999996,33.36
2026-07-16 14:23:04.036,16983.52056673576,23.957954789331673,27.449999999999996,33.36485148514852
2026-07-16 14:23:04.136,16901.77888653798,23.958269173155465,27.45,33.37
2026-07-16 14:23:04.236,16922.708673127305,23.958950592037805,27.45,33.37
2026-07-16 14:23:04.336,16976.572709633623,23.9600619546224,27.44558823529411,33.37441176470589
2026-07-16 14:23:04.436,16971.90369979284,23.960027670413147,27.439999999999998,33.379999999999995
2026-07-16 14:23:04.536,16975.716762267395,23.960250388553614,27.44,33.38
2026-07-16 14:23:04.636,16988.83004601537,23.96088005628065,27.44,33.3839603960396
2026-07-16 14:23:04.736,16988.178584398887,23.961482419988315,27.44,33.39
2026-07-16 14:23:04.836,16987.230175984358,23.962062352345143,27.439999999999998,33.39
2026-07-16 14:23:04.936,16960.793895252544,23.963100737965906,27.439999999999998,33.39356435643565
2026-07-16 14:23:05.036,16915.324595273418,23.963265617044943,27.443465346534662,33.4
2026-07-16 14:23:05.136,16885.875093526614,23.96262106033555,27.449999999999996,33.40333333333333
2026-07-16 14:23:05.236,16905.45130172571,23.96252504613334,27.449999999999996,33.41
2026-07-16 14:23:05.336,16936.81254951592,23.963326682034968,27.45,33.41
2026-07-16 14:23:05.436,16870.59606593067,23.963353792093383,27.45,33.412941176470596
2026-07-16 14:23:05.536,17000.99846566994,23.964343416975748,27.449999999999996,33.419999999999995
2026-07-16 14:23:05.636,16907.114519062132,23.963939368457325,27.45,33.42264705882353
2026-07-16 14:23:05.736,16916.944078878,23.964413137349926,27.447524752475246,33.43
2026-07-16 14:23:05.836,16933.805992580717,23.964873820629315,27.44,33.43
2026-07-16 14:23:05.936,16897.88690781268,23.964906487084757,27.44,33.432178217821786
2026-07-16 14:23:06.036,16894.762923788985,23.9652622583264,27.44,33.44
2026-07-16 14:23:06.136,16928.98424709653,23.96513010120582,27.439999999999998,33.44188118811881
2026-07-16 14:23:06.236,16953.770607510934,23.964570402216832,27.44,33.45
2026-07-16 14:23:06.336,16883.14571337495,23.963991178181637,27.439999999999998,33.4516504854369
2026-07-16 14:23:06.436,16849.868129042534,23.963180508982035,27.44,33.461386138613875
2026-07-16 14:23:06.536,16828.326825128403,23.96164345000288,27.44,33.47127450980393
2026-07-16 14:23:06.636,16729.315933430396,23.95905413590168,27.440000000000005,33.48
2026-07-16 14:23:06.736,16816.61542993693,23.95621260648975,27.439999999999998,33.48
2026-07-16 14:23:06.836,16717.9795180779,23.952501312428755,27.439999999999998,33.48
2026-07-16 14:23:06.936,16732.036881159016,23.948550594754913,27.44,33.48
2026-07-16 14:23:07.036,16713.337760090188,23.943440530295717,27.44,33.48
2026-07-16 14:23:07.136,16686.44560416748,23.937834361957833,27.439999999999998,33.479603960396034
2026-07-16 14:23:07.236,16725.395388947974,23.932610773223104,27.439999999999998,33.46999999999999
2026-07-16 14:23:07.336,16733.117760467478,23.9267362647684,27.44,33.469900990099
2026-07-16 14:23:07.436,16729.931700872497,23.921353818502947,27.440000000000005,33.45999999999999
2026-07-16 14:23:07.536,16756.776336235656,23.9165519506885,27.44,33.45019607843137
2026-07-16 14:23:07.636,16818.148680137176,23.912369516179567,27.439999999999998,33.44029702970297
2026-07-16 14:23:07.736,16865.203002173454,23.90879690548372,27.439999999999998,33.44
2026-07-16 14:23:07.836,16869.803572927576,23.90548886961441,27.44,33.430594059405934
2026-07-16 14:23:07.936,16873.32441916291,23.901645522182474,27.44,33.420784313725484
2026-07-16 14:23:08.036,16846.990016189084,23.89722831716673,27.44,33.42
2026-07-16 14:23:08.136,16874.520375083972,23.892272551360595,27.44,33.411078431372545
2026-07-16 14:23:08.236,16912.937362981895,23.89026888896905,27.44,33.40118811881187
2026-07-16 14:23:08.336,16927.657601045044,23.888814625309173,27.44,33.4
2026-07-16 14:23:08.436,16924.709105959406,23.886629696432156,27.440000000000005,33.39147058823529
2026-07-16 14:23:08.536,16943.91753170928,23.885478013258464,27.44,33.39
2026-07-16 14:23:08.636,16922.11224410465,23.88361320938682,27.448235294117644,33.381764705882354
2026-07-16 14:23:08.736,16967.93716730801,23.883795155276957,27.449999999999996,33.371881188118806
2026-07-16 14:23:08.836,16948.7154529176,23.88287941501934,27.449999999999996,33.37
2026-07-16 14:23:08.936,16965.214739628173,23.88241226992687,27.45,33.36217821782178
2026-07-16 14:23:09.036,17027.31981813679,23.882874043464724,27.45,33.35235294117646
2026-07-16 14:23:09.136,17056.473073885976,23.88336631402505,27.449999999999996,33.34247524752475
2026-07-16 14:23:09.236,17107.879117398243,23.884448087920227,27.449999999999996,33.339999999999996
2026-07-16 14:23:09.336,17016.74033039553,23.88472840292926,27.449999999999996,33.332745098039204
2026-07-16 14:23:09.436,17031.072312057237,23.884930410731897,27.45,33.3228712871287
2026-07-16 14:23:09.536,17070.428743496876,23.885823148174122,27.449999999999996,33.312970297029686
2026-07-16 14:23:09.636,17099.52903575069,23.887245345265512,27.45,33.31
2026-07-16 14:23:09.736,17110.988925994017,23.888487630678476,27.45,33.30326732673267
2026-07-16 14:23:09.836,17036.56758794325,23.889091485415424,27.45,33.293431372549016
2026-07-16 14:23:09.936,17071.705813722852,23.888984766388074,27.449999999999996,33.28356435643564
2026-07-16 14:23:10.036,17073.475404757217,23.88985151163972,27.449999999999996,33.27366336633662
2026-07-16 14:23:10.136,17060.639885455646,23.890554764869677,27.449999999999996,33.263823529411766
2026-07-16 14:23:10.236,17031.619667297324,23.890716358219315,27.449999999999996,33.253960396039595
2026-07-16 14:23:10.336,17006.839883205204,23.890629116732534,27.449999999999996,33.25
2026-07-16 14:23:10.436,17060.307755631362,23.89101627961172,27.449999999999996,33.2442156862745
2026-07-16 14:23:10.536,17087.879919389667,23.89190463489031,27.444356435643552,33.23435643564355
2026-07-16 14:23:10.636,17065.08581439164,23.893225659624264,27.44,33.23
2026-07-16 14:23:10.736,17024.671233486817,23.8938435343928,27.44,33.224653465346535
2026-07-16 14:23:10.836,17020.45873238847,23.89427829510101,27.44,33.21475247524752
2026-07-16 14:23:10.936,17053.232409402364,23.894845292379948,27.445098039215686,33.21
2026-07-16 14:23:11.036,17050.387521505505,23.894956318872712,27.449999999999996,33.20504950495049
2026-07-16 14:23:11.136,17000.05711267049,23.89505452759694,27.449999999999996,33.19514851485148
2026-07-16 14:23:11.236,17030.22870065526,23.89558872951772,27.45,33.19
2026-07-16 14:23:11.336,17045.76171239727,23.895805805115792,27.45,33.185445544554455
2026-07-16 14:23:11.436,17041.196995694478,23.896091323656826,27.449999999999996,33.17999999999999
2026-07-16 14:23:11.536,17022.246178138295,23.896603850635877,27.449999999999996,33.175686274509786
2026-07-16 14:23:11.636,16987.337677924832,23.897035059790884,27.45,33.165841584158414
2026-07-16 14:23:11.736,16927.59238691263,23.897017583006463,27.45,33.16
2026-07-16 14:23:11.836,16958.798094769012,23.897001910787736,27.449999999999996,33.15613861386137
2026-07-16 14:23:11.936,16967.416257033175,23.89730226091737,27.45,33.14623762376236
2026-07-16 14:23:12.036,16956.987186366492,23.897471325226853,27.449999999999996,33.14
2026-07-16 14:23:12.136,16944.12802542072,23.897436394222648,27.45,33.13653465346535
2026-07-16 14:23:12.236,16940.202614200844,23.897530556122483,27.449999999999996,33.126666666666665
2026-07-16 14:23:12.336,16939.507796996666,23.89828106475735,27.449999999999996,33.11683168316831
2026-07-16 14:23:12.436,16906.7517850654,23.898234914766935,27.45,33.11
2026-07-16 14:23:12.536,16862.21320280218,23.898169706203404,27.45,33.1070588235294
2026-07-16 14:23:12.636,16831.59196012281,23.898109134167445,27.449999999999996,33.097227722772274
2026-07-16 14:23:12.736,16859.068815342507,23.89863448881841,27.449999999999996,33.08735294117646
2026-07-16 14:23:12.836,16924.60594066954,23.899901002828706,27.450000000000003,33.08
2026-07-16 14:23:12.936,16866.49519313931,23.900607417274273,27.44764705882352,33.07764705882352
2026-07-16 14:23:13.036,16782.821169020564,23.900866649441973,27.44,33.067821782178214
2026-07-16 14:23:13.136,16766.092879781227,23.90075355298617,27.44,33.06
2026-07-16 14:23:13.236,16751.724786176394,23.900570791303696,27.439999999999998,33.05803921568627
2026-07-16 14:23:13.336,16724.345142452177,23.900760920186812,27.44,33.048217821782174
2026-07-16 14:23:13.436,16701.040590609533,23.901306053259297,27.44,33.036666666666655
2026-07-16 14:23:13.536,16712.85319702917,23.901573957157005,27.439999999999998,33.02
2026-07-16 14:23:13.636,16723.646440857596,23.90260463956305,27.44,33.01862745098039
2026-07-16 14:23:13.736,16657.608908260197,23.90249177659923,27.441176470588243,33.00882352941176
2026-07-16 14:23:13.836,16534.556045848476,23.90222016093194,27.449009900990102,33.0
2026-07-16 14:23:13.936,16479.052159684063,23.90196502792046,27.439999999999998,32.99910891089109
2026-07-16 14:23:14.036,16511.29606474826,23.90184968103125,27.439999999999998,32.989215686274505
2026-07-16 14:23:14.136,16521.997643207247,23.90195809429236,27.44,32.98
2026-07-16 14:23:14.236,16480.49886715822,23.901325237080403,27.439999999999998,32.979509803921566
2026-07-16 14:23:14.336,16467.081264440294,23.901082950760163,27.440297029702972,32.96970297029702
2026-07-16 14:23:14.436,16432.2436529207,23.901187762413834,27.45,32.96
2026-07-16 14:23:14.536,16419.937193139875,23.90161849931559,27.45,32.95990196078431
2026-07-16 14:23:14.636,16407.524293229166,23.902227694013938,27.45,32.95009803921568
2026-07-16 14:23:14.736,16355.408234426252,23.902762570873463,27.45,32.940198019801976
2026-07-16 14:23:14.836,16391.09087207171,23.902917742855866,27.449999999999996,32.94
2026-07-16 14:23:14.936,16339.259570280665,23.902662641245456,27.449999999999996,32.930495049504934
2026-07-16 14:23:15.036,16352.198644971322,23.903030534276766,27.45,32.92059405940593
2026-07-16 14:23:15.136,16294.359240434915,23.902866485404772,27.440784313725494,32.91078431372549
2026-07-16 14:23:15.236,16241.204924278507,23.90233250809887,27.439999999999998,32.91
2026-07-16 14:23:15.336,16282.135719603657,23.902072025326767,27.448921568627455,32.90107843137255
2026-07-16 14:23:15.436,16229.67928809935,23.901827909877365,27.441188118811876,32.891188118811876
2026-07-16 14:23:15.536,16206.849613517468,23.902019464807605,27.44,32.89
2026-07-16 14:23:15.636,16124.640065900698,23.901545081484336,27.44,32.88155339805825
2026-07-16 14:23:15.736,16089.652005491222,23.901178067332467,27.44,32.87168316831682
2026-07-16 14:23:15.836,16090.55910545076,23.900979432061312,27.448137254901958,32.87
2026-07-16 14:23:15.936,16088.355193990352,23.900699987259394,27.449999999999996,32.8619801980198
2026-07-16 14:23:16.036,16080.776282647039,23.900151003237923,27.450000000000003,32.85215686274509
2026-07-16 14:23:16.136,16021.405156428013,23.90000010590002,27.449999999999996,32.842277227722775
2026-07-16 14:23:16.236,16069.84310045952,23.89985952894844,27.45,32.84
2026-07-16 14:23:16.336,16033.583734161168,23.899212374778664,27.442549019607842,32.83254901960784
2026-07-16 14:23:16.436,15997.666115763097,23.898692560149392,27.44,32.82267326732673
2026-07-16 14:23:16.536,16009.365698205016,23.898717774312242,27.439999999999998,32.81284313725489
2026-07-16 14:23:16.636,15992.802070902308,23.898964778548468,27.439999999999998,32.81
2026-07-16 14:23:16.736,15974.138040819842,23.898475014751263,27.44,32.803137254901955
2026-07-16 14:23:16.836,15926.69096900415,23.897626016650676,27.440000000000005,32.79326732673266
2026-07-16 14:23:16.936,15925.661725698683,23.897344499031,27.440000000000005,32.78343137254902
2026-07-16 14:23:17.036,15919.166300448833,23.89688704714232,27.44,32.77356435643564
2026-07-16 14:23:17.136,15884.503852868194,23.89602974823361,27.439999999999998,32.77
2026-07-16 14:23:17.236,15849.405964765549,23.895233685481692,27.44,32.76386138613861
2026-07-16 14:23:17.336,15863.91089703064,23.894850416347996,27.44,32.76
2026-07-16 14:23:17.436,15932.412932449037,23.895344089587947,27.439999999999998,32.75411764705881
2026-07-16 14:23:17.536,15891.853791429488,23.89552352204344,27.44,32.74425742574256
2026-07-16 14:23:17.636,15834.995668403171,23.895578976517463,27.445588235294117,32.73441176470588
2026-07-16 14:23:17.736,15814.298414445573,23.895478255084676,27.45,32.73
2026-07-16 14:23:17.836,15833.194320649773,23.895193153008343,27.45,32.72475247524753
2026-07-16 14:23:17.936,15877.311853457173,23.89525952064074,27.449999999999996,32.7149019607843
2026-07-16 14:23:18.036,15763.242955274172,23.894530480614286,27.449999999999996,32.709999999999994
2026-07-16 14:23:18.136,15811.763105491365,23.894462023170256,27.45,32.70519607843137
2026-07-16 14:23:18.236,15837.617762766557,23.894558925411992,27.45,32.69534653465347
2026-07-16 14:23:18.336,15803.744938378648,23.89449082744568,27.45,32.69
2026-07-16 14:23:18.436,15748.994310716073,23.89428319116046,27.449999999999996,32.685588235294105
2026-07-16 14:23:18.536,15708.967715290606,23.89435797337936,27.449999999999996,32.67574257425741
2026-07-16 14:23:18.636,15683.429917106456,23.893699873036546,27.449999999999996,32.66588235294117
2026-07-16 14:23:18.736,15704.231420892951,23.893703499546035,27.45,32.66
2026-07-16 14:23:18.836,15716.571640112426,23.893582622962136,27.45,32.65617647058823
2026-07-16 14:23:18.936,15659.792437500535,23.892640442513898,27.45,32.64633663366336
2026-07-16 14:23:19.036,15601.894726169234,23.891307275002234,27.450000000000003,32.64
2026-07-16 14:23:19.136,15715.822951438804,23.891052114768662,27.45,32.636568627450984
2026-07-16 14:23:19.236,15614.842572785881,23.89000046747433,27.45,32.62673267326733
2026-07-16 14:23:19.336,15631.588767500838,23.88977152667151,27.449999999999996,32.61999999999999
2026-07-16 14:23:19.436,15641.122245348066,23.889336541740214,27.449999999999996,32.617029702970285
2026-07-16 14:23:19.536,15633.0647775301,23.88901255163976,27.45,32.60712871287128
2026-07-16 14:23:19.636,15631.27322813412,23.888796499111432,27.45,32.6
2026-07-16 14:23:19.736,15646.333973699506,23.888229201055637,27.45,32.59742574257425
2026-07-16 14:23:19.836,15561.700861755959,23.88730220224287,27.45,32.58754901960784
2026-07-16 14:23:19.936,15619.475352435438,23.8872456084527,27.449999999999996,32.58
2026-07-16 14:23:20.036,15719.69479345269,23.88757351073955,27.45,32.57782178217821
2026-07-16 14:23:20.136,15676.457520736261,23.887279173301543,27.449999999999996,32.56794117647059
2026-07-16 14:23:20.236,15613.06158530449,23.887041391982685,27.449999999999996,32.56
2026-07-16 14:23:20.336,15705.1975936481,23.88783740623282,27.45,32.556470588235285
2026-07-16 14:23:20.436,15603.998307970574,23.887815425807045,27.449999999999996,32.53841584158415
2026-07-16 14:23:20.536,15622.508083206023,23.887795888306506,27.449999999999996,32.528529411764694
2026-07-16 14:23:20.636,15601.085632412716,23.887778062945046,27.448712871287125,32.51871287128713
2026-07-16 14:23:20.736,15571.719950874869,23.88726783376959,27.44,32.51
2026-07-16 14:23:20.836,15592.61419522993,23.88694455011776,27.44,32.509009900990094
2026-07-16 14:23:20.936,15639.42836431042,23.887125225506566,27.439999999999998,32.49910891089109
2026-07-16 14:23:21.036,15519.391324703718,23.88626246368676,27.439999999999998,32.489215686274505
2026-07-16 14:23:21.136,15537.85901435408,23.88631927497187,27.44,32.48
2026-07-16 14:23:21.236,15574.135208958818,23.885996632168336,27.44,32.47950495049505
2026-07-16 14:23:21.336,15524.802542168243,23.885610392324242,27.44,32.47
2026-07-16 14:23:21.436,15499.18890225295,23.8854425755767,27.439999999999998,32.469801980198014
2026-07-16 14:23:21.536,15547.40393437392,23.885533506144036,27.44,32.459900990099
2026-07-16 14:23:21.636,15538.843123486482,23.88559140544871,27.439999999999998,32.449999999999996
2026-07-16 14:23:21.736,15521.670210331122,23.885256261557664,27.44,32.45
2026-07-16 14:23:21.836,15576.496680879845,23.88529489949889,27.439999999999998,32.44029702970296
2026-07-16 14:23:21.936,15514.019246892307,23.884855170682176,27.439999999999998,32.430490196078416
2026-07-16 14:23:22.036,15496.814296732573,23.88436129886423,27.44,32.42059405940592
2026-07-16 14:23:22.136,15538.649862854067,23.88395884992298,27.439999999999998,32.42
2026-07-16 14:23:22.236,15475.138345677922,23.883337680460553,27.44,32.41088235294117
2026-07-16 14:23:22.336,15520.89145722594,23.88308931702694,27.44,32.400990099009896
2026-07-16 14:23:22.436,15500.852628680681,23.882488388949653,27.439999999999998,32.39117647058823
2026-07-16 14:23:22.536,15490.295446006206,23.882165939374413,27.44,32.38128712871286
2026-07-16 14:23:22.636,15509.520726425464,23.882411634898922,27.44,32.38
2026-07-16 14:23:22.736,15512.315556997508,23.88246214618736,27.431568627450975,32.37156862745097
2026-07-16 14:23:22.836,15453.323804462027,23.881453369293965,27.43,32.36168316831682
2026-07-16 14:23:22.936,15447.870913095388,23.880814792911554,27.43,32.351862745098025
2026-07-16 14:23:23.036,15534.121648726736,23.881106132448362,27.43,32.35
2026-07-16 14:23:23.136,15514.140118250218,23.881052855029388,27.43,32.34215686274511
2026-07-16 14:23:23.236,15532.868705679937,23.881409321085478,27.43,32.33227722772277
2026-07-16 14:23:23.336,15565.264730655863,23.882140815200856,27.429999999999996,32.33
2026-07-16 14:23:23.436,15538.10372086917,23.88267132475521,27.429999999999996,32.322574257425735
2026-07-16 14:23:23.536,15516.071589683963,23.882422660432393,27.43,32.31999999999999
2026-07-16 14:23:23.636,15490.118934006918,23.882195354902148,27.429999999999996,32.312871287128715
2026-07-16 14:23:23.736,15421.564132429568,23.88162772167494,27.43,32.3029702970297
2026-07-16 14:23:23.836,15455.771196698015,23.880996188430544,27.43,32.3
2026-07-16 14:23:23.936,15519.173544195291,23.88078578905057,27.43,32.29326732673266
2026-07-16 14:23:24.036,15511.201351421145,23.881000000651717,27.43,32.283431372549
2026-07-16 14:23:24.136,15443.037937667135,23.880820278248734,27.429999999999996,32.28
2026-07-16 14:23:24.236,15444.666517896989,23.88024456387795,27.43,32.273725490196085
2026-07-16 14:23:24.336,15434.871925374668,23.880457520142762,27.43,32.26386138613861
2026-07-16 14:23:24.436,15415.513066989535,23.880483402720444,27.429999999999996,32.2539603960396
2026-07-16 14:23:24.536,15436.67364837135,23.880564142062447,27.429999999999996,32.24999999999999
2026-07-16 14:23:24.636,15466.871712042552,23.880512983528153,27.43,32.244257425742575
2026-07-16 14:23:24.736,15406.669896505344,23.87954306971154,27.43,32.23441176470588
2026-07-16 14:23:24.836,15435.020820666687,23.878559961699633,27.43,32.23
2026-07-16 14:23:24.936,15471.767402986145,23.878431493935533,27.43,32.22465346534652
2026-07-16 14:23:25.036,15462.371864111608,23.878727464931906,27.429999999999996,32.21480392156862
2026-07-16 14:23:25.136,15438.156327694636,23.878673996541323,27.43,32.2049504950495
2026-07-16 14:23:25.236,15445.60724024897,23.878482665945246,27.434950495049506,32.2
2026-07-16 14:23:25.336,15487.707431195513,23.878788686178797,27.44,32.195196078431366
2026-07-16 14:23:25.436,15393.772588014212,23.878292592727956,27.44,32.18534653465346
2026-07-16 14:23:25.536,15429.041761856035,23.87824257683547,27.439999999999998,32.17999999999999
2026-07-16 14:23:25.636,15423.19330818699,23.878219384049622,27.44,32.175643564356434
2026-07-16 14:23:25.736,15439.841015333302,23.87797131026212,27.439999999999998,32.16574257425742
2026-07-16 14:23:25.836,15477.382922821173,23.87770785944865,27.439999999999998,32.16
2026-07-16 14:23:25.936,15487.22186653686,23.877709293696984,27.439999999999998,32.15603960396039
2026-07-16 14:23:26.036,15436.17931825092,23.87771061047414,27.439999999999998,32.14617647058822
2026-07-16 14:23:26.136,15406.65261332115,23.877711804743527,27.439999999999998,32.14
2026-07-16 14:23:26.236,15473.456619222743,23.878284773877024,27.439999999999998,32.136435643564354
2026-07-16 14:23:26.336,15425.471848910087,23.878085300571563,27.440000000000005,32.12656862745098
2026-07-16 14:23:26.436,15383.632427840572,23.877630240665045,27.439999999999998,32.12
2026-07-16 14:23:26.536,15447.160618988206,23.877634952218056,27.439999999999998,32.11683168316831
2026-07-16 14:23:26.636,15420.433191590619,23.87763929071015,27.439999999999998,32.10696078431373
2026-07-16 14:23:26.736,15419.212090309225,23.877643243424373,27.439999999999998,32.1
2026-07-16 14:23:26.836,15403.964547739499,23.87705818682063,27.439999999999998,32.09732673267326
2026-07-16 14:23:26.936,15409.846539400554,23.876842092556558,27.439999999999998,32.08745098039215
2026-07-16 14:23:27.036,15409.18947458634,23.876714207810682,27.439999999999998,32.08
2026-07-16 14:23:27.136,15397.270706197216,23.876495065731373,27.44,32.075643564356426
2026-07-16 14:23:27.236,15407.765939919378,23.87651534754787,27.44,32.0579207920792
2026-07-16 14:23:27.336,15340.155331669259,23.876218587151808,27.440000000000005,32.05
2026-07-16 14:23:27.436,15414.577435310686,23.87593231075846,27.44,32.048217821782174
2026-07-16 14:23:27.536,15437.568158517577,23.876145193960646,27.44,32.03833333333333
2026-07-16 14:23:27.636,15422.773602713432,23.876382792842307,27.439999999999998,32.02852941176471
2026-07-16 14:23:27.736,15400.184301840534,23.876326854923462,27.439999999999998,32.018725490196076
2026-07-16 14:23:27.836,15386.510125083758,23.876037707981865,27.439999999999998,32.01
2026-07-16 14:23:27.936,15436.849122854315,23.875758700933282,27.440000000000005,32.00901960784313
2026-07-16 14:23:28.036,15391.476495543595,23.87549065913688,27.439999999999998,31.999207920792074
2026-07-16 14:23:28.136,15429.035326927562,23.87574910082138,27.439999999999998,31.989999999999995
2026-07-16 14:23:28.236,15432.859502841988,23.875984065803188,27.44,31.989504950495046
2026-07-16 14:23:28.336,15395.600353160418,23.875803411382723,27.439999999999998,31.979603960396037
2026-07-16 14:23:28.436,15388.274708031731,23.875303131693773,27.439999999999998,31.969705882352933
2026-07-16 14:23:28.536,15426.395228742696,23.87539763643731,27.44,31.959999999999997
2026-07-16 14:23:28.636,15334.85965324237,23.874800107023773,27.439999999999998,31.959999999999997
2026-07-16 14:23:28.736,15336.828913649262,23.874185066342967,27.44,31.950196078431368
2026-07-16 14:23:28.836,15361.012674706108,23.873571131911568,27.439999999999998,31.940297029702965
2026-07-16 14:23:28.936,15390.993618650957,23.873284473211513,27.439999999999998,31.939999999999998
2026-07-16 14:23:29.036,15424.44877719133,23.873474518733516,27.44,31.930594059405923
2026-07-16 14:23:29.136,15423.308303881773,23.87364484065029,27.439999999999998,31.93
2026-07-16 14:23:29.236,15346.058501483352,23.87343415737429,27.44,31.920882352941177
2026-07-16 14:23:29.336,15370.73350131245,23.87354293411153,27.44,31.9109900990099
2026-07-16 14:23:29.436,15405.434468892516,23.87347660841997,27.440000000000005,31.91
2026-07-16 14:23:29.536,15406.987401297407,23.87344155651322,27.44,31.901274509803912
2026-07-16 14:23:29.636,15375.350087899722,23.873239614525918,27.44,31.89138613861386
2026-07-16 14:23:29.736,15350.431910711084,23.872046292560032,27.44,31.89
2026-07-16 14:23:29.836,15414.07533150622,23.871890599860237,27.439999999999998,31.881862745098037
2026-07-16 14:23:29.936,15379.14848766358,23.871046700038573,27.439999999999998,31.8719801980198
2026-07-16 14:23:30.036,15347.709358824024,23.87038426802686,27.44,31.86207920792079
2026-07-16 14:23:30.136,15346.129159151527,23.870076431799642,27.44,31.86
2026-07-16 14:23:30.236,15353.469001464391,23.86975007013004,27.439999999999998,31.852376237623762
2026-07-16 14:23:30.336,15332.102793040656,23.86889441047439,27.447524752475246,31.842475247524746
2026-07-16 14:23:30.436,15329.552138430672,23.868426922035518,27.449999999999996,31.839999999999996
2026-07-16 14:23:30.536,15374.450012879071,23.868392960055107,27.45,31.83277227722771
2026-07-16 14:23:30.636,15367.602459571706,23.868396338640103,27.449999999999996,31.81574257425742
2026-07-16 14:23:30.736,15405.900036169127,23.868399435238988,27.449999999999996,31.809999999999995
2026-07-16 14:23:30.836,15449.07181758028,23.868532074160022,27.443235294117635,31.80323529411764
2026-07-16 14:23:30.936,15411.311785304952,23.86890659410071,27.440000000000005,31.793431372549016
2026-07-16 14:23:31.036,15463.290116295851,23.869267973600905,27.44,31.79
2026-07-16 14:23:31.136,15419.585416988255,23.869248762731743,27.44,31.783762376237625
2026-07-16 14:23:31.236,15371.535378608993,23.868931216408797,27.44,31.77386138613861
2026-07-16 14:23:31.336,15393.372573283112,23.868756930907743,27.439999999999998,31.769999999999996
2026-07-16 14:23:31.436,15427.488997943808,23.86874558264071,27.439999999999998,31.76415841584157
2026-07-16 14:23:31.536,15406.357099222736,23.86880249313012,27.44,31.754313725490185
2026-07-16 14:23:31.636,15400.831302808612,23.869126694470925,27.439999999999998,31.744455445544546
2026-07-16 14:23:31.736,15377.467718714399,23.869102473748537,27.44,31.736678743961345
2026-07-16 14:23:31.836,15339.71653354101,23.86853252426051,27.44,31.73064009661835
2026-07-16 14:23:31.936,15321.687171113466,23.86805418329771,27.439999999999998,31.724601449275355
2026-07-16 14:23:32.036,15337.120814841315,23.86802046115444,27.439999999999998,31.71856280193236
2026-07-16 14:23:32.136,15379.20671167297,23.868486841359065,27.44,31.712524154589374
2026-07-16 14:23:32.236,15420.864298995293,23.86918575042049,27.439999999999998,31.706485507246374
2026-07-16 14:23:32.336,15400.748767847928,23.869156075695027,27.44,31.70044685990338
2026-07-16 14:23:32.436,15414.265744512886,23.86977330482614,27.439999999999998,31.694408212560383
2026-07-16 14:23:32.536,15391.804930191038,23.869967096485084,27.44027,31.68838
2026-07-16 14:23:32.636,15358.096000280237,23.869905317564633,27.44127,31.682380000000002
2026-07-16 14:23:32.736,15341.110500471015,23.869742076936717,27.44227,31.67638
2026-07-16 14:23:32.836,15348.321945844076,23.869359467322774,27.44327,31.67038
2026-07-16 14:23:32.936,15421.032020807183,23.869324226067572,27.44427,31.664379999999998
2026-07-16 14:23:33.036,15443.833961795313,23.869940876131885,27.44527,31.658379999999994
2026-07-16 14:23:33.136,15410.771184398638,23.87063071630184,27.44627,31.652380000000004
2026-07-16 14:23:33.236,15359.972053264088,23.871109866971,27.44727,31.64638
2026-07-16 14:23:33.336,15352.137505555747,23.871524693492134,27.44827,31.64038
2026-07-16 14:23:33.436,15398.728529650942,23.872020869100353,27.449270000000002,31.63438
2026-07-16 14:23:33.536,15281.500017567987,23.87144965675858,27.449999999999996,31.62735294117646
2026-07-16 14:23:33.636,15367.07263206568,23.871689892661028,27.449999999999996,31.617524752475248
2026-07-16 14:23:33.736,15406.242320368196,23.872280832713816,27.45,31.607623762376235
2026-07-16 14:23:33.836,15413.750673846556,23.872711843785563,27.45,31.599999999999998
2026-07-16 14:23:33.936,15410.970918419614,23.873103815642253,27.449999999999996,31.5979207920792
2026-07-16 14:23:34.036,15384.23770279255,23.87342539303103,27.45,31.588019801980188
2026-07-16 14:23:34.136,15252.330500082553,23.87231595261843,27.45,31.578137254901957
2026-07-16 14:23:34.236,15310.871548314344,23.87257996793354,27.44831683168316,31.566633663366325
2026-07-16 14:23:34.336,15311.011680650514,23.87210071160167,27.439999999999998,31.55
2026-07-16 14:23:34.436,15288.321761859175,23.871454293897344,27.44,31.54862745098038
2026-07-16 14:23:34.536,15329.323279856333,23.8714329961133,27.439999999999998,31.53881188118811
2026-07-16 14:23:34.636,15403.92924510547,23.87179428901986,27.44,31.53
2026-07-16 14:23:34.736,15281.418188312779,23.870663270134195,27.439999999999998,31.529108910891086
2026-07-16 14:23:34.836,15298.610653349539,23.870541281255967,27.439999999999998,31.519215686274507
2026-07-16 14:23:34.936,15334.45110639247,23.870845414137346,27.439999999999998,31.509405940594053
2026-07-16 14:23:35.036,15333.069451996806,23.871205391423853,27.44,31.49950980392156
2026-07-16 14:23:35.136,15355.734248054192,23.87132287236595,27.439999999999998,31.49
2026-07-16 14:23:35.236,15389.097039093123,23.871178911033024,27.439999999999998,31.48980198019801
2026-07-16 14:23:35.336,15323.583572634223,23.871009406386626,27.44,31.479901960784304
2026-07-16 14:23:35.436,15356.644884317897,23.87044686526926,27.44,31.47009803921568
2026-07-16 14:23:35.536,15396.274346029519,23.870697446268316,27.439999999999998,31.469999999999995
2026-07-16 14:23:35.636,15352.639729477023,23.87102886507563,27.439999999999998,31.46058252427184
2026-07-16 14:23:35.736,15354.277430195005,23.871123525645263,27.439999999999998,31.46
2026-07-16 14:23:35.836,15391.777724478641,23.871001739772968,27.44,31.450882352941164
2026-07-16 14:23:35.936,15344.649587121965,23.870888874429554,27.44,31.440990099009888
2026-07-16 14:23:36.036,15325.613459427945,23.870784636489624,27.440000000000005,31.44
2026-07-16 14:23:36.136,15284.362775010319,23.86995468377841,27.44,31.43128712871287
2026-07-16 14:23:36.236,15302.324368165871,23.86937647381219,27.44,31.42138613861386
2026-07-16 14:23:36.336,15308.650710037138,23.86867618770596,27.439999999999998,31.42
2026-07-16 14:23:36.436,15328.037673976749,23.868282801902744,27.44,31.411683168316824
2026-07-16 14:23:36.536,15391.75917431743,23.868735011709493,27.44,31.401941747572803
2026-07-16 14:23:36.636,15342.245539824578,23.869165954162977,27.439999999999998,31.4
2026-07-16 14:23:36.736,15302.253922214995,23.868700811972374,27.44,31.392277227722772
2026-07-16 14:23:36.836,15329.697898716473,23.86859496932837,27.44,31.38245098039215
2026-07-16 14:23:36.936,15357.054606725114,23.868839158153314,27.439999999999998,31.379999999999995
2026-07-16 14:23:37.036,15365.917442730657,23.869241746236934,27.44,31.372673267326725
2026-07-16 14:23:37.136,15372.702951929668,23.86953621145246,27.439999999999998,31.3628431372549
2026-07-16 14:23:37.236,15403.435113399742,23.869466606244398,27.439999999999998,31.3529702970297
2026-07-16 14:23:37.336,15333.895048468527,23.868610007100635,27.439999999999998,31.349999999999998
2026-07-16 14:23:37.436,15414.567317354093,23.869190626055,27.439999999999998,31.336470588235276
2026-07-16 14:23:37.536,15390.684274087886,23.869753803760226,27.440000000000005,31.33
2026-07-16 14:23:37.636,15307.930313148627,23.869528985633494,27.439999999999998,31.323529411764703
2026-07-16 14:23:37.736,15280.195861547305,23.868678704124605,27.44,31.313725490196077
2026-07-16 14:23:37.836,15346.584924844627,23.868150858530917,27.44,31.303861386138614
2026-07-16 14:23:37.936,15297.77613106336,23.867207660052298,27.44,31.3
2026-07-16 14:23:38.036,15324.65657796824,23.867588269679988,27.439999999999998,31.294117647058812
2026-07-16 14:23:38.136,15352.099114409633,23.86847732949711,27.439999999999998,31.284257425742574
2026-07-16 14:23:38.236,15363.495738308677,23.869239371662488,27.439999999999998,31.279999999999998
2026-07-16 14:23:38.336,15364.53565653351,23.86939838705382,27.439999999999998,31.27455445544554
2026-07-16 14:23:38.436,15360.21861647546,23.868884632231342,27.439999999999998,31.264653465346527
2026-07-16 14:23:38.536,15290.623579462026,23.868861782289958,27.439999999999998,31.259999999999998
2026-07-16 14:23:38.636,15325.959894989524,23.869280322408365,27.44,31.255000000000003
2026-07-16 14:23:38.736,15373.890441400132,23.869367150915416,27.439999999999998,31.24519607843137
2026-07-16 14:23:38.836,15372.745864997021,23.869075365769206,27.44,31.24
2026-07-16 14:23:38.936,15358.543016962602,23.868746684451107,27.439999999999998,31.235490196078423
2026-07-16 14:23:39.036,15385.313145168358,23.868800814704525,27.439999999999998,31.22564356435642
2026-07-16 14:23:39.136,15337.782023737242,23.86921305239484,27.439999999999998,31.22
2026-07-16 14:23:39.236,15270.078935057185,23.868773223784235,27.439999999999998,31.215882352941172
2026-07-16 14:23:39.336,15288.432364893162,23.868661729547288,27.439999999999998,31.206039603960388
2026-07-16 14:23:39.436,15336.045788247815,23.868653018422286,27.439999999999998,31.199999999999996
2026-07-16 14:23:39.536,15347.95772019749,23.868489667161946,27.44,31.196274509803914
2026-07-16 14:23:39.636,15313.327500200156,23.86825194213632,27.44,31.186435643564362
2026-07-16 14:23:39.736,15329.39476197743,23.868652196791622,27.44,31.18
2026-07-16 14:23:39.836,15358.74775991661,23.86903523740005,27.439999999999998,31.176732673267324
2026-07-16 14:23:39.936,15366.883426364831,23.869081530059024,27.439999999999998,31.166862745098037
2026-07-16 14:23:40.036,15335.527490825742,23.868814939705793,27.44,31.159999999999997
2026-07-16 14:23:40.136,15316.123964993052,23.86875087485879,27.439999999999998,31.157156862745094
2026-07-16 14:23:40.236,15333.096822529224,23.86892978392735,27.439999999999998,31.14732673267326
2026-07-16 14:23:40.336,15333.311162391758,23.868518326123997,27.439999999999998,31.139999999999997
2026-07-16 14:23:40.436,15307.095891773683,23.86812212083467,27.44,31.137623762376226
2026-07-16 14:23:40.536,15327.835420729312,23.868083380304704,27.440000000000005,31.127745098039206
2026-07-16 14:23:40.636,15364.194139199974,23.868348639126896,27.44,31.11792079207921
2026-07-16 14:23:40.736,15351.32716098901,23.8685459507361,27.439999999999998,31.11
2026-07-16 14:23:40.836,15303.236544644775,23.868542807338518,27.44,31.10813725490196
2026-07-16 14:23:40.936,15313.673916947779,23.86861054549123,27.44168316831684,31.096633663366326
2026-07-16 14:23:41.036,15378.970485621583,23.869304910296034,27.449999999999996,31.07843137254901
2026-07-16 14:23:41.136,15348.263574981233,23.868997063484045,27.448613861386136,31.069999999999997
2026-07-16 14:23:41.236,15302.697262333826,23.86860001835194,27.44,31.068712871287122
2026-07-16 14:23:41.336,15314.05017280683,23.868415508863446,27.44,31.058823529411754
2026-07-16 14:23:41.436,15356.5712144139,23.868417572168283,27.44,31.05
2026-07-16 14:23:41.536,15360.029075140144,23.86852086983506,27.440000000000005,31.049117647058814
2026-07-16 14:23:41.636,15383.755373282618,23.869218312046765,27.439999999999998,31.039306930693073
2026-07-16 14:23:41.736,15301.550346968463,23.868866593114184,27.44,31.03
2026-07-16 14:23:41.836,15294.979552421453,23.86847526583952,27.439999999999998,31.029603960396035
2026-07-16 14:23:41.936,15314.712104777145,23.868312911875996,27.439999999999998,31.019702970297022
2026-07-16 14:23:42.036,15318.513222474525,23.86845450103185,27.44,31.009999999999998
2026-07-16 14:23:42.136,15304.902681669457,23.868675172104943,27.44,31.01
2026-07-16 14:23:42.236,15334.050831584878,23.868297688037355,27.44,31.000099009900985
2026-07-16 14:23:42.336,15354.769693743612,23.86830396109726,27.44,30.990198019801973
2026-07-16 14:23:42.436,15338.065309806669,23.868310142744754,27.44,30.980392156862735
2026-07-16 14:23:42.536,15340.368959599042,23.868521097748236,27.440000000000005,30.98
2026-07-16 14:23:42.636,15332.96598638593,23.868855015268046,27.439999999999998,30.970882352941175
2026-07-16 14:23:42.736,15316.231104474664,23.86918048372071,27.44,30.9609900990099
2026-07-16 14:23:42.836,15386.709304792394,23.869527447429178,27.439999999999998,30.95117647058823
2026-07-16 14:23:42.936,15425.017650748774,23.870533932196164,27.44,30.95
2026-07-16 14:23:43.036,15356.873087339995,23.87060490687174,27.44,30.941470588235283
2026-07-16 14:23:43.136,15312.151265981913,23.87051863463561,27.44,30.931584158415838
2026-07-16 14:23:43.236,15341.380130742986,23.870780324863993,27.44,30.93
2026-07-16 14:23:43.336,15381.52475026185,23.871111608928576,27.439999999999998,30.92186274509804
2026-07-16 14:23:43.436,15304.515405273509,23.870616873939316,27.439999999999998,30.911980198019798
2026-07-16 14:23:43.536,15306.944408021529,23.870133818195633,27.440000000000005,30.91
2026-07-16 14:23:43.636,15278.175614503158,23.869664306849472,27.439999999999998,30.902475247524745
2026-07-16 14:23:43.736,15273.775964047116,23.869208315748807,27.439999999999998,30.89264705882352
2026-07-16 14:23:43.836,15287.968454097729,23.86897769217052,27.44,30.882772277227712
2026-07-16 14:23:43.936,15277.17744651802,23.86882933566818,27.44,30.88
2026-07-16 14:23:44.036,15225.974397378235,23.868523190193812,27.439999999999998,30.873069306930685
2026-07-16 14:23:44.136,15342.599062733463,23.868909548692276,27.439999999999998,30.869999999999997
2026-07-16 14:23:44.236,15333.281476789809,23.868913994130214,27.439999999999998,30.86336633663366
2026-07-16 14:23:44.336,15275.041309988635,23.86861156067837,27.44,30.85346534653465
2026-07-16 14:23:44.436,15306.733620477695,23.86864680064646,27.44,30.843627450980385
2026-07-16 14:23:44.536,15378.95356073817,23.869017387885407,27.44,30.833823529411752
2026-07-16 14:23:44.636,15375.954185610668,23.86930826427443,27.44,30.83
2026-07-16 14:23:44.736,15353.273266961565,23.869273631571435,27.44,30.824117647058827
2026-07-16 14:23:44.836,15331.343070494902,23.86887619661827,27.439999999999998,30.81425742574257
2026-07-16 14:23:44.936,15325.848663931534,23.868783054988533,27.439999999999998,30.81
2026-07-16 14:23:45.036,15312.878489245491,23.86833641567365,27.44544554455446,30.804554455445533
2026-07-16 14:23:45.136,15289.871105336053,23.867757239412263,27.45,30.794653465346535
2026-07-16 14:23:45.236,15265.7478018787,23.867229119760943,27.45,30.79
2026-07-16 14:23:45.336,15252.52633822025,23.86614880806486,27.449999999999996,30.7849504950495
2026-07-16 14:23:45.436,15342.119174134266,23.86625357369428,27.45,30.775098039215678
2026-07-16 14:23:45.536,15311.01526563404,23.866350461199197,27.449999999999996,30.769999999999996
2026-07-16 14:23:45.636,15292.264956756328,23.866440486779368,27.449999999999996,30.765392156862738
2026-07-16 14:23:45.736,15305.981922356998,23.866524275334676,27.449999999999996,30.755544554455433
2026-07-16 14:23:45.836,15333.675050058095,23.86660238731246,27.45,30.745686274509797
2026-07-16 14:23:45.936,15349.831290557526,23.866622425978274,27.45,30.740000000000002
2026-07-16 14:23:46.036,15278.559414959982,23.865977125372957,27.449999999999996,30.7359405940594
2026-07-16 14:23:46.136,15313.290929221112,23.865327508710656,27.449999999999996,30.72607843137255
2026-07-16 14:23:46.236,15372.940805160739,23.86576861717414,27.45,30.72
2026-07-16 14:23:46.336,15408.527539629798,23.866281533919143,27.45,30.71633663366336
2026-07-16 14:23:46.436,15395.879098941048,23.866502932966725,27.449999999999996,30.706470588235288
2026-07-16 14:23:46.536,15346.862419557994,23.86699213360371,27.449999999999996,30.699999999999996
2026-07-16 14:23:46.636,15349.298418980079,23.8674653690243,27.449999999999996,30.696764705882348
2026-07-16 14:23:46.736,15328.439186191354,23.867539442564414,27.45,30.6869306930693
2026-07-16 14:23:46.836,15339.608679565503,23.8678682250793,27.449999999999996,30.68
2026-07-16 14:23:46.936,15327.536022096223,23.867853050985772,27.450000000000003,30.677156862745093
2026-07-16 14:23:47.036,15330.71853306982,23.867756554274926,27.449999999999996,30.667326732673263
2026-07-16 14:23:47.136,15398.413256406177,23.868122492139786,27.44742574257426,30.659999999999997
2026-07-16 14:23:47.236,15378.185635905878,23.86813749666164,27.44,30.657549019607842
2026-07-16 14:23:47.336,15304.331265762912,23.868522194991996,27.44,30.647722772277223
2026-07-16 14:23:47.436,15341.87262020617,23.869218128255067,27.439999999999998,30.637843137254894
2026-07-16 14:23:47.536,15321.40877052214,23.869265183829004,27.44,30.628019801980187
2026-07-16 14:23:47.636,15279.06225895297,23.868977299375135,27.44,30.62
2026-07-16 14:23:47.736,15298.483601303928,23.86895473555528,27.43833333333333,30.61499999999998
2026-07-16 14:23:47.836,15319.224386957441,23.868933984886688,27.43,30.59
2026-07-16 14:23:47.936,15298.404451043323,23.868915139944534,27.43,30.58862745098038
2026-07-16 14:23:48.036,15332.552380139732,23.86889768201492,27.43,30.58
2026-07-16 14:23:48.136,15307.529676038197,23.86865913569167,27.43,30.57892156862745
2026-07-16 14:23:48.236,15300.058739574291,23.868609432510024,27.43089108910891,30.56910891089108
2026-07-16 14:23:48.336,15341.93910880952,23.86895500350335,27.439999999999998,30.56
2026-07-16 14:23:48.436,15312.310870884827,23.86929068165821,27.44,30.55931372549019
2026-07-16 14:23:48.536,15287.43077934928,23.869614315290452,27.44,30.55
2026-07-16 14:23:48.636,15334.376940815626,23.86961684892775,27.44,30.549607843137252
2026-07-16 14:23:48.736,15349.72840943356,23.869806308411707,27.439999999999998,30.539801980198007
2026-07-16 14:23:48.836,15336.545099964938,23.869933585841153,27.44,30.529901960784304
2026-07-16 14:23:48.936,15308.743714292596,23.869678053546252,27.44,30.520098039215686
2026-07-16 14:23:49.036,15278.145677988841,23.869059071488692,27.44,30.52
2026-07-16 14:23:49.136,15339.81272535188,23.86939547769719,27.439999999999998,30.510297029702972
2026-07-16 14:23:49.236,15345.556152727915,23.86939049636618,27.439999999999998,30.500490196078427
2026-07-16 14:23:49.336,15314.787041791726,23.869355581098972,27.44,30.5
2026-07-16 14:23:49.436,15294.763383200501,23.869322972747995,27.439999999999998,30.49069306930692
2026-07-16 14:23:49.536,15300.62502565602,23.869401802583614,27.44,30.48088235294117
2026-07-16 14:23:49.636,15312.984708901815,23.869594708545776,27.44,30.47435367114788
2026-07-16 14:23:49.736,15297.708102723505,23.86922243288797,27.439999999999998,30.46814891416752
2026-07-16 14:23:49.836,15292.306763109927,23.869181615854252,27.439999999999998,30.461944157187173
2026-07-16 14:23:49.936,15310.381827203331,23.86915679838129,27.44,30.455739400206824
2026-07-16 14:23:50.036,15337.169308529144,23.86895253141295,27.439999999999998,30.449534643226468
2026-07-16 14:23:50.136,15317.097243400802,23.868494976033933,27.440000000000005,30.443329886246122
2026-07-16 14:23:50.236,15259.817206989945,23.86810707421633,27.44,30.437125129265766
2026-07-16 14:23:50.336,15367.293263715515,23.868810555630315,27.439999999999998,30.430920372285414
2026-07-16 14:23:50.436,15330.178086362823,23.86879723638896,27.44,30.424715615305065
2026-07-16 14:23:50.536,15323.183380452301,23.868784851957336,27.439999999999998,30.417647058823515
2026-07-16 14:23:50.636,15304.991999761165,23.86877331107259,27.44,30.41
2026-07-16 14:23:50.736,15317.641421449574,23.868898966159428,27.439999999999998,30.407941176470583
2026-07-16 14:23:50.836,15365.433623404078,23.86920438417533,27.439999999999998,30.398118811881183
2026-07-16 14:23:50.936,15347.938323601875,23.86950258621473,27.439999999999998,30.388235294117642
2026-07-16 14:23:51.036,15346.111411517602,23.869791705599027,27.439999999999998,30.38
2026-07-16 14:23:51.136,15345.73278469366,23.86979209230144,27.44,30.377227722772275
2026-07-16 14:23:51.236,15379.80000309292,23.869956750828244,27.439999999999998,30.359999999999996
2026-07-16 14:23:51.336,15350.17010876194,23.870073316628748,27.439999999999998,30.3589108910891
2026-07-16 14:23:51.436,15277.1334147027,23.870018293053448,27.440000000000005,30.349019607843132
2026-07-16 14:23:51.536,15322.064392538021,23.87002249985402,27.439999999999998,30.339207920792074
2026-07-16 14:23:51.636,15365.2648976723,23.870587380883613,27.439999999999998,30.329999999999995
2026-07-16 14:23:51.736,15350.543696612576,23.870863729330093,27.44,30.32950495049505
2026-07-16 14:23:51.836,15327.48435093751,23.871101263130594,27.439999999999998,30.319603960396037
2026-07-16 14:23:51.936,15316.305818547211,23.87133095377562,27.439999999999998,30.309705882352933
2026-07-16 14:23:52.036,15316.913610016967,23.871552814750444,27.44,30.3
2026-07-16 14:23:52.136,15317.433313751628,23.87172369176449,27.439999999999998,30.299999999999997
2026-07-16 14:23:52.236,15317.392476049255,23.87161148298435,27.44,30.290196078431368
2026-07-16 14:23:52.336,15315.706271985026,23.87180002429986,27.439999999999998,30.28029702970296
2026-07-16 14:23:52.436,15335.532373456885,23.871999494226213,27.439999999999998,30.28
2026-07-16 14:23:52.536,15347.298897760022,23.872191888129336,27.44,30.270588235294102
2026-07-16 14:23:52.636,15326.947160022197,23.872377320585166,27.439999999999998,30.260693069306924
2026-07-16 14:23:52.736,15287.814047456919,23.87255592261923,27.44,30.25088235294118
2026-07-16 14:23:52.836,15319.983915860133,23.872727752404288,27.44,30.25
2026-07-16 14:23:52.936,15276.813487174062,23.872285457811206,27.440000000000005,30.241089108910888
2026-07-16 14:23:53.036,15263.089739435447,23.871835946753137,27.44,30.231274509803914
2026-07-16 14:23:53.136,15274.375917670866,23.871590764406132,27.44,30.229999999999997
2026-07-16 14:23:53.236,15317.688718478388,23.871753095247332,27.439999999999998,30.221485148514844
2026-07-16 14:23:53.336,15368.30076562422,23.87230306199863,27.439999999999998,30.211666666666662
2026-07-16 14:23:53.436,15343.162363477559,23.87284434339869,27.44,30.21
2026-07-16 14:23:53.536,15315.939406550928,23.873030589075928,27.440000000000005,30.202038834951452
2026-07-16 14:23:53.636,15293.573750980475,23.872915235624802,27.44,30.19233009708738
2026-07-16 14:23:53.736,15331.759462727368,23.873426448152557,27.440000000000005,30.190000000000005
2026-07-16 14:23:53.836,15349.743739349848,23.873971067369066,27.44,30.182673267326727
2026-07-16 14:23:53.936,15335.337564366979,23.874224972186852,27.44,30.18
2026-07-16 14:23:54.036,15393.046957517214,23.87471755505264,27.439999999999998,30.172941176470573
2026-07-16 14:23:54.136,15378.02583233815,23.874840407617434,27.439999999999998,30.163069306930687
2026-07-16 14:23:54.236,15354.716222630479,23.874955018792193,27.44,30.16
2026-07-16 14:23:54.336,15309.174100501958,23.87506274395528,27.439999999999998,30.15336633663366
2026-07-16 14:23:54.436,15282.322682630433,23.875164091204,27.44,30.15
2026-07-16 14:23:54.536,15298.493929115632,23.875369130511015,27.44,30.143627450980382
2026-07-16 14:23:54.636,15340.033532103223,23.875722632146445,27.44,30.133823529411764
2026-07-16 14:23:54.736,15318.849282719018,23.875451670542652,27.44,30.1239603960396
2026-07-16 14:23:54.836,15269.793044938202,23.87551284058707,27.439999999999998,30.114117647058812
2026-07-16 14:23:54.936,15278.476315027583,23.87534649351131,27.44,30.104257425742567
2026-07-16 14:23:55.036,15298.601964050842,23.875472565863284,27.44,30.094356435643554
2026-07-16 14:23:55.136,15300.570628571852,23.875657982106198,27.44,30.090000000000003
2026-07-16 14:23:55.236,15287.621804021217,23.875389814021034,27.44,30.084653465346538
2026-07-16 14:23:55.336,15292.4759342578,23.875131718471074,27.44,30.074752475247525
2026-07-16 14:23:55.436,15250.401879311754,23.874202085128278,27.44,30.064901960784308
2026-07-16 14:23:55.536,15305.082951762815,23.874427413337884,27.439999999999998,30.059999999999995
2026-07-16 14:23:55.636,15299.676384768765,23.87449599802398,27.439999999999998,30.055196078431372
2026-07-16 14:23:55.736,15289.011739355767,23.87439743842382,27.44,30.04534653465346
2026-07-16 14:23:55.836,15334.707942989493,23.874457292855055,27.439999999999998,30.039999999999996
2026-07-16 14:23:55.936,15290.59315241718,23.874221343728063,27.439999999999998,30.035643564356423
2026-07-16 14:23:56.036,15335.293339407954,23.87436172999317,27.44,30.025784313725474
2026-07-16 14:23:56.136,15320.592171805441,23.874805328488765,27.439999999999998,30.02
2026-07-16 14:23:56.236,15326.853450048244,23.875058977535822,27.440000000000005,30.01607843137255
2026-07-16 14:23:56.336,15342.674666308929,23.87516535048016,27.44,30.006237623762374
2026-07-16 14:23:56.436,15358.138615464284,23.875265161582725,27.439999999999998,30.0
2026-07-16 14:23:56.536,15398.064707155252,23.87538168765033,27.439999999999998,29.996470588235287
2026-07-16 14:23:56.636,15318.71231599496,23.875823241065707,27.439999999999998,29.986666666666665
2026-07-16 14:23:56.736,15313.994900583593,23.87563591187999,27.439999999999998,29.979999999999997
2026-07-16 14:23:56.836,15315.555572646885,23.87560352526883,27.44,29.977029702970285
2026-07-16 14:23:56.936,15338.247217992986,23.87585607805963,27.440000000000005,29.97
2026-07-16 14:23:57.036,15362.598579388614,23.876282632868914,27.439999999999998,29.96732673267326
2026-07-16 14:23:57.136,15330.807192150418,23.876623818880198,27.440000000000005,29.95745098039216
2026-07-16 14:23:57.236,15268.781170767523,23.876311013615098,27.439999999999998,29.95
2026-07-16 14:23:57.336,15305.646432873498,23.876336395767602,27.44,29.947745098039213
2026-07-16 14:23:57.436,15313.748092625789,23.876388952473736,27.44,29.9379207920792
2026-07-16 14:23:57.536,15311.249241812842,23.876438189636175,27.439999999999998,29.929999999999996
2026-07-16 14:23:57.636,15304.755835555816,23.87648438448817,27.439999999999998,29.926470588235286
2026-07-16 14:23:57.736,15298.21128413823,23.87657725731159,27.44,29.91
2026-07-16 14:23:57.836,15366.254923236662,23.876941195237357,27.439999999999998,29.908514851485137
2026-07-16 14:23:57.936,15366.538756696027,23.87760475053478,27.44,29.89725490196076
2026-07-16 14:23:58.036,15314.920727819579,23.877759016277246,27.439999999999998,29.879999999999995
2026-07-16 14:23:58.136,15297.925483948975,23.877955932219084,27.440000000000005,29.878910891089113
2026-07-16 14:23:58.236,15319.14142806072,23.878158056439187,27.439999999999998,29.869019607843136
2026-07-16 14:23:58.336,15335.573905315738,23.87814316499642,27.439999999999998,29.859207920792073
2026-07-16 14:23:58.436,15316.726420083585,23.87812924403857,27.439999999999998,29.84930693069306
2026-07-16 14:23:58.536,15318.549891853507,23.878116381113852,27.44,29.84
2026-07-16 14:23:58.636,15296.441020956012,23.87786290640054,27.439999999999998,29.839603960396033
2026-07-16 14:23:58.736,15289.119566169187,23.87755864877811,27.439999999999998,29.829705882352936
2026-07-16 14:23:58.836,15308.571625439825,23.877663815623023,27.44,29.819999999999997
2026-07-16 14:23:58.936,15320.867133890386,23.878144356124658,27.440000000000005,29.81999999999999
2026-07-16 14:23:59.036,15256.871409811698,23.878129966982357,27.44,29.810196078431368
2026-07-16 14:23:59.136,15306.807550976488,23.878116659764594,27.439999999999998,29.800297029702975
2026-07-16 14:23:59.236,15292.954027143212,23.878104221824863,27.439999999999998,29.799999999999997
2026-07-16 14:23:59.336,15287.193101499051,23.87789592853026,27.44,29.790588235294113
2026-07-16 14:23:59.436,15299.224979735687,23.87773632668078,27.439999999999998,29.780693069306924
2026-07-16 14:23:59.536,15315.064982200327,23.87773647237771,27.44,29.779999999999998
2026-07-16 14:23:59.636,15318.577615364822,23.8777366092609,27.439999999999998,29.77098039215686
2026-07-16 14:23:59.736,15338.165405849544,23.87773673722879,27.440000000000005,29.77
2026-07-16 14:23:59.836,15340.596686913239,23.877736857212483,27.44,29.761274509803915
2026-07-16 14:23:59.936,15322.442031400886,23.878115428462863,27.44,29.75138613861385
2026-07-16 14:24:00.036,15313.339403641301,23.878359493515518,27.44,29.75
2026-07-16 14:24:00.136,15315.831491426648,23.878340920302882,27.439999999999998,29.741666666666667
2026-07-16 14:24:00.236,15318.096307059417,23.878398374167,27.44,29.731782178217824
2026-07-16 14:24:00.336,15364.328179375658,23.87891969443651,27.439999999999998,29.729999999999997
2026-07-16 14:24:00.436,15369.567751591978,23.879191582883703,27.44,29.72207920792079
2026-07-16 14:24:00.536,15333.011965650447,23.87921884642089,27.439999999999998,29.712254901960776
2026-07-16 14:24:00.636,15322.923746422926,23.879338580775983,27.44,29.709999999999997
2026-07-16 14:24:00.736,15345.92619655359,23.879689862071267,27.439999999999998,29.702647058823523
2026-07-16 14:24:00.836,15365.174991960515,23.880161467372673,27.44,29.692843137254897
2026-07-16 14:24:00.936,15344.945575348256,23.88039845497657,27.439999999999998,29.689999999999998
2026-07-16 14:24:01.036,15268.202858467897,23.880314028776063,27.44,29.68313725490195
2026-07-16 14:24:01.136,15326.075626965398,23.880716182910636,27.439999999999998,29.673267326732677
2026-07-16 14:24:01.236,15365.354421020227,23.881245047316952,27.439999999999998,29.663366336633665
2026-07-16 14:24:01.336,15356.371815327744,23.881920884600554,27.439999999999998,29.659999999999997
2026-07-16 14:24:01.436,15323.494647733402,23.88255228899796,27.439999999999998,29.653663366336623
2026-07-16 14:24:01.536,15283.725310758491,23.882376807260503,27.43388349514563,29.64388349514563
2026-07-16 14:24:01.636,15329.737347478387,23.882570742261354,27.43,29.634059405940597
2026-07-16 14:24:01.736,15319.89492891436,23.88275482593464,27.43,29.62421568627451
2026-07-16 14:24:01.836,15296.182962866114,23.882929954570084,27.43,29.614356435643565
2026-07-16 14:24:01.936,15274.838463307598,23.882774419032273,27.43,29.61
2026-07-16 14:24:02.036,15291.666140478912,23.882633832626517,27.43,29.604653465346523
2026-07-16 14:24:02.136,15379.292545092392,23.88344803151157,27.43,29.594752475247525
2026-07-16 14:24:02.236,15267.331441779314,23.88320941159562,27.43509803921569,29.584901960784308
2026-07-16 14:24:02.336,15257.755687664205,23.882984336174182,27.439999999999998,29.58
2026-07-16 14:24:02.436,15257.69748678568,23.883044281169433,27.44,29.575148514851474
2026-07-16 14:24:02.536,15301.956862113138,23.883406367773954,27.439999999999998,29.565294117647042
2026-07-16 14:24:02.636,15361.220184741467,23.884062793493513,27.44,29.56
2026-07-16 14:24:02.736,15348.102302781033,23.884771167309964,27.44,29.555643564356437
2026-07-16 14:24:02.836,15268.836439421917,23.884047900864534,27.439999999999998,29.545784313725484
2026-07-16 14:24:02.936,15301.80706471025,23.88414753782648,27.439999999999998,29.54
2026-07-16 14:24:03.036,15363.533434286195,23.884601236086137,27.439999999999998,29.53603960396039
2026-07-16 14:24:03.136,15317.295100939034,23.884671856983502,27.44,29.526176470588236
2026-07-16 14:24:03.236,15254.182451160721,23.88435698872263,27.439999999999998,29.519999999999996
2026-07-16 14:24:03.336,15321.58947599366,23.884201644974446,27.439999999999998,29.51643564356435
2026-07-16 14:24:03.436,15367.21783563232,23.88475857951783,27.439999999999998,29.506568627450967
2026-07-16 14:24:03.536,15364.054917628102,23.885716441471907,27.439999999999998,29.499999999999996
2026-07-16 14:24:03.636,15308.311080134556,23.88597815567212,27.44,29.496862745098042
2026-07-16 14:24:03.736,15266.079371339842,23.886045996155488,27.439999999999998,29.487029702970297
2026-07-16 14:24:03.836,15309.863113142246,23.8864432238147,27.439999999999998,29.479999999999997
2026-07-16 14:24:03.936,15397.730672087611,23.88704294601485,27.437326732673263,29.477326732673262
2026-07-16 14:24:04.036,15287.191943494181,23.886603961431405,27.429999999999996,29.467450980392147
2026-07-16 14:24:04.136,15261.524602107926,23.88618899397016,27.43,29.46
2026-07-16 14:24:04.236,15333.74386329134,23.886529702115382,27.43,29.457722772277226
2026-07-16 14:24:04.336,15339.794693541251,23.88643667571683,27.429999999999996,29.447843137254893
2026-07-16 14:24:04.436,15313.684539704078,23.886426237323402,27.43198019801981,29.439999999999998
2026-07-16 14:24:04.536,15308.53382456104,23.887025954474424,27.44,29.43813725490195
2026-07-16 14:24:04.636,15308.275292619008,23.887874252648686,27.44,29.428316831683162
2026-07-16 14:24:04.736,15313.117004621114,23.887851469361404,27.44,29.418431372549016
2026-07-16 14:24:04.836,15330.388211555199,23.888213008858493,27.44,29.407227722772273
2026-07-16 14:24:04.936,15289.44077148347,23.888313851973933,27.439999999999998,29.389999999999997
2026-07-16 14:24:05.036,15302.205259269605,23.88847715825208,27.439999999999998,29.3889108910891
2026-07-16 14:24:05.136,15362.016864696752,23.88872022324762,27.439999999999998,29.379019607843134
2026-07-16 14:24:05.236,15336.629661357723,23.888662109430783,27.439999999999998,29.369999999999997
2026-07-16 14:24:05.336,15289.728792702244,23.88860887118085,27.43930693069306,29.369306930693064
2026-07-16 14:24:05.436,15309.762329290832,23.888196386224518,27.43,29.35941176470587
2026-07-16 14:24:05.536,15311.800483278883,23.888337220401688,27.43,29.35
2026-07-16 14:24:05.636,15274.230075488535,23.888261066169836,27.43,29.349708737864077
2026-07-16 14:24:05.736,15257.29054032273,23.887961803718852,27.43,29.34
2026-07-16 14:24:05.836,15315.910843518213,23.88799728342005,27.439900990099012,29.34
2026-07-16 14:24:05.936,15306.838691078083,23.888348849567446,27.439999999999998,29.33038834951455
2026-07-16 14:24:06.036,15310.005815428603,23.88832416310633,27.44,29.320495049504938
2026-07-16 14:24:06.136,15312.262160697835,23.888566674552525,27.439999999999998,29.319999999999997
2026-07-16 14:24:06.236,15301.03039875725,23.888453321119606,27.44,29.31079207920791
2026-07-16 14:24:06.336,15297.292150981346,23.888182412554027,27.44,29.300980392156863
2026-07-16 14:24:06.436,15319.797642847532,23.88815217942328,27.440000000000005,29.3
2026-07-16 14:24:06.536,15342.351064743083,23.888127454143536,27.44,29.291188118811874
2026-07-16 14:24:06.636,15315.08352512604,23.888439897799742,27.44,29.281372549019608
2026-07-16 14:24:06.736,15368.45712797016,23.88902810495653,27.439999999999998,29.27148514851485
2026-07-16 14:24:06.836,15367.139623598472,23.889451040198164,27.439999999999998,29.261666666666663
2026-07-16 14:24:06.936,15320.000828108166,23.88957646911804,27.44,29.259999999999998
2026-07-16 14:24:07.036,15282.806829916488,23.889403436833724,27.44,29.2518811881188
2026-07-16 14:24:07.136,15288.226182747583,23.889001002228532,27.439999999999998,29.242058823529405
2026-07-16 14:24:07.236,15309.417221619613,23.889297799735306,27.44,29.24
2026-07-16 14:24:07.336,15370.633785611462,23.889897885889248,27.44,29.232352941176465
2026-07-16 14:24:07.436,15365.448439671974,23.890289579907083,27.439999999999998,29.222475247524745
2026-07-16 14:24:07.536,15324.133289040998,23.89018283873898,27.439999999999998,29.219999999999995
2026-07-16 14:24:07.636,15291.40973349706,23.88979225258076,27.439999999999998,29.212772277227725
2026-07-16 14:24:07.736,15278.344090954157,23.88965585728451,27.44,29.202941176470585
2026-07-16 14:24:07.836,15237.05755580788,23.88917911744494,27.439999999999998,29.193069306930685
2026-07-16 14:24:07.936,15312.821023199467,23.88976499180415,27.439999999999998,29.19
2026-07-16 14:24:08.036,15325.438615408997,23.889883705307756,27.439999999999998,29.183333333333323
2026-07-16 14:24:08.136,15353.180719215929,23.89018669213864,27.44,29.17346534653465
2026-07-16 14:24:08.236,15366.405750170134,23.890589614870972,27.44,29.169999999999998
2026-07-16 14:24:08.336,15280.552796379314,23.8904521202493,27.44,29.157450980392156
2026-07-16 14:24:08.436,15257.40574897563,23.890324238239472,27.44,29.15
2026-07-16 14:24:08.536,15302.805146733674,23.89056448779289,27.44,29.1439603960396
2026-07-16 14:24:08.636,15335.70340844851,23.890528173430425,27.439999999999998,29.134117647058822
2026-07-16 14:24:08.736,15355.444800160953,23.890822274993806,27.439999999999998,29.129999999999995
2026-07-16 14:24:08.836,15365.25047426199,23.89128841533609,27.439999999999998,29.124411764705876
2026-07-16 14:24:08.936,15346.699190871883,23.891366949793614,27.439999999999998,29.119999999999997
2026-07-16 14:24:09.036,15232.215567301038,23.89081464600882,27.439999999999998,29.11470588235293
2026-07-16 14:24:09.136,15300.928947903749,23.890672177382765,27.439999999999998,29.104851485148508
2026-07-16 14:24:09.236,15277.566698683448,23.890539809701977,27.439999999999998,29.1
2026-07-16 14:24:09.336,15300.4484312104,23.890639020785407,27.44,29.095098039215678
2026-07-16 14:24:09.436,15337.767714843576,23.89087667638359,27.439999999999998,29.08524752475246
2026-07-16 14:24:09.536,15337.608585916038,23.89118803693104,27.439999999999998,29.08
2026-07-16 14:24:09.636,15343.698390350917,23.89176925979795,27.44,29.075490196078427
2026-07-16 14:24:09.736,15366.93372447903,23.89234736931757,27.44,29.065643564356435
2026-07-16 14:24:09.836,15306.731869909974,23.89258451533812,27.439999999999998,29.055784313725486
2026-07-16 14:24:09.936,15298.373995913185,23.89275302435219,27.439999999999998,29.049999999999997
2026-07-16 14:24:10.036,15333.6632081541,23.89291182339352,27.439999999999998,29.046039603960388
2026-07-16 14:24:10.136,15354.252861510908,23.892962307288983,27.44,29.036176470588238
2026-07-16 14:24:10.236,15315.179733240231,23.892776496457017,27.436336633663363,29.03
2026-07-16 14:24:10.336,15340.891289018593,23.89292673174732,27.43,29.026435643564348
2026-07-16 14:24:10.436,15303.64830491675,23.892757627515934,27.429999999999996,29.016568627450965
2026-07-16 14:24:10.536,15271.659519736257,23.892306818692823,27.430000000000003,29.010000000000005
2026-07-16 14:24:10.636,15259.8163973337,23.89194508481652,27.43,29.006930693069307
2026-07-16 14:24:10.736,15267.060784528447,23.891883078020644,27.432941176470585,28.997058823529414
2026-07-16 14:24:10.836,15288.80948819045,23.89211220150414,27.439999999999998,28.987227722772275
2026-07-16 14:24:10.936,15336.890991938682,23.892639814382264,27.439999999999998,28.98
2026-07-16 14:24:11.036,15322.71821967471,23.892818538509886,27.44,28.97752475247524
2026-07-16 14:24:11.136,15266.120952360317,23.892165980873862,27.439999999999998,28.967623762376235
2026-07-16 14:24:11.236,15284.497126176047,23.891869211097436,27.44,28.96
2026-07-16 14:24:11.336,15340.450100832568,23.892210394085204,27.44,28.9579207920792
2026-07-16 14:24:11.436,15336.139263585283,23.89264890624289,27.44,28.948019801980188
2026-07-16 14:24:11.536,15314.803511195736,23.89242668033362,27.44,28.938137254901953
2026-07-16 14:24:11.636,15364.166968500449,23.89259652058531,27.439999999999998,28.928333333333327
2026-07-16 14:24:11.736,15338.977465776923,23.892466229691543,27.439999999999998,28.91851485148515
2026-07-16 14:24:11.836,15302.25283551227,23.89226325568623,27.44,28.908613861386137
2026-07-16 14:24:11.936,15274.388265839316,23.89207080239783,27.439999999999998,28.89872549019607
2026-07-16 14:24:12.036,15262.143677055012,23.89188833103891,27.439999999999998,28.889999999999997
2026-07-16 14:24:12.136,15290.09346694859,23.891715319219603,27.44,28.889009900990104
2026-07-16 14:24:12.236,15359.627384969022,23.891552927004646,27.439999999999998,28.88
2026-07-16 14:24:12.336,15332.35416968699,23.891686257425356,27.439999999999998,28.879306930693062
2026-07-16 14:24:12.436,15296.308852062348,23.89187061853464,27.439999999999998,28.86940594059405
2026-07-16 14:24:12.536,15310.666594887101,23.892201678567922,27.44,28.86
2026-07-16 14:24:12.636,15351.049084964747,23.892619837161828,27.44,28.85980392156863
2026-07-16 14:24:12.736,15316.148449583885,23.892748980311374,27.439999999999998,28.849999999999998
2026-07-16 14:24:12.836,15319.146144008288,23.892552214068267,27.44,28.85
2026-07-16 14:24:12.936,15334.647437298532,23.892662025363613,27.439999999999998,28.840297029702963
2026-07-16 14:24:13.036,15328.134034491331,23.892578665388697,27.439999999999998,28.830396039603947
2026-07-16 14:24:13.136,15338.678282763176,23.892724834074215,27.44,28.820588235294114
2026-07-16 14:24:13.236,15364.96849632929,23.893207858634966,27.439999999999998,28.82
2026-07-16 14:24:13.336,15356.801484959782,23.893605820197337,27.44,28.81079207920791
2026-07-16 14:24:13.436,15295.68316840618,23.893370051656223,27.44,28.80098039215685
2026-07-16 14:24:13.536,15348.07657526292,23.89412810185169,27.44,28.799999999999997
2026-07-16 14:24:13.636,15331.437975772542,23.89470501188991,27.44,28.791274509803923
2026-07-16 14:24:13.736,15313.820156319976,23.894965286799863,27.44,28.78138613861386
2026-07-16 14:24:13.836,15324.05321488782,23.89503657229463,27.439999999999998,28.779999999999998
2026-07-16 14:24:13.936,15336.945897591218,23.895102923488626,27.44,28.771683168316827
2026-07-16 14:24:14.036,15317.964981171512,23.89516464297406,27.439999999999998,28.76186274509803
2026-07-16 14:24:14.136,15339.318776678974,23.89522161877418,27.439999999999998,28.76
2026-07-16 14:24:14.236,15303.04992568563,23.895275051785692,27.44,28.752178217821776
2026-07-16 14:24:14.336,15295.061374012888,23.895519033969165,27.44,28.742277227722763
2026-07-16 14:24:14.436,15319.32159654443,23.895761123102915,27.44,28.73245098039215
2026-07-16 14:24:14.536,15329.14214852178,23.895860878799255,27.439999999999998,28.729999999999997
2026-07-16 14:24:14.636,15280.753532084294,23.896217498992968,27.44,28.72274509803922
2026-07-16 14:24:14.736,15308.148909823074,23.896566581182455,27.439999999999998,28.71287128712871
2026-07-16 14:24:14.836,15332.546132854317,23.896908359480484,27.439999999999998,28.709999999999997
2026-07-16 14:24:14.936,15338.610827042012,23.897242301042688,27.439999999999998,28.70316831683168
2026-07-16 14:24:15.036,15318.207706593508,23.897265983994313,27.440000000000005,28.693267326732666
2026-07-16 14:24:15.136,15304.344880676203,23.897163667852325,27.44,28.69
2026-07-16 14:24:15.236,15365.640872240081,23.89781354207918,27.44,28.677128712871276
2026-07-16 14:24:15.336,15323.050007384405,23.897769053649622,27.439999999999998,28.67
2026-07-16 14:24:15.436,15311.56760211935,23.898039851680007,27.440000000000005,28.66382352941176
2026-07-16 14:24:15.536,15327.907190379603,23.898350250208566,27.44,28.653960396039597
2026-07-16 14:24:15.636,15339.36204632316,23.8988257052526,27.439999999999998,28.649999999999995
2026-07-16 14:24:15.736,15323.68917724961,23.89925800233874,27.439999999999998,28.644257425742573
2026-07-16 14:24:15.836,15287.884686670044,23.899154063876402,27.44,28.63435643564356
2026-07-16 14:24:15.936,15290.310906310126,23.899057421936842,27.44,28.63
2026-07-16 14:24:16.036,15286.104419927664,23.89896742788249,27.439999999999998,28.624653465346526
2026-07-16 14:24:16.136,15333.91539436779,23.899133602856537,27.439999999999998,28.614803921568623
2026-07-16 14:24:16.236,15353.11164084818,23.89976112583016,27.439999999999998,28.6049504950495
2026-07-16 14:24:16.336,15338.556965376463,23.900469220657516,27.439999999999998,28.599999999999998
2026-07-16 14:24:16.436,15339.085249422435,23.90070160156418,27.439999999999998,28.59519607843136
2026-07-16 14:24:16.536,15314.117643694153,23.90092176238937,27.439999999999998,28.58534653465345
2026-07-16 14:24:16.636,15313.591654975276,23.9011290140372,27.44,28.58
2026-07-16 14:24:16.736,15307.679910923507,23.90160773884722,27.44,28.575643564356433
2026-07-16 14:24:16.836,15323.859072988478,23.9019476137517,27.439999999999998,28.565784313725487
2026-07-16 14:24:16.936,15344.22753066571,23.902117318150538,27.439999999999998,28.5559405940594
2026-07-16 14:24:17.036,15342.866918758615,23.902277560666466,27.439999999999998,28.55
2026-07-16 14:24:17.136,15343.474035424526,23.90242892716029,27.44,28.546176470588236
2026-07-16 14:24:17.236,15320.327925433174,23.902570194104964,27.439999999999998,28.536336633663364
2026-07-16 14:24:17.336,15272.567675487508,23.902703939333517,27.439999999999998,28.526470588235288
2026-07-16 14:24:17.436,15268.655360852496,23.902618784236203,27.439999999999998,28.519999999999996
2026-07-16 14:24:17.536,15295.445249325841,23.90254928657777,27.439999999999998,28.516732673267313
2026-07-16 14:24:17.636,15316.478274094163,23.902679356652335,27.44,28.50686274509804
2026-07-16 14:24:17.736,15316.500542644066,23.902788296825037,27.439999999999998,28.5
2026-07-16 14:24:17.836,15264.756218917271,23.902577419163933,27.439999999999998,28.497156862745094
2026-07-16 14:24:17.936,15297.692532993704,23.902652619886116,27.439999999999998,28.49
2026-07-16 14:24:18.036,15311.321071093855,23.902772158460106,27.439999999999998,28.487450980392147
2026-07-16 14:24:18.136,15319.423720120609,23.903033850668372,27.439999999999998,28.477623762376236
2026-07-16 14:24:18.236,15330.154494399601,23.90336632382467,27.44,28.47
2026-07-16 14:24:18.336,15312.911999756343,23.90343448177353,27.439999999999998,28.467843137254892
2026-07-16 14:24:18.436,15287.360168498124,23.903207770480925,27.44,28.458019801980186
2026-07-16 14:24:18.536,15347.577129000574,23.903559576105998,27.439999999999998,28.45
2026-07-16 14:24:18.636,15365.081197319294,23.904206948970398,27.439999999999998,28.446470588235286
2026-07-16 14:24:18.736,15340.115707959918,23.90459773523829,27.44,28.428431372549014
2026-07-16 14:24:18.836,15333.008738056891,23.904879175795173,27.44,28.419999999999998
2026-07-16 14:24:18.936,15388.185438844883,23.905575600253286,27.439999999999998,28.418725490196074
2026-07-16 14:24:19.036,15343.159909378857,23.905970340794056,27.439999999999998,28.41
2026-07-16 14:24:19.136,15335.967103541343,23.906352466459325,27.44,28.4090099009901
2026-07-16 14:24:19.236,15300.927706757124,23.906438937611068,27.439999999999998,28.4
2026-07-16 14:24:19.336,15308.704820426296,23.906630710800034,27.439999999999998,28.400693069306936
2026-07-16 14:24:19.436,15339.161987649637,23.906842778153415,27.44,28.41
2026-07-16 14:24:19.536,15329.45543020061,23.90681665809477,27.44,28.410396039603974
2026-07-16 14:24:19.636,15283.171575367052,23.906792369376532,27.44,28.420294117647064
2026-07-16 14:24:19.736,15280.733628268314,23.90710241358201,27.44,28.430198019801974
2026-07-16 14:24:19.836,15334.089354880754,23.90767953289424,27.439999999999998,28.449999999999996
2026-07-16 14:24:19.936,15344.997016490412,23.90854880971949,27.44,28.479411764705898
2026-07-16 14:24:20.036,15321.092276101626,23.909258663671164,27.439999999999998,28.49940594059407
2026-07-16 14:24:20.136,15305.69914454763,23.909529335927523,27.439999999999998,28.538039215686275
2026-07-16 14:24:20.236,15309.356275999682,23.9097865071306,27.44,28.57762376237625
2026-07-16 14:24:20.336,15332.496250034534,23.910028290666993,27.439999999999998,28.6172277227723
2026-07-16 14:24:20.436,15332.094525981438,23.910581204048984,27.44,28.656470588235333
2026-07-16 14:24:20.536,15402.20605517087,23.91222269616709,27.44,28.696039603960443
2026-07-16 14:24:20.636,15441.164903102213,23.91414715390617,27.439999999999998,28.735294117647076
2026-07-16 14:24:20.736,15388.802038631964,23.91547190418293,27.44,28.78356435643563
2026-07-16 14:24:20.836,15324.807129243529,23.91607925187917,27.439999999999998,28.824117647058827
2026-07-16 14:24:20.936,15327.8256488698,23.917148287645173,27.44,28.87207920792081
2026-07-16 14:24:21.036,15305.048270335168,23.918185063564177,27.439999999999998,28.90470588235296
2026-07-16 14:24:21.136,15329.901140022399,23.919184967628684,27.439999999999998,28.942475247524747
2026-07-16 14:24:21.236,15355.675858746417,23.92014290446355,27.439999999999998,28.982079207920794
2026-07-16 14:24:21.336,15350.11300019065,23.920869220937416,27.44,29.021372549019635
2026-07-16 14:24:21.436,15323.698077129355,23.921138534273773,27.44,29.06089108910895
2026-07-16 14:24:21.536,15304.220778642406,23.921379421226515,27.439999999999998,29.100495049504993
2026-07-16 14:24:21.636,15251.461795110383,23.922594931276123,27.440000000000005,29.139803921568642
2026-07-16 14:24:21.736,15255.67390473724,23.923456054971695,27.44,29.179019607843138
2026-07-16 14:24:21.836,15293.174148245802,23.924134653146847,27.439999999999998,29.218514851485146
2026-07-16 14:24:21.936,15323.230723685943,23.924967571196195,27.439999999999998,29.265148514851496
2026-07-16 14:24:22.036,15318.205691455682,23.92602373191874,27.44,29.334901960784364
2026-07-16 14:24:22.136,15296.169487840041,23.926562128750128,27.439999999999998,29.386930693069296
2026-07-16 14:24:22.236,15337.697907706866,23.92816056046982,27.44,29.426274509803932
2026-07-16 14:24:22.336,15329.097980640143,23.92930128556941,27.44,29.46549019607846
2026-07-16 14:24:22.436,15332.937118500839,23.930265000003338,27.440000000000005,29.504705882352958
2026-07-16 14:24:22.536,15338.130929354862,23.930926177998735,27.439999999999998,29.543921568627468
2026-07-16 14:24:22.636,15311.624134170477,23.931168779408623,27.439999999999998,29.58291262135922
2026-07-16 14:24:22.736,15265.142780084396,23.931395274673434,27.439999999999998,29.622178217821798
2026-07-16 14:24:22.836,15312.810727638089,23.93213859848918,27.439999999999998,29.661568627451008
2026-07-16 14:24:22.936,15319.087831276323,23.932839146519626,27.439999999999998,29.700990099009942
2026-07-16 14:24:23.036,15303.081214578066,23.933498072130526,27.44,29.74039215686278
2026-07-16 14:24:23.136,15290.361829914404,23.93387325972614,27.439999999999998,29.779801980198002
2026-07-16 14:24:23.236,15290.47489163448,23.934177463302323,27.439999999999998,29.819215686274504
2026-07-16 14:24:23.336,15287.800815114799,23.93521747306377,27.44,29.863267326732686
2026-07-16 14:24:23.436,15290.248229952442,23.935718846116146,27.44,29.9082178217822
2026-07-16 14:24:23.536,15308.547320084994,23.936651749354336,27.44,29.94764705882356
2026-07-16 14:24:23.636,15317.724061781137,23.937245855381242,27.440000000000005,29.98653846153846
2026-07-16 14:24:23.736,15338.918996663859,23.938158507412286,27.44,30.025294117647057
2026-07-16 14:24:23.836,15366.437914841466,23.93977700285038,27.439999999999998,30.06465346534655
2026-07-16 14:24:23.936,15363.34220155379,23.941742103954674,27.439999999999998,30.10411764705885
2026-07-16 14:24:24.036,15340.27481267278,23.943183453900875,27.439999999999998,30.14346534653469
2026-07-16 14:24:24.136,15298.86065178053,23.943341820721514,27.439999999999998,30.183069306930697
2026-07-16 14:24:24.236,15322.649777275597,23.94382387523512,27.439999999999998,30.22254901960786
2026-07-16 14:24:24.336,15307.437201596877,23.94411900178841,27.44,30.261881188118846
2026-07-16 14:24:24.436,15290.44510642901,23.944681047732125,27.440000000000005,30.30137254901964
2026-07-16 14:24:24.536,15358.386877144187,23.946269389836452,27.439999999999998,30.340693069306944
2026-07-16 14:24:24.636,15309.190301604247,23.947349449317358,27.440000000000005,30.380196078431357
2026-07-16 14:24:24.736,15353.216522765772,23.948964895199996,27.439999999999998,30.419504950495046
2026-07-16 14:24:24.836,15327.927146464528,23.950573488779483,27.44,30.46138613861387
2026-07-16 14:24:24.936,15279.493666871644,23.951735799194527,27.439999999999998,30.50862745098041
2026-07-16 14:24:25.036,15252.329854860473,23.952282522864692,27.44,30.547920792079246
2026-07-16 14:24:25.136,15268.155405732166,23.95235754050534,27.439999999999998,30.587524752475243
2026-07-16 14:24:25.236,15316.518886940248,23.95242308960899,27.439999999999998,30.63411764705885
2026-07-16 14:24:25.336,15290.380843189969,23.952479401567974,27.44,30.706336633663394
2026-07-16 14:24:25.436,15323.502521154134,23.95297490439921,27.439999999999998,30.75176470588243
2026-07-16 14:24:25.536,15293.249437508412,23.95354330820509,27.439999999999998,30.825148514851534
2026-07-16 14:24:25.636,15250.856341771821,23.953844502111483,27.439999999999998,30.86470588235292
2026-07-16 14:24:25.736,15253.77162068333,23.95393651262385,27.439999999999998,30.904901960784308
2026-07-16 14:24:25.836,15253.221486585939,23.954389578763575,27.439999999999998,30.953168316831697
2026-07-16 14:24:25.936,15230.134272105413,23.954333824278542,27.439999999999998,30.992772277227743
2026-07-16 14:24:26.036,15230.475192627446,23.9538781726443,27.44,31.032352941176505
2026-07-16 14:24:26.136,15259.42933834523,23.95369134397832,27.439999999999998,31.071584158415845
2026-07-16 14:24:26.236,15301.612326598302,23.954099432154905,27.439999999999998,31.111176470588248
2026-07-16 14:24:26.336,15321.12581914583,23.954710191415327,27.44,31.150396039603994
2026-07-16 14:24:26.436,15284.421831220137,23.954683004728317,27.44,31.190000000000047
2026-07-16 14:24:26.536,15280.762642765285,23.955069050270605,27.439999999999998,31.22960396039609
2026-07-16 14:24:26.636,15320.894396539727,23.956234394689158,27.44,31.268823529411748
2026-07-16 14:24:26.736,15306.325837878805,23.956477691497994,27.439999999999998,31.308415841584146
2026-07-16 14:24:26.836,15284.17616321061,23.95656140728869,27.44,31.34764705882354
2026-07-16 14:24:26.936,15295.220524520417,23.957020232521806,27.439999999999998,31.387227722772295
2026-07-16 14:24:27.036,15338.77379368948,23.957767709558553,27.44,31.426831683168345
2026-07-16 14:24:27.136,15358.201379772245,23.958497231783895,27.439999999999998,31.46607843137255
2026-07-16 14:24:27.236,15356.93130344893,23.959660185979295,27.440000000000005,31.50564356435645
2026-07-16 14:24:27.336,15290.338338283782,23.960069757255575,27.44,31.544901960784344
2026-07-16 14:24:27.436,15301.447076362147,23.960774830715334,27.44,31.584455445544595
2026-07-16 14:24:27.536,15333.719480871585,23.961511364960092,27.440000000000005,31.632156862745124
2026-07-16 14:24:27.636,15274.21282970193,23.96158330929992,27.44,31.67326732673265
2026-07-16 14:24:27.736,15220.151515465162,23.96164821157362,27.44,31.7128712871287
2026-07-16 14:24:27.836,15294.21864623622,23.96170597856111,27.439999999999998,31.7521568627451
2026-07-16 14:24:27.936,15269.558079838363,23.961401332954278,27.44,31.79168316831685
2026-07-16 14:24:28.036,15248.913441943323,23.96129076030748,27.439999999999998,31.830980392156892
2026-07-16 14:24:28.136,15256.95522386499,23.961538212544234,27.439999999999998,31.870495049504946
2026-07-16 14:24:28.236,15268.26079798651,23.96202445250584,27.439999999999998,31.910099009900996
2026-07-16 14:24:28.336,15246.756848981804,23.96250842031192,27.439999999999998,31.949411764705907
2026-07-16 14:24:28.436,15320.231931456645,23.96338827520608,27.447227722772286,31.988910891089148
2026-07-16 14:24:28.536,15252.34815640597,23.963496960662898,27.45,32.0285148514852
2026-07-16 14:24:28.636,15240.218828441593,23.963181901071046,27.449999999999996,32.06784313725491
2026-07-16 14:24:28.736,15265.6456629686,23.96292898088164,27.450000000000003,32.10732673267329
2026-07-16 14:24:28.836,15279.448702743375,23.962923567378624,27.45,32.146666666666675
2026-07-16 14:24:28.936,15282.659298353596,23.962918612387824,27.45,32.212277227722794
2026-07-16 14:24:29.036,15302.113649050196,23.96291410924427,27.443564356435637,32.265742574257445
2026-07-16 14:24:29.136,15305.352571469208,23.963242973928676,27.439999999999998,32.30509803921568
2026-07-16 14:24:29.236,15270.181105462343,23.963340349188883,27.44,32.34455445544555
2026-07-16 14:24:29.336,15246.798340071167,23.96331956071482,27.439999999999998,32.383921568627464
2026-07-16 14:24:29.436,15247.758967407899,23.9634095006637,27.439999999999998,32.42920792079212
2026-07-16 14:24:29.536,15249.490319228435,23.963737401833946,27.44,32.47297029702975
2026-07-16 14:24:29.636,15298.079107601272,23.964055323158988,27.439999999999998,32.51235294117648
2026-07-16 14:24:29.736,15347.222083355191,23.964691370122992,27.439999999999998,32.55178217821785
2026-07-16 14:24:29.836,15338.794397645735,23.96535608929789,27.44,32.59117647058825
2026-07-16 14:24:29.936,15316.6023742096,23.965807276749274,27.439999999999998,32.63059405940595
2026-07-16 14:24:30.036,15312.89819224551,23.966215993030414,27.439999999999998,32.670198019801994
2026-07-16 14:24:30.136,15321.622447982596,23.966794955003998,27.44,32.709607843137235
2026-07-16 14:24:30.236,15274.267563613275,23.967031715024866,27.44,32.7490099009901
2026-07-16 14:24:30.336,15320.591716914238,23.96764220743495,27.44,32.78861386138615
2026-07-16 14:24:30.436,15327.191234924641,23.968253608958378,27.439999999999998,32.828039215686296
2026-07-16 14:24:30.536,15300.682501177998,23.968601584832097,27.439999999999998,32.8674257425743
2026-07-16 14:24:30.636,15283.877357445897,23.9689319569147,27.439999999999998,32.9070297029703
2026-07-16 14:24:30.736,15294.415236417595,23.969496699007394,27.439999999999998,32.94647058823531
2026-07-16 14:24:30.836,15272.400333389423,23.970048083616984,27.439999999999998,32.98584158415845
2026-07-16 14:24:30.936,15271.794430632357,23.97058053955538,27.44,33.029117647058854
2026-07-16 14:24:31.036,15288.828578562965,23.971095085430555,27.439999999999998,33.07465346534655
2026-07-16 14:24:31.136,15295.990582187274,23.971866803648936,27.439999999999998,33.114117647058805
2026-07-16 14:24:31.236,15286.435681316172,23.97237262178472,27.439999999999998,33.150099009900984
2026-07-16 14:24:31.336,15264.762692382563,23.97236830319593,27.439999999999998,33.17980198019802
2026-07-16 14:24:31.436,15242.295178174027,23.972364376062913,27.439999999999998,33.20627450980393
2026-07-16 14:24:31.536,15245.924264782969,23.972360835326743,27.44,33.22594059405942
2026-07-16 14:24:31.636,15320.789558156233,23.973391793840374,27.439999999999998,33.2428431372549
2026-07-16 14:24:31.736,15289.207180891844,23.97371855413187,27.439999999999998,33.252673267326735
2026-07-16 14:24:31.836,15256.113984717314,23.973860289784746,27.44,33.26
2026-07-16 14:24:31.936,15270.058313866744,23.97421336506788,27.439999999999998,33.26245098039216
2026-07-16 14:24:32.036,15267.62750230349,23.9745497420193,27.439999999999998,33.26772277227721
2026-07-16 14:24:32.136,15270.050764341262,23.974868199374082,27.44,33.26
2026-07-16 14:24:32.236,15247.85027329124,23.975168848306144,27.439999999999998,33.25794117647058
2026-07-16 14:24:32.336,15277.49819015474,23.97545443128842,27.439999999999998,33.25188118811881
2026-07-16 14:24:32.436,15289.558239437949,23.97550911501086,27.439999999999998,33.26
2026-07-16 14:24:32.536,15282.541963619675,23.975507563296325,27.44,33.26
2026-07-16 14:24:32.636,15287.678994873742,23.975767189332952,27.44,33.26
2026-07-16 14:24:32.736,15217.737580489482,23.97601359156902,27.439999999999998,33.26118811881189
2026-07-16 14:24:32.836,15299.00328215531,23.976606211686995,27.44,33.27
2026-07-16 14:24:32.936,15319.32191704273,23.9775138471785,27.439999999999998,33.27
2026-07-16 14:24:33.036,15282.830801872764,23.977782307793774,27.439999999999998,33.2707843137255
2026-07-16 14:24:33.136,15251.55337123997,23.97769716334875,27.44,33.28
2026-07-16 14:24:33.236,15271.488394627584,23.97795884359341,27.44,33.28049504950495
2026-07-16 14:24:33.336,15295.412602366148,23.978525479843718,27.44,33.29
2026-07-16 14:24:33.436,15252.165397372266,23.978247447199365,27.439999999999998,33.290198019801984
2026-07-16 14:24:33.536,15316.667078043563,23.97899495115364,27.44,33.3
2026-07-16 14:24:33.636,15293.319075190677,23.979153034089574,27.439999999999998,33.29999999999999
2026-07-16 14:24:33.736,15270.037364414473,23.979399041210385,27.440000000000005,33.3
2026-07-16 14:24:33.836,15303.01268913226,23.980177029582016,27.439999999999998,33.3
2026-07-16 14:24:33.936,15240.962523583432,23.980278803290606,27.44,33.30920792079209
2026-07-16 14:24:34.036,15236.262073203148,23.98078897716587,27.44,33.31
2026-07-16 14:24:34.136,15300.999151222288,23.98127721074272,27.440000000000005,33.31
2026-07-16 14:24:34.236,15294.709468523792,23.981447648336225,27.44,33.31872549019608
2026-07-16 14:24:34.336,15258.583478872762,23.981462200031125,27.44,33.31999999999999
2026-07-16 14:24:34.436,15267.430465041713,23.98170743598652,27.439999999999998,33.32
2026-07-16 14:24:34.536,15336.606483752912,23.982403727298454,27.44,33.328316831683175
2026-07-16 14:24:34.636,15197.96582794422,23.981940549987236,27.44,33.33
2026-07-16 14:24:34.736,15308.070316432704,23.98266825754716,27.439999999999998,33.3380198019802
2026-07-16 14:24:34.836,15280.250048158367,23.98319165956103,27.44,33.34
2026-07-16 14:24:34.936,15251.444657853399,23.98333799502043,27.44,33.34772277227724
2026-07-16 14:24:35.036,15263.603795665113,23.98326312688086,27.439999999999998,33.349999999999994
2026-07-16 14:24:35.136,15242.051594525456,23.983194319129083,27.439999999999998,33.349999999999994
2026-07-16 14:24:35.236,15237.818818921052,23.983131204926767,27.44,33.35732673267327
2026-07-16 14:24:35.336,15283.360802460587,23.983442215410626,27.44,33.36
2026-07-16 14:24:35.436,15260.840475704452,23.98316638089697,27.439999999999998,33.3670297029703
2026-07-16 14:24:35.536,15262.005696761633,23.98361346701406,27.44,33.37
2026-07-16 14:24:35.636,15304.638582132982,23.98461359387317,27.439999999999998,33.37673267326733
2026-07-16 14:24:35.736,15333.828182962,23.985368244613298,27.44,33.38
2026-07-16 14:24:35.836,15258.48257545214,23.986110255382155,27.44,33.38643564356436
2026-07-16 14:24:35.936,15308.056036113745,23.987301821999267,27.439999999999998,33.38999999999999
2026-07-16 14:24:36.036,15301.529641969268,23.987688441914816,27.44,33.396138613861396
2026-07-16 14:24:36.136,15281.592564692153,23.987571986291783,27.44,33.4
2026-07-16 14:24:36.236,15270.247989446274,23.987273144397385,27.440000000000005,33.40584158415841
2026-07-16 14:24:36.336,15268.730449629173,23.98709930086727,27.439999999999998,33.41
2026-07-16 14:24:36.436,15264.22391704826,23.987293783246642,27.439999999999998,33.415588235294116
2026-07-16 14:24:36.536,15312.875293621682,23.98747145250454,27.439999999999998,33.42
2026-07-16 14:24:36.636,15255.447082566066,23.98800435656692,27.44,33.425294117647056
2026-07-16 14:24:36.736,15247.804232205792,23.988587731598123,27.439999999999998,33.43
2026-07-16 14:24:36.836,15252.911360612037,23.988943356075453,27.439999999999998,33.42999999999999
2026-07-16 14:24:36.936,15230.068831128667,23.989042341295285,27.44,33.43485148514852
2026-07-16 14:24:37.036,15209.022523033342,23.9891000037568,27.439999999999998,33.44470588235295
2026-07-16 14:24:37.136,15237.40497755486,23.9887773912652,27.44,33.45
2026-07-16 14:24:37.236,15259.520115202202,23.988471973893105,27.44,33.45
2026-07-16 14:24:37.336,15266.342752392231,23.988181614605583,27.439999999999998,33.45
2026-07-16 14:24:37.436,15255.150886329513,23.987905792460165,27.439999999999998,33.45411764705882
2026-07-16 14:24:37.536,15245.9934428537,23.98776778562823,27.439999999999998,33.46
2026-07-16 14:24:37.636,15260.464715309667,23.987905279468137,27.44,33.46
2026-07-16 14:24:37.736,15239.812254558807,23.988033385585553,27.443518518518523,33.46351851851852
2026-07-16 14:24:37.836,15158.738168913376,23.986755260053776,27.449999999999996,33.47
2026-07-16 14:24:37.936,15135.210373831438,23.984960319633565,27.450000000000003,33.47
2026-07-16 14:24:38.036,15147.590394210663,23.983175399423686,27.449999999999996,33.47267326732673
2026-07-16 14:24:38.136,15163.547159664658,23.981287709661494,27.449999999999996,33.47999999999999
2026-07-16 14:24:38.236,15161.887732526651,23.97886996047717,27.45,33.48
2026-07-16 14:24:38.336,15145.861644215733,23.975820059937355,27.449999999999996,33.47999999999999
2026-07-16 14:24:38.436,15164.793866085185,23.97329147467757,27.449999999999996,33.47999999999999
2026-07-16 14:24:38.536,15152.016599709477,23.970197525653365,27.45,33.48
2026-07-16 14:24:38.636,15117.139247530904,23.966440752302965,27.449999999999996,33.47811881188118
2026-07-16 14:24:38.736,15080.71869619245,23.961954643684564,27.45,33.46823529411764
2026-07-16 14:24:38.836,15078.172872004787,23.956685113989757,27.449999999999996,33.458431372549015
2026-07-16 14:24:38.936,15158.743320605246,23.95068636802239,27.450000000000003,33.45
2026-07-16 14:24:39.036,15226.282517998046,23.947330709831544,27.45,33.44872549019607
2026-07-16 14:24:39.136,15164.468081825946,23.94140657915805,27.45,33.43782178217822
2026-07-16 14:24:39.236,15165.549674727768,23.936131072189042,27.450000000000003,33.42
2026-07-16 14:24:39.336,15214.170252912463,23.93244894477234,27.449999999999996,33.41911764705882
2026-07-16 14:24:39.436,15242.11053574485,23.93006296641846,27.449999999999996,33.409306930693056
2026-07-16 14:24:39.536,15222.389762299596,23.92819911469897,27.449405940594048,33.39940594059405
2026-07-16 14:24:39.636,15266.305509818663,23.92781555231439,27.439999999999998,33.38999999999999
2026-07-16 14:24:39.736,15256.709597748068,23.925695781615115,27.439999999999998,33.38970297029702
2026-07-16 14:24:39.836,15258.455188025824,23.92285804898694,27.44,33.37980392156862
2026-07-16 14:24:39.936,15286.30172127546,23.920487704103444,27.440000000000005,33.370000000000005
2026-07-16 14:24:40.036,15297.846584417508,23.918595334148606,27.44,33.37
2026-07-16 14:24:40.136,15252.486840017602,23.916464563525807,27.439999999999998,33.36029702970298
2026-07-16 14:24:40.236,15371.905268762515,23.916376523020656,27.439999999999998,33.350490196078425
2026-07-16 14:24:40.336,15354.776798731797,23.916306316160302,27.44,33.35
2026-07-16 14:24:40.436,15318.109796415767,23.915658715924643,27.439999999999998,33.34069306930693
2026-07-16 14:24:40.536,15308.7762462805,23.915279532506297,27.44,33.34
2026-07-16 14:24:40.636,15313.109193834023,23.91530840633183,27.449009900990102,33.3309900990099
2026-07-16 14:24:40.736,15305.291850606129,23.915333122100343,27.45,33.32126213592233
2026-07-16 14:24:40.836,15353.449340647898,23.915354389837518,27.449999999999996,33.31999999999999
2026-07-16 14:24:40.936,15402.164797257217,23.915954253572295,27.449999999999996,33.311568627450974
2026-07-16 14:24:41.036,15412.611075167226,23.91698811564761,27.45,33.30168316831683
2026-07-16 14:24:41.136,15428.741001315462,23.91811055961141,27.449999999999996,33.29178217821782
2026-07-16 14:24:41.236,15436.942732478283,23.91942505318061,27.449999999999996,33.28999999999999
2026-07-16 14:24:41.336,15410.402618911874,23.920799081832364,27.450000000000003,33.28207920792079
2026-07-16 14:24:41.436,15368.664354767367,23.921110016990266,27.45,33.272178217821775
2026-07-16 14:24:41.536,15421.724981019648,23.921998461060678,27.45,33.26235294117646
2026-07-16 14:24:41.636,15426.874304279328,23.923329773163303,27.449999999999996,33.26
2026-07-16 14:24:41.736,15428.724588910605,23.924723344075773,27.449999999999996,33.25264705882352
2026-07-16 14:24:41.836,15424.62751812344,23.925776775846785,27.45,33.242772277227715
2026-07-16 14:24:41.936,15420.547919808425,23.926879649554067,27.45,33.24
2026-07-16 14:24:42.036,15450.043645300026,23.929271561681457,27.449999999999996,33.23306930693068
2026-07-16 14:24:42.136,15367.563856571835,23.929680556338344,27.449999999999996,33.22323529411764
2026-07-16 14:24:42.236,15389.191861467361,23.931211650886123,27.449999999999996,33.22
2026-07-16 14:24:42.336,15372.379105764328,23.9323845288935,27.449999999999996,33.213529411764696
2026-07-16 14:24:42.436,15381.114565308033,23.933588947543598,27.449999999999996,33.20366336633663
2026-07-16 14:24:42.536,15406.942314507103,23.934662911947456,27.449999999999996,33.2
2026-07-16 14:24:42.636,15346.182978835534,23.934787620244197,27.449999999999996,33.1879207920792
2026-07-16 14:24:42.736,15360.251747397322,23.93608984504737,27.450000000000003,33.18
2026-07-16 14:24:42.836,15318.767923194386,23.93610377077026,27.45,33.17435643564356
2026-07-16 14:24:42.936,15338.02245509443,23.936441703964547,27.45,33.16450980392156
2026-07-16 14:24:43.036,15327.057160327957,23.937248966278688,27.449999999999996,33.16
2026-07-16 14:24:43.136,15310.635930966144,23.93829643673815,27.45,33.15475247524752
2026-07-16 14:24:43.236,15362.019454589095,23.939201303881923,27.449999999999996,33.14485148514851
2026-07-16 14:24:43.336,15284.012718391437,23.939511860152134,27.449999999999996,33.14
2026-07-16 14:24:43.436,15320.37639846187,23.940353771439714,27.449999999999996,33.13514851485148
2026-07-16 14:24:43.536,15274.649235881338,23.940272986139366,27.449999999999996,33.12524752475247
2026-07-16 14:24:43.636,15265.907826657687,23.93991948953289,27.449999999999996,33.11539215686274
2026-07-16 14:24:43.736,15268.106844224028,23.939597488040697,27.45,33.11
2026-07-16 14:24:43.836,15223.461231428635,23.939203091383668,27.45,33.10574257425743
2026-07-16 14:24:43.936,15240.613090559134,23.938401173667092,27.449999999999996,33.095882352941175
2026-07-16 14:24:44.036,15255.844372442618,23.938710496394286,27.45,33.08603960396039
2026-07-16 14:24:44.136,15225.088165191293,23.93899755977848,27.449999999999996,33.08
2026-07-16 14:24:44.236,15191.781322811665,23.938957400191256,27.45,33.07633663366336
2026-07-16 14:24:44.336,15196.521567228518,23.939135583576803,27.449999999999996,33.06647058823529
2026-07-16 14:24:44.436,15221.581073232352,23.93975983007361,27.449999999999996,33.06
2026-07-16 14:24:44.536,15169.084310232622,23.939937703929125,27.449999999999996,33.056732673267305
2026-07-16 14:24:44.636,15160.00124710571,23.9391838779989,27.45,33.04686274509804
2026-07-16 14:24:44.736,15201.342355618337,23.939702575476403,27.449999999999996,33.03999999999999
2026-07-16 14:24:44.836,15209.245079258872,23.940423537458262,27.449999999999996,33.03715686274509
2026-07-16 14:24:44.936,15197.03398935383,23.940878138904118,27.449999999999996,33.02732673267326
2026-07-16 14:24:45.036,15160.008615453637,23.94077031939011,27.449999999999996,33.019999999999996
2026-07-16 14:24:45.136,15065.560875708179,23.940040554392045,27.45,33.01762376237624
2026-07-16 14:24:45.236,15101.168410494894,23.940244072617766,27.45,33.00774509803921
2026-07-16 14:24:45.336,15104.926822348496,23.940429561998698,27.449999999999996,33.0
2026-07-16 14:24:45.436,15083.753765447396,23.940928025340654,27.45,32.998019801980185
2026-07-16 14:24:45.536,15075.221287394605,23.941544957919785,27.449999999999996,32.98813725490195
2026-07-16 14:24:45.636,15079.62302992714,23.941834812421114,27.45,32.978333333333325
2026-07-16 14:24:45.736,15058.920229412182,23.941466882621683,27.45,32.968514851485146
2026-07-16 14:24:45.836,14976.890426647778,23.941123158865857,27.45,32.96
2026-07-16 14:24:45.936,14955.659351887776,23.940803797697747,27.449999999999996,32.95762376237622
2026-07-16 14:24:46.036,14949.51267360148,23.94016458862329,27.448921568627437,32.938921568627435
2026-07-16 14:24:46.136,14997.001639287153,23.940205761319284,27.439999999999998,32.93
2026-07-16 14:24:46.236,15019.003444755352,23.940517432267857,27.439999999999998,32.929207920792074
2026-07-16 14:24:46.336,14936.96127694004,23.94013566133165,27.44,32.919313725490184
2026-07-16 14:24:46.436,14895.86389187467,23.939389609660978,27.44,32.909504950495034
2026-07-16 14:24:46.536,14886.426924458512,23.939138894470815,27.440000000000005,32.9
2026-07-16 14:24:46.636,14887.493672866927,23.93927443045319,27.44,32.89980198019802
2026-07-16 14:24:46.736,14898.524623880565,23.939230599363025,27.439999999999998,32.889901960784314
2026-07-16 14:24:46.836,14902.51304357589,23.939010271276814,27.439999999999998,32.88009803921568
2026-07-16 14:24:46.936,14890.314269675635,23.93880472599376,27.44,32.87019801980197
2026-07-16 14:24:47.036,14881.696921852306,23.938601058362213,27.44,32.87
2026-07-16 14:24:47.136,14884.06487556743,23.938007818295787,27.44,32.86049504950495
2026-07-16 14:24:47.236,14846.301175958235,23.93813575299623,27.439999999999998,32.8506862745098
2026-07-16 14:24:47.336,14841.929749156607,23.938126450180654,27.44,32.85
2026-07-16 14:24:47.436,14875.753004654041,23.938337566422476,27.44,32.84089108910891
2026-07-16 14:24:47.536,14889.171882757963,23.938660341098522,27.44,32.83107843137253
2026-07-16 14:24:47.636,14799.494931314252,23.938081896073573,27.44,32.83
2026-07-16 14:24:47.736,14787.562360986194,23.937921428654978,27.44,32.82137254901961
2026-07-16 14:24:47.836,14779.422029068686,23.937402953900722,27.439999999999998,32.81148514851485
2026-07-16 14:24:47.936,14783.503239939877,23.93714504561037,27.439999999999998,32.81
2026-07-16 14:24:48.036,14777.01018978607,23.936824472236378,27.44,32.801782178217806
2026-07-16 14:24:48.136,14770.737829997446,23.936437527019482,27.439999999999998,32.79188118811881
2026-07-16 14:24:48.236,14791.167413129639,23.93635511790261,27.439999999999998,32.79
2026-07-16 14:24:48.336,14740.536646885275,23.93627936132921,27.44,32.78217821782178
2026-07-16 14:24:48.436,14730.828162147214,23.93584996667934,27.439999999999998,32.772352941176464
2026-07-16 14:24:48.536,14702.721145015232,23.93569363342849,27.439999999999998,32.77
2026-07-16 14:24:48.636,14723.982810576697,23.93564834585872,27.439999999999998,32.76257425742573
2026-07-16 14:24:48.736,14741.509795234291,23.93534963511795,27.44,32.75274509803921
2026-07-16 14:24:48.836,14679.657210343014,23.934579433434436,27.44,32.75
2026-07-16 14:24:48.936,14698.95886589887,23.933795809102275,27.439999999999998,32.743069306930686
2026-07-16 14:24:49.036,14688.678523549072,23.93340615418684,27.439999999999998,32.733235294117634
2026-07-16 14:24:49.136,14680.669086662398,23.932722279143555,27.439999999999998,32.73
2026-07-16 14:24:49.236,14648.133632055205,23.93169866349959,27.44,32.723465346534645
2026-07-16 14:24:49.336,14630.983301204848,23.93085799238397,27.44,32.71362745098038
2026-07-16 14:24:49.436,14664.846275384338,23.930664738378596,27.440000000000005,32.71
2026-07-16 14:24:49.536,14700.048447639287,23.930858251041222,27.440000000000005,32.69784313725489
2026-07-16 14:24:49.636,14674.34857915631,23.93103471884135,27.439999999999998,32.684059405940594
2026-07-16 14:24:49.736,14644.749770622062,23.930841564837195,27.440000000000005,32.68
2026-07-16 14:24:49.836,14650.903847887694,23.93031247092544,27.445686274509804,32.674313725490194
2026-07-16 14:24:49.936,14661.795884929037,23.929640588003462,27.449999999999996,32.66445544554455
2026-07-16 14:24:50.036,14651.928376604199,23.92909481626876,27.449999999999996,32.654660194174745
2026-07-16 14:24:50.136,14643.156624464675,23.92887768536396,27.449999999999996,32.65
2026-07-16 14:24:50.236,14644.298980695154,23.928264168203984,27.449999999999996,32.64504950495048
2026-07-16 14:24:50.336,14673.63455062631,23.928057313752007,27.449999999999996,32.63514851485147
2026-07-16 14:24:50.436,14627.001399212764,23.92733718754231,27.45,32.63
2026-07-16 14:24:50.536,14586.953585397958,23.92678509402647,27.45,32.62544554455445
2026-07-16 14:24:50.636,14586.069326224104,23.9265742417618,27.449999999999996,32.61554455445545
2026-07-16 14:24:50.736,14569.087287530345,23.92606081324874,27.445728155339804,32.61
2026-07-16 14:24:50.836,14586.473273781485,23.92556888998298,27.4440594059406,32.605940594059405
2026-07-16 14:24:50.936,14642.007470180522,23.925916285501366,27.45,32.59607843137254
2026-07-16 14:24:51.036,14626.217313580692,23.925682393867113,27.450000000000003,32.59
2026-07-16 14:24:51.136,14578.969930152882,23.924968222347445,27.45,32.58653465346535
2026-07-16 14:24:51.236,14580.159867553997,23.92469439932058,27.449999999999996,32.57666666666667
2026-07-16 14:24:51.336,14656.017665413741,23.92552015514458,27.449999999999996,32.56999999999999
2026-07-16 14:24:51.436,14593.234436162564,23.925498657969523,27.45,32.56696078431372
2026-07-16 14:24:51.536,14648.134388501312,23.925928277327046,27.45,32.56
2026-07-16 14:24:51.636,14594.748766909725,23.925641822729766,27.45,32.55725490196078
2026-07-16 14:24:51.736,14566.512794909004,23.92514651542583,27.45,32.54742574257425
2026-07-16 14:24:51.836,14590.215723095049,23.925032778400865,27.45,32.54
2026-07-16 14:24:51.936,14610.830577189805,23.925507445492432,27.449999999999996,32.53772277227722
2026-07-16 14:24:52.036,14567.498495237678,23.92595827987371,27.45,32.527821782178215
2026-07-16 14:24:52.136,14584.159085732734,23.925916872726987,27.449999999999996,32.51794117647059
2026-07-16 14:24:52.236,14576.104085934925,23.9251645232153,27.449999999999996,32.50999999999999
2026-07-16 14:24:52.336,14523.422541176085,23.924534729927494,27.45,32.50647058823528
2026-07-16 14:24:52.436,14505.61360378901,23.924293845591958,27.449999999999996,32.49
2026-07-16 14:24:52.536,14536.836597950267,23.924125178645713,27.449999999999996,32.488529411764695
2026-07-16 14:24:52.636,14478.241054866996,23.92330143014087,27.45,32.47871287128712
2026-07-16 14:24:52.736,14538.961886834393,23.922926662303563,27.449999999999996,32.47
2026-07-16 14:24:52.836,14562.593287465541,23.922964428143885,27.45,32.46784313725489
2026-07-16 14:24:52.936,14551.555049475533,23.92335584731181,27.449999999999996,32.449108910891084
2026-07-16 14:24:53.036,14527.467318244002,23.92367097705655,27.449215686274503,32.44
2026-07-16 14:24:53.136,14517.56265324646,23.923738097739548,27.44,32.43940594059406
2026-07-16 14:24:53.236,14538.016361258378,23.923726945320922,27.44049504950495,32.42950495049505
2026-07-16 14:24:53.336,14537.33971131201,23.922972522282947,27.449607843137255,32.42
2026-07-16 14:24:53.436,14513.85278105734,23.922220010977114,27.439999999999998,32.41980198019801
2026-07-16 14:24:53.536,14489.874945769341,23.92147461886784,27.44,32.409900990099
2026-07-16 14:24:53.636,14499.858582141262,23.920740673550426,27.439999999999998,32.39999999999999
2026-07-16 14:24:53.736,14527.318892376057,23.92017606853554,27.44,32.4
2026-07-16 14:24:53.836,14525.913187508366,23.920010145684834,27.439999999999998,32.390297029702964
2026-07-16 14:24:53.936,14518.929134025015,23.920258809856783,27.439999999999998,32.38049019607842
2026-07-16 14:24:54.036,14456.938882864764,23.919645452827822,27.44,32.370594059405924
2026-07-16 14:24:54.136,14532.45348714717,23.92071166867821,27.44,32.37
2026-07-16 14:24:54.236,14526.625606377827,23.920961506730748,27.439999999999998,32.36089108910891
2026-07-16 14:24:54.336,14483.821601600695,23.920335317586837,27.44,32.3509900990099
2026-07-16 14:24:54.436,14541.036604745594,23.920163018370147,27.439999999999998,32.35
2026-07-16 14:24:54.536,14564.165416146298,23.920432772156463,27.448712871287135,32.341287128712864
2026-07-16 14:24:54.636,14561.551470834336,23.920677210877024,27.449999999999996,32.33147058823529
2026-07-16 14:24:54.736,14529.248383461569,23.92014136777138,27.45,32.33
2026-07-16 14:24:54.836,14496.020210852781,23.919422951516033,27.45,32.32346303501945
2026-07-16 14:24:54.936,14494.11726780473,23.919347881904898,27.45,32.315680933852136
2026-07-16 14:24:55.036,14528.003730793876,23.920046280766638,27.450000000000003,32.30789883268481
2026-07-16 14:24:55.136,14546.858492669933,23.920274993978886,27.450000000000003,32.300116731517505
2026-07-16 14:24:55.236,14368.485786957905,23.919040269852555,27.45,32.29233463035019
2026-07-16 14:24:55.336,14472.610726858735,23.91869291359449,27.450000000000003,32.284552529182875
2026-07-16 14:24:55.436,14522.898785290516,23.91885530498378,27.450000000000003,32.27677042801556
2026-07-16 14:24:55.536,14479.912704553859,23.918508175697653,27.449999999999996,32.269999999999996
2026-07-16 14:24:55.636,14434.466498053514,23.91776461389398,27.449999999999996,32.26882352941177
2026-07-16 14:24:55.736,14492.028143431628,23.918097538665585,27.449009900990102,32.259009900990094
2026-07-16 14:24:55.836,14491.929793457004,23.91744616238815,27.439999999999998,32.24911764705882
2026-07-16 14:24:55.936,14526.586082972573,23.91774577469497,27.439999999999998,32.24
2026-07-16 14:24:56.036,14490.184348579543,23.918144519574607,27.439999999999998,32.239405940594054
2026-07-16 14:24:56.136,14457.273335925653,23.918266138824798,27.439999999999998,32.22950980392156
2026-07-16 14:24:56.236,14493.776348273515,23.918425758925427,27.439999999999998,32.21970297029702
2026-07-16 14:24:56.336,14581.373924803465,23.919188208169558,27.44,32.209803921568614
2026-07-16 14:24:56.436,14509.872632836668,23.9194979765372,27.440000000000005,32.19999999999999
2026-07-16 14:24:56.536,14447.015347004668,23.91889113293055,27.440000000000005,32.190291262135915
2026-07-16 14:24:56.636,14464.314789536187,23.917876720729495,27.439999999999998,32.19
2026-07-16 14:24:56.736,14467.860488385479,23.917311674084786,27.44,32.18058823529412
2026-07-16 14:24:56.836,14458.514572347744,23.91704582238291,27.439999999999998,32.17069306930693
2026-07-16 14:24:56.936,14478.411683689212,23.916557184769246,27.44,32.17
2026-07-16 14:24:57.036,14447.250999483342,23.91650899377332,27.44,32.160980392156844
2026-07-16 14:24:57.136,14430.20296498761,23.91601099056062,27.440000000000005,32.15108910891089
2026-07-16 14:24:57.236,14427.912447310264,23.915157242266638,27.44,32.15
2026-07-16 14:24:57.336,14434.044107407106,23.915087528672295,27.44,32.14138613861386
2026-07-16 14:24:57.436,14441.869203454415,23.915414199361678,27.439999999999998,32.13148514851485
2026-07-16 14:24:57.536,14454.86079144626,23.91542586263056,27.439999999999998,32.13
2026-07-16 14:24:57.636,14494.838982394294,23.915436416781212,27.44,32.12178217821782
2026-07-16 14:24:57.736,14523.132273527815,23.915445839805848,27.439999999999998,32.11196078431372
2026-07-16 14:24:57.836,14504.653877950766,23.915798584488247,27.447920792079213,32.11
2026-07-16 14:24:57.936,14494.345617742987,23.915944243411207,27.45,32.10217821782177
2026-07-16 14:24:58.036,14475.628577787284,23.915753968509843,27.45,32.092352941176465
2026-07-16 14:24:58.136,14453.615219924906,23.91544985298901,27.449999999999996,32.09
2026-07-16 14:24:58.236,14487.033539012213,23.915409979779053,27.449999999999996,32.08264705882352
2026-07-16 14:24:58.336,14470.935904339502,23.91465316462785,27.45,32.07277227722771
2026-07-16 14:24:58.436,14411.214260669392,23.913890115120058,27.45,32.0628712871287
2026-07-16 14:24:58.536,14430.391534852259,23.91370707389168,27.449999999999996,32.06
2026-07-16 14:24:58.636,14461.496485115145,23.913792776105453,27.449999999999996,32.05316831683169
2026-07-16 14:24:58.736,14457.065743951292,23.91375473650661,27.449999999999996,32.04333333333333
2026-07-16 14:24:58.836,14439.188732009728,23.913479219270624,27.45,32.03346534653465
2026-07-16 14:24:58.936,14430.49674574571,23.913569069538433,27.449999999999996,32.03
2026-07-16 14:24:59.036,14416.067308663416,23.91295844571912,27.45,32.02376237623761
2026-07-16 14:24:59.136,14441.121162740998,23.912571715661638,27.449999999999996,32.01386138613861
2026-07-16 14:24:59.236,14449.157708221268,23.91230317101065,27.45,32.01
2026-07-16 14:24:59.336,14465.108156617023,23.912314373674377,27.449999999999996,32.00415841584157
2026-07-16 14:24:59.436,14533.54913254225,23.912785029454177,27.45,31.994257425742564
2026-07-16 14:24:59.536,14508.74308814748,23.912906177039034,27.450000000000003,31.990000000000002
2026-07-16 14:24:59.636,14426.596722987066,23.912274848117214,27.449999999999996,31.984607843137255
2026-07-16 14:24:59.736,14436.284938191038,23.912237549011977,27.45,31.974752475247524
2026-07-16 14:24:59.836,14441.971627958425,23.91192660949612,27.449999999999996,31.96490196078431
2026-07-16 14:24:59.936,14437.713451381893,23.91159846924695,27.449999999999996,31.955049504950484
2026-07-16 14:25:00.036,14459.913578603231,23.911773290865227,27.449999999999996,31.95
2026-07-16 14:25:00.136,14501.98861885888,23.911935376804813,27.45,31.94534653465346
2026-07-16 14:25:00.236,14462.975655309103,23.911698783415684,27.445445544554453,31.939999999999998
2026-07-16 14:25:00.336,14471.130041544257,23.911785768829468,27.44,31.935588235294105
2026-07-16 14:25:00.436,14436.40130775304,23.911706909816964,27.439999999999998,31.925742574257413
2026-07-16 14:25:00.536,14417.254105028096,23.91164764518467,27.44,31.92
2026-07-16 14:25:00.636,14451.434789326737,23.911629657776434,27.44,31.9160396039604
2026-07-16 14:25:00.736,14453.331744974392,23.911091555822924,27.44,31.906176470588235
2026-07-16 14:25:00.836,14448.764830901804,23.91127281583526,27.439999999999998,31.9
2026-07-16 14:25:00.936,14450.030417370008,23.9108096165554,27.439999999999998,31.896435643564352
2026-07-16 14:25:01.036,14437.02956896404,23.910499438363026,27.439999999999998,31.88656862745097
2026-07-16 14:25:01.136,14424.563096608701,23.910324762671447,27.439999999999998,31.879999999999995
2026-07-16 14:25:01.236,14439.556203708169,23.910369274995528,27.443137254901963,31.87686274509803
2026-07-16 14:25:01.336,14485.783112196483,23.910805410900206,27.449999999999996,31.86702970297029
2026-07-16 14:25:01.436,14384.488217734366,23.90985653779032,27.45,31.857128712871276
2026-07-16 14:25:01.536,14427.618154438385,23.909621279025384,27.45,31.850000000000005
2026-07-16 14:25:01.636,14444.198857932506,23.909759523490795,27.44742574257426,31.84742574257426
2026-07-16 14:25:01.736,14456.477329520021,23.909802241343364,27.44,31.83754901960784
2026-07-16 14:25:01.836,14456.750479629354,23.909649789001136,27.44,31.83
2026-07-16 14:25:01.936,14421.94298238696,23.90950671230587,27.44,31.827821782178212
2026-07-16 14:25:02.036,14471.405631925058,23.909372838424016,27.44,31.81794117647058
2026-07-16 14:25:02.136,14470.767507705043,23.9095961481275,27.439999999999998,31.808118811881187
2026-07-16 14:25:02.236,14454.724875752301,23.909554117295663,27.439999999999998,31.79823529411764
2026-07-16 14:25:02.336,14428.747292525113,23.90962588442563,27.44,31.78841584158415
2026-07-16 14:25:02.436,14437.13510279673,23.909720242192158,27.439999999999998,31.779999999999998
2026-07-16 14:25:02.536,14488.730695151711,23.909587483643207,27.440139720558886,31.779021956087817
2026-07-16 14:25:02.636,14441.5145081911,23.90946189395491,27.4411377245509,31.772035928143712
2026-07-16 14:25:02.736,14436.524559350542,23.909679120917353,27.442135728542915,31.765049900199603
2026-07-16 14:25:02.836,14457.720764895756,23.909891018519204,27.443133732534932,31.758063872255487
2026-07-16 14:25:02.936,14466.750638575795,23.91009462921938,27.44413173652695,31.751077844311375
2026-07-16 14:25:03.036,14448.730770123351,23.910013357202107,27.445129740518965,31.744091816367263
2026-07-16 14:25:03.136,14413.585184869731,23.909541315340444,27.446127744510978,31.737105788423158
2026-07-16 14:25:03.236,14393.909395485052,23.90908413812902,27.447125748502994,31.73011976047904
2026-07-16 14:25:03.336,14432.34143979956,23.908974606756157,27.44812375249501,31.72313373253493
2026-07-16 14:25:03.436,14401.933791322095,23.908579581387826,27.449121756487028,31.716147704590817
2026-07-16 14:25:03.536,14416.673924503586,23.908369000263313,27.45,31.70882352941176
2026-07-16 14:25:03.636,14438.941275410274,23.908287045692088,27.449999999999996,31.699019607843134
2026-07-16 14:25:03.736,14435.55240500787,23.908300753814217,27.45,31.69
2026-07-16 14:25:03.836,14437.162437219324,23.908588680870107,27.45,31.689313725490187
2026-07-16 14:25:03.936,14456.673166436183,23.90917571175925,27.449999999999996,31.679504950495037
2026-07-16 14:25:04.036,14404.195370593523,23.908824253647527,27.45,31.669999999999998
2026-07-16 14:25:04.136,14462.185354707035,23.90912323858624,27.45,31.66970588235294
2026-07-16 14:25:04.236,14495.970887940268,23.909367995057835,27.449999999999996,31.65990099009901
2026-07-16 14:25:04.336,14453.030913204871,23.909121796358164,27.45,31.65
2026-07-16 14:25:04.436,14410.684405081854,23.908582573019395,27.449999999999996,31.65
2026-07-16 14:25:04.536,14414.55225457804,23.90772521115033,27.45,31.640388349514552
2026-07-16 14:25:04.636,14450.353036692371,23.90799017686433,27.45,31.630495049504948
2026-07-16 14:25:04.736,14429.472253830492,23.907714678232644,27.449999999999996,31.620686274509797
2026-07-16 14:25:04.836,14400.803287536351,23.907233460212247,27.45,31.62
2026-07-16 14:25:04.936,14387.630904107576,23.906918411939184,27.45,31.6108910891089
2026-07-16 14:25:05.036,14391.641330337749,23.906817468549196,27.449999999999996,31.601078431372535
2026-07-16 14:25:05.136,14435.194573166087,23.9063864895809,27.449999999999996,31.591188118811875
2026-07-16 14:25:05.236,14391.315590075743,23.90636798068641,27.441287128712872,31.589999999999996
2026-07-16 14:25:05.336,14417.18905011523,23.90635958909972,27.439999999999998,31.58147058823529
2026-07-16 14:25:05.436,14461.521895110454,23.906570844225037,27.44,31.57158415841584
2026-07-16 14:25:05.536,14497.080529170598,23.906925706847204,27.439999999999998,31.569999999999997
2026-07-16 14:25:05.636,14495.704541554644,23.907189834881994,27.439999999999998,31.56196078431372
2026-07-16 14:25:05.736,14404.612445801002,23.90714127402858,27.44,31.552079207920787
2026-07-16 14:25:05.836,14431.604271690778,23.90674534692787,27.44,31.542178217821778
2026-07-16 14:25:05.936,14452.379725511151,23.906661954926125,27.439999999999998,31.54
2026-07-16 14:25:06.036,14430.742804270521,23.90641955109689,27.439999999999998,31.53247524752474
2026-07-16 14:25:06.136,14427.715719794905,23.90621591170608,27.439999999999998,31.529999999999994
2026-07-16 14:25:06.236,14462.547362113986,23.906301509777407,27.44,31.522745098039216
2026-07-16 14:25:06.336,14457.330594423112,23.90661602638113,27.447128712871283,31.51287128712871
2026-07-16 14:25:06.436,14435.482266365827,23.906599568023744,27.449999999999996,31.509999999999998
2026-07-16 14:25:06.536,14428.719796242209,23.906873919484145,27.449999999999996,31.50313725490195
2026-07-16 14:25:06.636,14413.512886788434,23.906954082038702,27.449999999999996,31.493333333333332
2026-07-16 14:25:06.736,14396.178670816302,23.9066115376028,27.45,31.48346534653465
2026-07-16 14:25:06.836,14411.42514714229,23.90625189708547,27.449999999999996,31.473564356435638
2026-07-16 14:25:06.936,14480.90281537152,23.906558982633538,27.449999999999996,31.47
2026-07-16 14:25:07.036,14433.764008874788,23.90654430099953,27.449999999999996,31.4638613861386
2026-07-16 14:25:07.136,14413.979597140815,23.905917741933497,27.449999999999996,31.453960396039598
2026-07-16 14:25:07.236,14422.356082536831,23.905745089652505,27.450000000000003,31.450000000000003
2026-07-16 14:25:07.336,14428.820604576627,23.905946347579402,27.45,31.444257425742574
2026-07-16 14:25:07.436,14428.56966515477,23.90618170158691,27.449999999999996,31.434411764705878
2026-07-16 14:25:07.536,14426.858852774558,23.906128951817283,27.449999999999996,31.424554455445538
2026-07-16 14:25:07.636,14384.369172345261,23.90579261027326,27.45,31.42
2026-07-16 14:25:07.736,14420.429740896217,23.905793813007456,27.449999999999996,31.414901960784313
2026-07-16 14:25:07.836,14465.295622820999,23.90580674676425,27.449999999999996,31.405049504950483
2026-07-16 14:25:07.936,14443.975672146673,23.90581886196569,27.449999999999996,31.4
2026-07-16 14:25:08.036,14425.447249393412,23.90606749480444,27.45,31.39534653465345
2026-07-16 14:25:08.136,14476.901116303618,23.906559529925442,27.45,31.38549019607843
2026-07-16 14:25:08.236,14485.74194958018,23.906545829044735,27.45,31.379999999999995
2026-07-16 14:25:08.336,14434.478119906127,23.906533169543334,27.45,31.375742574257423
2026-07-16 14:25:08.436,14407.782552637193,23.906521274406856,27.449999999999996,31.36588235294117
2026-07-16 14:25:08.536,14414.961135135416,23.90651007378934,27.45,31.356116504854363
2026-07-16 14:25:08.636,14446.54758965424,23.90662252138293,27.450000000000003,31.35
2026-07-16 14:25:08.736,14463.210318105152,23.906753426263926,27.45,31.346534653465348
2026-07-16 14:25:08.836,14409.918098603588,23.906492194002727,27.449999999999996,31.336666666666662
2026-07-16 14:25:08.936,14470.186041064173,23.90707276941131,27.449999999999996,31.33
2026-07-16 14:25:09.036,14422.069893789878,23.90685216702161,27.45,31.326960784313716
2026-07-16 14:25:09.136,14383.57440131647,23.906724038023263,27.449999999999996,31.317128712871288
2026-07-16 14:25:09.236,14393.848613513757,23.906705195218784,27.449999999999996,31.309999999999995
2026-07-16 14:25:09.336,14427.914871433699,23.90668749176764,27.449999999999996,31.30735294117646
2026-07-16 14:25:09.436,14429.996916641487,23.906727385237097,27.450000000000003,31.29752475247524
2026-07-16 14:25:09.536,14473.080383277567,23.907293469886447,27.45,31.29
2026-07-16 14:25:09.636,14424.105851273198,23.907029021480714,27.45,31.287821782178213
2026-07-16 14:25:09.736,14415.580991470331,23.907138852841747,27.449999999999996,31.2779207920792
2026-07-16 14:25:09.836,14436.672786517967,23.90725864202234,27.45,31.27
2026-07-16 14:25:09.936,14433.322698679523,23.90722158409384,27.45,31.266470588235283
2026-07-16 14:25:10.036,14385.890062573653,23.90722952221036,27.449999999999996,31.248415841584148
2026-07-16 14:25:10.136,14475.41576950874,23.907499185510567,27.449999999999996,31.238529411764706
2026-07-16 14:25:10.236,14422.058613938134,23.907180182405185,27.45,31.228712871287122
2026-07-16 14:25:10.336,14417.816886331355,23.907072592067006,27.449999999999996,31.219999999999995
2026-07-16 14:25:10.436,14414.956655006146,23.906870392396893,27.449999999999996,31.21892156862744
2026-07-16 14:25:10.536,14394.295886777105,23.906657187770822,27.45,31.20910891089108
2026-07-16 14:25:10.636,14383.465785135042,23.906641035375962,27.45,31.199215686274506
2026-07-16 14:25:10.736,14453.478842412935,23.90662584817707,27.45,31.19
2026-07-16 14:25:10.836,14366.286858380938,23.90604103024842,27.449999999999996,31.189509803921567
2026-07-16 14:25:10.936,14399.896586322448,23.9059319946769,27.449999999999996,31.179702970297026
2026-07-16 14:25:11.036,14439.228094515147,23.906123685781324,27.449999999999996,31.169999999999998
2026-07-16 14:25:11.136,14434.576668989337,23.906299947501772,27.45,31.17
2026-07-16 14:25:11.236,14411.664572598149,23.90629556868327,27.440099009900987,31.16009900990099
2026-07-16 14:25:11.336,14458.461240484834,23.906313837906247,27.44,31.150198019801973
2026-07-16 14:25:11.436,14469.82373977021,23.906880189810504,27.44,31.15
2026-07-16 14:25:11.536,14456.955296392112,23.906944203558005,27.44,31.14049504950494
2026-07-16 14:25:11.636,14450.32480299379,23.907114230500348,27.439999999999998,31.130686274509795
2026-07-16 14:25:11.736,14439.016144299956,23.907243482300874,27.44,31.13
2026-07-16 14:25:11.836,14447.28677970683,23.907369640726312,27.44,31.120980392156863
2026-07-16 14:25:11.936,14521.665053272147,23.90784371499913,27.440000000000005,31.11108910891089
2026-07-16 14:25:12.036,14416.008184277935,23.907475890589343,27.44,31.101274509803915
2026-07-16 14:25:12.136,14397.42139277555,23.907398011637632,27.44,31.099999999999998
2026-07-16 14:25:12.236,14426.001081902268,23.907574589836372,27.439999999999998,31.091485148514845
2026-07-16 14:25:12.336,14428.632431396498,23.907521061417995,27.439999999999998,31.08166666666666
2026-07-16 14:25:12.436,14407.293368441045,23.907466192632224,27.44,31.08
2026-07-16 14:25:12.536,14421.827701314722,23.90802879874749,27.44,31.071960784313713
2026-07-16 14:25:12.636,14449.38570696697,23.90830451149928,27.44,31.06207920792079
2026-07-16 14:25:12.736,14412.980366875063,23.90824881698735,27.44,31.06
2026-07-16 14:25:12.836,14414.967690183901,23.908174920151204,27.439999999999998,31.05237623762376
2026-07-16 14:25:12.936,14410.28549656356,23.908284510845853,27.440000000000005,31.042549019607836
2026-07-16 14:25:13.036,14413.547055209638,23.90841887261269,27.44,31.04
2026-07-16 14:25:13.136,14452.153626862262,23.908396056548973,27.439999999999998,31.032843137254897
2026-07-16 14:25:13.236,14450.460062509106,23.90863915524269,27.439999999999998,31.03
2026-07-16 14:25:13.336,14410.479238762113,23.9085622060472,27.439999999999998,31.023069306930687
2026-07-16 14:25:13.436,14418.190435119237,23.908238583714095,27.439999999999998,31.01323529411764
2026-07-16 14:25:13.536,14410.314765256477,23.908235773224224,27.440000000000005,31.003366336633654
2026-07-16 14:25:13.636,14394.592863921687,23.908355850436912,27.439999999999998,30.993529411764698
2026-07-16 14:25:13.736,14408.681400392657,23.90841718033496,27.439999999999998,30.989999999999995
2026-07-16 14:25:13.836,14469.229106492647,23.9089552125813,27.440000000000005,30.98382352941176
2026-07-16 14:25:13.936,14433.164475933705,23.908857605230835,27.44,30.973960396039597
2026-07-16 14:25:14.036,14424.809633057575,23.909034964500957,27.439999999999998,30.964059405940585
2026-07-16 14:25:14.136,14410.453903815858,23.908844885062074,27.439999999999998,30.96
2026-07-16 14:25:14.236,14397.809104539763,23.90857371562811,27.44,30.95435643564356
2026-07-16 14:25:14.336,14401.08005215123,23.908488992186676,27.44,30.944509803921562
2026-07-16 14:25:14.436,14423.756525716672,23.908431093764545,27.439999999999998,30.939999999999998
2026-07-16 14:25:14.536,14473.791709652132,23.908672533801116,27.439999999999998,30.93480392156861
2026-07-16 14:25:14.636,14402.644967802229,23.908347789278398,27.439999999999998,30.9249504950495
2026-07-16 14:25:14.736,14416.642398044587,23.908398407085738,27.44,30.915098039215685
2026-07-16 14:25:14.836,14416.489271262963,23.908486740505026,27.44,30.910000000000004
2026-07-16 14:25:14.936,14380.013457480825,23.908308707845926,27.439999999999998,30.90539215686274
2026-07-16 14:25:15.036,14399.620677655528,23.907988218741597,27.439999999999998,30.895544554455434
2026-07-16 14:25:15.136,14416.262324620331,23.908255136658273,27.44,30.89
2026-07-16 14:25:15.236,14446.756266144415,23.908207561751905,27.439999999999998,30.885784313725487
2026-07-16 14:25:15.336,14420.7275329479,23.907902179035997,27.439999999999998,30.8759405940594
2026-07-16 14:25:15.436,14411.550015111625,23.907693743386325,27.44392156862746,30.869999999999997
2026-07-16 14:25:15.536,14418.470222022464,23.90764075152644,27.450000000000003,30.866274509803915
2026-07-16 14:25:15.636,14405.618686349182,23.907590826205748,27.449999999999996,30.856470588235297
2026-07-16 14:25:15.736,14446.261560494973,23.907543834284276,27.449999999999996,30.849999999999998
2026-07-16 14:25:15.836,14447.681056441328,23.908083188647783,27.45,30.846732673267326
2026-07-16 14:25:15.936,14465.5238536771,23.908652816506446,27.449999999999996,30.83686274509803
2026-07-16 14:25:16.036,14462.220734156755,23.908832990783424,27.449999999999996,30.83
2026-07-16 14:25:16.136,14431.788183055673,23.908737823830357,27.449999999999996,30.827128712871286
2026-07-16 14:25:16.236,14405.471925958784,23.90871345878037,27.45,30.82
2026-07-16 14:25:16.336,14446.530747985129,23.908951027586145,27.44742574257425,30.81742574257425
2026-07-16 14:25:16.436,14469.467435730614,23.909179331742493,27.44247524752476,30.80752475247524
2026-07-16 14:25:16.536,14441.130093570082,23.909134643650212,27.450000000000003,30.797669902912617
2026-07-16 14:25:16.636,14438.786706666779,23.909233615305727,27.449999999999996,30.79
2026-07-16 14:25:16.736,14440.664276061307,23.909309466402892,27.449999999999996,30.788118811881183
2026-07-16 14:25:16.836,14419.300924378811,23.909281259065178,27.45,30.776470588235288
2026-07-16 14:25:16.936,14395.787697442009,23.90947289758324,27.449999999999996,30.758431372549012
2026-07-16 14:25:17.036,14371.620930032643,23.909364560218048,27.450000000000003,30.75
2026-07-16 14:25:17.136,14406.566089273656,23.909261520546806,27.45,30.74872549019608
2026-07-16 14:25:17.236,14423.698015375103,23.909163155305,27.45,30.738910891089112
2026-07-16 14:25:17.336,14404.44878300919,23.908927716105943,27.449999999999996,30.729019607843135
2026-07-16 14:25:17.436,14372.977780653224,23.9085438240336,27.45,30.72
2026-07-16 14:25:17.536,14378.587553933068,23.90822390005668,27.45,30.71932038834951
2026-07-16 14:25:17.636,14439.375801018792,23.90847007858296,27.45,30.709607843137253
2026-07-16 14:25:17.736,14443.314369478918,23.9089951147948,27.45,30.69980198019801
2026-07-16 14:25:17.836,14405.656711724507,23.908601333342688,27.45,30.690000000000005
2026-07-16 14:25:17.936,14389.469144425433,23.908198427346683,27.45,30.69
2026-07-16 14:25:18.036,14412.369954509853,23.90823898516321,27.45,30.680198019801978
2026-07-16 14:25:18.136,14447.335347643882,23.908564839563557,27.449999999999996,30.670297029702972
2026-07-16 14:25:18.236,14469.154813993397,23.909179710604693,27.449999999999996,30.669999999999998
2026-07-16 14:25:18.336,14433.518184983739,23.909094911407276,27.45,30.660594059405938
2026-07-16 14:25:18.436,14455.460217793749,23.909256728513547,27.45,30.66
2026-07-16 14:25:18.536,14474.884782061617,23.909498402998,27.45,30.650882352941164
2026-07-16 14:25:18.636,14444.062299241232,23.90946032830098,27.45,30.64107843137255
2026-07-16 14:25:18.736,14376.558354067938,23.90911595845772,27.449999999999996,30.64
2026-07-16 14:25:18.836,14390.892504906495,23.90936933083207,27.450000000000003,30.63137254901961
2026-07-16 14:25:18.936,14467.263715397132,23.909247092941197,27.45,30.62148514851485
2026-07-16 14:25:19.036,14442.964913990458,23.90913122263029,27.45,30.62
2026-07-16 14:25:19.136,14421.936725672556,23.90923438445397,27.45,30.61176470588235
2026-07-16 14:25:19.236,14402.067917044273,23.90932205041005,27.449999999999996,30.60188118811881
2026-07-16 14:25:19.336,14390.0358339911,23.909364634802465,27.449999999999996,30.591980198019797
2026-07-16 14:25:19.436,14468.259464582157,23.90991215979562,27.450000000000003,30.59
2026-07-16 14:25:19.536,14424.085026379398,23.910125632400874,27.450000000000003,30.582277227722763
2026-07-16 14:25:19.636,14437.12153626703,23.91062676751342,27.45,30.572450980392155
2026-07-16 14:25:19.736,14436.211671792393,23.910455004986147,27.442574257425733,30.569999999999997
2026-07-16 14:25:19.836,14414.636272566493,23.910092015246548,27.439999999999998,30.562745098039205
2026-07-16 14:25:19.936,14398.941376187411,23.909935530425276,27.439999999999998,30.552871287128703
2026-07-16 14:25:20.036,14421.199808009162,23.909787865822082,27.44,30.542970297029687
2026-07-16 14:25:20.136,14424.115977302992,23.90964941596056,27.44,30.54
2026-07-16 14:25:20.236,14422.377217850111,23.909835331492044,27.439999999999998,30.533267326732673
2026-07-16 14:25:20.336,14420.433064999233,23.909803975930068,27.44,30.523431372549016
2026-07-16 14:25:20.436,14408.693080501773,23.90984659556287,27.44,30.507128712871275
2026-07-16 14:25:20.536,14400.844228287693,23.91005654766249,27.439999999999998,30.499999999999996
2026-07-16 14:25:20.636,14412.796015733544,23.910213494308028,27.44,30.493823529411763
2026-07-16 14:25:20.736,14371.51297433359,23.910068753988085,27.44,30.4839603960396
2026-07-16 14:25:20.836,14452.689877744328,23.910243637747513,27.439999999999998,30.47411764705881
2026-07-16 14:25:20.936,14470.185885980027,23.910677802773424,27.44,30.464257425742563
2026-07-16 14:25:21.036,14456.492073746622,23.911000733162922,27.44,30.46
2026-07-16 14:25:21.136,14453.25219187927,23.911293208014698,27.44,30.454509803921567
2026-07-16 14:25:21.236,14462.733217803403,23.911669409693733,27.44,30.449999999999996
2026-07-16 14:25:21.336,14400.788286074507,23.91146351848366,27.44,30.444752475247526
2026-07-16 14:25:21.436,14416.146237850644,23.911268669208305,27.44,30.43490196078431
2026-07-16 14:25:21.536,14433.216742277755,23.911628996721028,27.439999999999998,30.429999999999996
2026-07-16 14:25:21.636,14442.517449270086,23.912131351838013,27.439999999999998,30.425148514851486
2026-07-16 14:25:21.736,14445.622968229516,23.91247764094156,27.44,30.42
2026-07-16 14:25:21.836,14441.89087994869,23.912600843250747,27.44,30.41544554455445
2026-07-16 14:25:21.936,14420.040993610352,23.912737409549372,27.44,30.409999999999997
2026-07-16 14:25:22.036,14434.332136331508,23.913545843142312,27.439999999999998,30.40574257425741
2026-07-16 14:25:22.136,14439.043424205922,23.914060194002058,27.439999999999998,30.395882352941168
2026-07-16 14:25:22.236,14429.367045632542,23.91450915245761,27.439999999999998,30.39
2026-07-16 14:25:22.336,14422.991664973588,23.914588685928685,27.439999999999998,30.386138613861377
2026-07-16 14:25:22.436,14430.816109820938,23.914341679257216,27.44,30.38
2026-07-16 14:25:22.536,14438.821184355747,23.914367946893933,27.439999999999998,30.37643564356435
2026-07-16 14:25:22.636,14375.76927108644,23.914040171745054,27.44,30.366568627450985
2026-07-16 14:25:22.736,14331.21253393838,23.91306559754135,27.443267326732673,30.36
2026-07-16 14:25:22.836,14374.266892634165,23.91282682562146,27.449999999999996,30.35683168316831
2026-07-16 14:25:22.936,14418.553263919159,23.912949332994927,27.45,30.346960784313715
2026-07-16 14:25:23.036,14415.271363964528,23.91318421637982,27.45,30.340000000000003
2026-07-16 14:25:23.136,14388.463310611553,23.913586245899467,27.449999999999996,30.337227722772273
2026-07-16 14:25:23.236,14367.1549024321,23.913272232641948,27.449999999999996,30.32735294117646
2026-07-16 14:25:23.336,14385.839617098427,23.91334207814908,27.450000000000003,30.317524752475236
2026-07-16 14:25:23.436,14425.36699928026,23.91343610731291,27.45,30.31
2026-07-16 14:25:23.536,14413.452227326026,23.913120306344034,27.45,30.307745098039206
2026-07-16 14:25:23.636,14403.748874113582,23.912876421051028,27.450000000000003,30.29792079207921
2026-07-16 14:25:23.736,14476.39193657002,23.913319754921893,27.449999999999996,30.289999999999996
2026-07-16 14:25:23.836,14497.61378616355,23.91341802071024,27.449999999999996,30.286435643564346
2026-07-16 14:25:23.936,14430.723925081715,23.91350837745114,27.45,30.268333333333327
2026-07-16 14:25:24.036,14403.419811147636,23.913302647257797,27.45,30.25851485148514
2026-07-16 14:25:24.136,14407.23297441937,23.913459000542176,27.449999999999996,30.248613861386133
2026-07-16 14:25:24.236,14411.422597371788,23.9134682981747,27.449999999999996,30.239999999999995
2026-07-16 14:25:24.336,14402.787627228803,23.9129502831681,27.45,30.2389108910891
2026-07-16 14:25:24.436,14419.962761346469,23.913058281911105,27.45,30.229009900990086
2026-07-16 14:25:24.536,14397.546332398295,23.91277725037565,27.45,30.22
2026-07-16 14:25:24.636,14447.041939837542,23.91282509468482,27.45,30.219306930693076
2026-07-16 14:25:24.736,14418.521074483575,23.91270152450225,27.449999999999996,30.209999999999997
2026-07-16 14:25:24.836,14380.355323476786,23.91244450573074,27.449999999999996,30.209702970297023
2026-07-16 14:25:24.936,14404.14564059677,23.912382873122926,27.449999999999996,30.199803921568616
2026-07-16 14:25:25.036,14443.809549694197,23.912857033393436,27.45,30.189999999999998
2026-07-16 14:25:25.136,14448.431219051268,23.91296810394709,27.449999999999996,30.19
2026-07-16 14:25:25.236,14406.124884523573,23.913071893411562,27.45,30.180294117647048
2026-07-16 14:25:25.336,14439.246602998504,23.913169465681637,27.45,30.170396039603954
2026-07-16 14:25:25.436,14464.082299166796,23.9134294735129,27.450000000000003,30.17
2026-07-16 14:25:25.536,14439.844745744083,23.91365123971655,27.45,30.160693069306927
2026-07-16 14:25:25.636,14422.110701473879,23.913443333287965,27.449999999999996,30.150882352941174
2026-07-16 14:25:25.736,14439.904082233517,23.913882184135463,27.440990099009902,30.1409900990099
2026-07-16 14:25:25.836,14411.102479418645,23.913316429765302,27.439999999999998,30.139999999999997
2026-07-16 14:25:25.936,14443.703748371949,23.91348288315508,27.439999999999998,30.131372549019595
2026-07-16 14:25:26.036,14445.868526064303,23.91396044433371,27.44,30.12148514851484
2026-07-16 14:25:26.136,14409.959582797124,23.91415556020681,27.439999999999998,30.111666666666668
2026-07-16 14:25:26.236,14403.23580962951,23.913935663266372,27.44,30.109999999999996
2026-07-16 14:25:26.336,14439.897701615855,23.914407908230523,27.439999999999998,30.10196078431372
2026-07-16 14:25:26.436,14419.987447101801,23.914477349817943,27.44,30.09207920792079
2026-07-16 14:25:26.536,14402.08836850233,23.91452547156924,27.439999999999998,30.082254901960773
2026-07-16 14:25:26.636,14418.458731791223,23.914570159783302,27.439999999999998,30.08
2026-07-16 14:25:26.736,14441.715785269447,23.91488666789343,27.440000000000005,30.072549019607838
2026-07-16 14:25:26.836,14444.142095077028,23.915496457394255,27.44,30.062673267326726
2026-07-16 14:25:26.936,14475.554340982368,23.91550309924145,27.44,30.059999999999995
2026-07-16 14:25:27.036,14425.061614124368,23.91587402226032,27.439999999999998,30.052941176470576
2026-07-16 14:25:27.136,14386.240927590023,23.9156346713007,27.439999999999998,30.049999999999997
2026-07-16 14:25:27.236,14425.150441603953,23.91572504273349,27.44,30.036470588235293
2026-07-16 14:25:27.336,14453.216767944006,23.91609857555391,27.439999999999998,30.03
2026-07-16 14:25:27.436,14413.230479766642,23.91627973488982,27.439999999999998,30.0235294117647
2026-07-16 14:25:27.536,14399.133549257405,23.915888717388267,27.44633663366337,30.013663366336623
2026-07-16 14:25:27.636,14413.39367650805,23.915878594100263,27.449999999999996,30.00388349514563
2026-07-16 14:25:27.736,14416.951095421919,23.91586925817501,27.449999999999996,30.0
2026-07-16 14:25:27.836,14374.871919917605,23.915626861016552,27.45,29.994215686274508
2026-07-16 14:25:27.936,14372.534406970808,23.915440708363267,27.45,29.984356435643562
2026-07-16 14:25:28.036,14408.341255669455,23.915351802965656,27.449999999999996,29.979999999999997
2026-07-16 14:25:28.136,14375.328240446668,23.915049620883586,27.449999999999996,29.974607843137257
2026-07-16 14:25:28.236,14436.633963499804,23.915071225299716,27.45,29.964752475247526
2026-07-16 14:25:28.336,14420.088332933346,23.91539037183153,27.449999999999996,29.96
2026-07-16 14:25:28.436,14402.642583287,23.91549669666043,27.449999999999996,29.955049504950487
2026-07-16 14:25:28.536,14428.394544033537,23.91566979339615,27.449999999999996,29.95
2026-07-16 14:25:28.636,14463.363983257967,23.9159966002296,27.45,29.94529411764706
2026-07-16 14:25:28.736,14443.610591240744,23.916316522181646,27.445445544554453,29.93544554455445
2026-07-16 14:25:28.836,14444.194634450938,23.916628433279154,27.44,29.925588235294107
2026-07-16 14:25:28.936,14501.695342151226,23.917562058455413,27.439999999999998,29.92
2026-07-16 14:25:29.036,14468.686927574454,23.918020493145733,27.44,29.915882352941168
2026-07-16 14:25:29.136,14444.987527699217,23.91809197341855,27.44,29.9060396039604
2026-07-16 14:25:29.236,14456.544458317425,23.918265184637274,27.44,29.896176470588234
2026-07-16 14:25:29.336,14459.434047934908,23.918763683119415,27.439999999999998,29.89
2026-07-16 14:25:29.436,14391.684860707175,23.918636811481875,27.439999999999998,29.886470588235284
2026-07-16 14:25:29.536,14435.740559867834,23.918886385461988,27.439999999999998,29.876633663366324
2026-07-16 14:25:29.636,14409.226113149605,23.91883551646911,27.439999999999998,29.869999999999997
2026-07-16 14:25:29.736,14394.07720903417,23.91871274664083,27.44,29.8669306930693
2026-07-16 14:25:29.836,14404.79964929022,23.918742310683175,27.442941176470597,29.857058823529407
2026-07-16 14:25:29.936,14404.145818145544,23.918900706174057,27.449999999999996,29.849999999999998
2026-07-16 14:25:30.036,14335.703598112003,23.918780115967984,27.449999999999996,29.847352941176464
2026-07-16 14:25:30.136,14384.572715491211,23.918667223656136,27.449999999999996,29.837524752475247
2026-07-16 14:25:30.236,14427.035184440643,23.918840301614992,27.45,29.83
2026-07-16 14:25:30.336,14411.223612909258,23.919060506107748,27.45,29.827821782178212
2026-07-16 14:25:30.436,14409.085083129154,23.919272610137902,27.449999999999996,29.8179207920792
2026-07-16 14:25:30.536,14434.22424854933,23.9193886499857,27.449999999999996,29.809999999999995
2026-07-16 14:25:30.636,14398.040597237032,23.919283143045313,27.45,29.806470588235285
2026-07-16 14:25:30.736,14436.38773182182,23.919481974190226,27.449999999999996,29.788415841584147
2026-07-16 14:25:30.836,14427.096241177405,23.919388701578384,27.45,29.778529411764698
2026-07-16 14:25:30.936,14421.222687902691,23.919482195470053,27.45,29.768712871287125
2026-07-16 14:25:31.036,14418.885205721544,23.919511622011996,27.45,29.759999999999998
2026-07-16 14:25:31.136,14417.755918474239,23.91938343118756,27.450000000000003,29.7590099009901
2026-07-16 14:25:31.236,14417.381057976556,23.91926088952804,27.449999999999996,29.74910891089109
2026-07-16 14:25:31.336,14393.278197583391,23.919144170934043,27.45,29.74
2026-07-16 14:25:31.436,14409.749782267774,23.91931187619522,27.45,29.73940594059405
2026-07-16 14:25:31.536,14446.782856890108,23.9199327121726,27.449509803921558,29.72950980392156
2026-07-16 14:25:31.636,14446.405667095809,23.920193012425905,27.439999999999998,29.719702970297025
2026-07-16 14:25:31.736,14413.233759860508,23.920034281797985,27.44019607843138,29.71
2026-07-16 14:25:31.836,14397.366212946841,23.91993598726253,27.45,29.71
2026-07-16 14:25:31.936,14440.371251789646,23.920112703869677,27.449999999999996,29.700099009900985
2026-07-16 14:25:32.036,14440.930614713277,23.92059172413921,27.45,29.7
2026-07-16 14:25:32.136,14412.033726888905,23.920296515955755,27.449999999999996,29.69039603960396
2026-07-16 14:25:32.236,14420.199070328737,23.920197748805673,27.45,29.680588235294113
2026-07-16 14:25:32.336,14451.825588310749,23.920515526790116,27.45,29.670693069306925
2026-07-16 14:25:32.436,14454.845816223711,23.920881555971963,27.45,29.67
2026-07-16 14:25:32.536,14392.111340174748,23.92068286757547,27.45,29.660980392156848
2026-07-16 14:25:32.636,14346.718463128835,23.920495293478144,27.44108910891089,29.651089108910888
2026-07-16 14:25:32.736,14411.668018056485,23.920604328905686,27.44,29.65
2026-07-16 14:25:32.836,14442.787294738086,23.92076852359876,27.44,29.641372549019607
2026-07-16 14:25:32.936,14413.735903914152,23.92062454157136,27.439999999999998,29.631485148514848
2026-07-16 14:25:33.036,14372.020460655294,23.920281579937015,27.439999999999998,29.629999999999995
2026-07-16 14:25:33.136,14398.61940499598,23.920483950070007,27.44,29.621782178217824
2026-07-16 14:25:33.236,14485.746619484333,23.92100074511775,27.439999999999998,29.61188118811881
2026-07-16 14:25:33.336,14435.226346393487,23.92120070499226,27.439999999999998,29.609999999999996
2026-07-16 14:25:33.436,14384.224824550882,23.92110734700154,27.44,29.602178217821777
2026-07-16 14:25:33.536,14396.96095225399,23.921075250754058,27.439999999999998,29.59235294117646
2026-07-16 14:25:33.636,14451.274798528215,23.92132648374058,27.439999999999998,29.59
2026-07-16 14:25:33.736,14465.582841608277,23.921810709761004,27.439999999999998,29.582647058823518
2026-07-16 14:25:33.836,14442.070891063533,23.92229098750325,27.44,29.572772277227713
2026-07-16 14:25:33.936,14403.30233366946,23.922094076432582,27.44,29.57
2026-07-16 14:25:34.036,14453.460463589247,23.922373196303468,27.44,29.563137254901953
2026-07-16 14:25:34.136,14459.265560957572,23.922650438185133,27.439999999999998,29.553267326732673
2026-07-16 14:25:34.236,14410.616187536354,23.922747055691804,27.44,29.543431372549016
2026-07-16 14:25:34.336,14394.461545098235,23.922837686386213,27.44,29.53356435643564
2026-07-16 14:25:34.436,14412.734906462018,23.92292256767614,27.439999999999998,29.529999999999994
2026-07-16 14:25:34.536,14417.308408240893,23.92267364657644,27.44,29.523861386138602
2026-07-16 14:25:34.636,14385.535434210158,23.922156915459013,27.44,29.5139603960396
2026-07-16 14:25:34.736,14399.986782350457,23.922389924263328,27.44,29.51
2026-07-16 14:25:34.836,14420.516772692454,23.92293475869742,27.439999999999998,29.504313725490192
2026-07-16 14:25:34.936,14401.287651300834,23.923024153033705,27.439999999999998,29.494455445544546
2026-07-16 14:25:35.036,14445.89784936686,23.923105458592907,27.439999999999998,29.484607843137248
2026-07-16 14:25:35.136,14374.708429887325,23.922819292414005,27.439999999999998,29.479999999999997
2026-07-16 14:25:35.236,14381.150763612368,23.922544003882148,27.439999999999998,29.474950495049498
2026-07-16 14:25:35.336,14417.802204704542,23.9227304284328,27.439999999999998,29.465049504950485
2026-07-16 14:25:35.436,14441.388119704217,23.92318985036146,27.439999999999998,29.455196078431364
2026-07-16 14:25:35.536,14440.126111899173,23.923549459839215,27.439999999999998,29.449999999999996
2026-07-16 14:25:35.636,14446.653482263204,23.923612359381117,27.44,29.44549019607843
2026-07-16 14:25:35.736,14467.253158504915,23.923670317728927,27.44,29.435643564356436
2026-07-16 14:25:35.836,14407.516573218909,23.92402684825418,27.439999999999998,29.425784313725487
2026-07-16 14:25:35.936,14390.684235340243,23.923945667201075,27.439999999999998,29.42
2026-07-16 14:25:36.036,14424.418905523073,23.924141739399893,27.44,29.41607843137254
2026-07-16 14:25:36.136,14471.340533956567,23.92491216969789,27.44,29.406237623762372
2026-07-16 14:25:36.236,14483.623257782176,23.92561860388484,27.439999999999998,29.4
2026-07-16 14:25:36.336,14444.522291798992,23.925596626190483,27.44,29.396534653465338
2026-07-16 14:25:36.436,14421.664567819214,23.925930431559436,27.440000000000005,29.386666666666663
2026-07-16 14:25:36.536,14384.906310767605,23.92572991762526,27.439999999999998,29.38
2026-07-16 14:25:36.636,14376.545567523313,23.92530694938001,27.439999999999998,29.376960784313727
2026-07-16 14:25:36.736,14405.554151967583,23.92516252804003,27.439999999999998,29.369999999999997
2026-07-16 14:25:36.836,14434.143523342807,23.92550862794867,27.44,29.367254901960784
2026-07-16 14:25:36.936,14391.141893671853,23.92549170554419,27.44,29.35742574257425
2026-07-16 14:25:37.036,14432.929255385981,23.925476297905405,27.439999999999998,29.349999999999998
2026-07-16 14:25:37.136,14408.165063354889,23.925740509385832,27.44,29.347722772277223
2026-07-16 14:25:37.236,14364.08696618534,23.925667257324278,27.439999999999998,29.339999999999996
2026-07-16 14:25:37.336,14362.53538605829,23.925411703924343,27.44,29.338019801980188
2026-07-16 14:25:37.436,14419.028027036547,23.925530408237073,27.44,29.326274509803902
2026-07-16 14:25:37.536,14438.145450577873,23.92623111294154,27.44,29.30831683168316
2026-07-16 14:25:37.636,14464.88787334824,23.92657052368836,27.439999999999998,29.298431372549018
2026-07-16 14:25:37.736,14466.93668970096,23.926894584930157,27.44,29.289999999999996
2026-07-16 14:25:37.836,14437.727063176395,23.927205979828365,27.439999999999998,29.28881188118811
2026-07-16 14:25:37.936,14439.613773282166,23.927820668938715,27.439999999999998,29.278921568627442
2026-07-16 14:25:38.036,14477.697982790785,23.9285913341292,27.44,29.269108910891077
2026-07-16 14:25:38.136,14418.024925829246,23.928436228962216,27.44,29.26
2026-07-16 14:25:38.236,14391.597069406529,23.928293332053794,27.44,29.259405940594064
2026-07-16 14:25:38.336,14428.760845124405,23.928160037612436,27.439999999999998,29.249509803921566
2026-07-16 14:25:38.436,14443.362498478113,23.928285859584633,27.439999999999998,29.24
2026-07-16 14:25:38.536,14421.02992335108,23.92854068794201,27.44,29.239803921568615
2026-07-16 14:25:38.636,14400.467438840657,23.92888369553183,27.44,29.23
2026-07-16 14:25:38.736,14436.228384618607,23.929420792248816,27.44,29.220099009900988
2026-07-16 14:25:38.836,14393.593954637126,23.929242485419035,27.439999999999998,29.21029411764705
2026-07-16 14:25:38.936,14405.72874622854,23.929415437569943,27.439999999999998,29.21
2026-07-16 14:25:39.036,14368.929252473528,23.929359410697266,27.44,29.200588235294102
2026-07-16 14:25:39.136,14373.977683803765,23.929191833650144,27.439999999999998,29.190693069306924
2026-07-16 14:25:39.236,14432.539390945612,23.929259502554892,27.44,29.19
2026-07-16 14:25:39.336,14461.743234682397,23.92977617601425,27.44,29.1809900990099
2026-07-16 14:25:39.436,14442.10657668794,23.929967967314482,27.439999999999998,29.17117647058823
2026-07-16 14:25:39.536,14419.939234168742,23.93014828860965,27.44,29.161287128712864
2026-07-16 14:25:39.636,14399.712487021243,23.930049917424334,27.44,29.16
2026-07-16 14:25:39.736,14389.994031932285,23.930059102621627,27.439999999999998,29.151568627450974
2026-07-16 14:25:39.836,14402.281278283157,23.930229647033435,27.439999999999998,29.149999999999995
2026-07-16 14:25:39.936,14420.42662817753,23.930215809711502,27.44,29.141881188118802
2026-07-16 14:25:40.036,14345.400575111216,23.929333685213,27.44,29.132058823529405
2026-07-16 14:25:40.136,14421.800985641723,23.929521125341807,27.44,29.129999999999995
2026-07-16 14:25:40.236,14411.239164569974,23.92913433491873,27.44,29.122352941176473
2026-07-16 14:25:40.336,14403.326681465325,23.929276065776584,27.439999999999998,29.112475247524745
2026-07-16 14:25:40.436,14410.851472732906,23.929722618774083,27.439999999999998,29.109999999999996
2026-07-16 14:25:40.536,14414.005941409594,23.92992869030613,27.44,29.102772277227714
2026-07-16 14:25:40.636,14416.335969998723,23.93011419482166,27.439999999999998,29.1
2026-07-16 14:25:40.736,14418.611447913372,23.92991110976474,27.439999999999998,29.093039215686268
2026-07-16 14:25:40.836,14399.91124448778,23.929719032905375,27.439999999999998,29.083168316831674
2026-07-16 14:25:40.936,14392.792050901298,23.929537067841423,27.439999999999998,29.07333333333332
2026-07-16 14:25:41.036,14449.985232183204,23.929852023907532,27.446534653465363,29.06346534653464
2026-07-16 14:25:41.136,14519.421538114046,23.930676851425986,27.449999999999996,29.053564356435636
2026-07-16 14:25:41.236,14437.59637661244,23.9312078783115,27.450000000000003,29.050000000000004
2026-07-16 14:25:41.336,14468.488290992938,23.931353937412265,27.443861386138614,29.04386138613861
2026-07-16 14:25:41.436,14425.574141130188,23.93182963460194,27.439999999999998,29.034019607843128
2026-07-16 14:25:41.536,14412.301179105849,23.932070036824094,27.439999999999998,29.024158415841573
2026-07-16 14:25:41.636,14415.470926603237,23.932176432831852,27.439999999999998,29.019999999999996
2026-07-16 14:25:41.736,14429.182241805755,23.932387990588918,27.439999999999998,29.014411764705876
2026-07-16 14:25:41.836,14467.058346172054,23.932850740557196,27.439999999999998,29.004554455445536
2026-07-16 14:25:41.936,14467.64325442444,23.933301900661895,27.439999999999998,29.0
2026-07-16 14:25:42.036,14468.766762511474,23.93373933526711,27.44,28.9948514851485
2026-07-16 14:25:42.136,14386.858235919764,23.933589524254792,27.44,28.985
2026-07-16 14:25:42.236,14357.383208713694,23.933446583371676,27.439999999999998,28.975148514851483
2026-07-16 14:25:42.336,14387.5388012105,23.93336145297694,27.44,28.97
2026-07-16 14:25:42.436,14387.79712972812,23.932966820743985,27.44,28.96544554455445
2026-07-16 14:25:42.536,14345.243758725874,23.932262554781133,27.44,28.95558823529411
2026-07-16 14:25:42.636,14420.35669357125,23.932714991814258,27.439999999999998,28.95
2026-07-16 14:25:42.736,14407.54880692816,23.932568426608405,27.439999999999998,28.94588235294117
2026-07-16 14:25:42.836,14400.713246558307,23.932715918160298,27.439999999999998,28.93603960396039
2026-07-16 14:25:42.936,14395.077962003517,23.932879806580974,27.44,28.93
2026-07-16 14:25:43.036,14371.644021237187,23.932702012976517,27.439999999999998,28.92633663366336
2026-07-16 14:25:43.136,14415.245802087196,23.93318741183033,27.44,28.916435643564363
2026-07-16 14:25:43.236,14437.475077581224,23.933249173803752,27.44,28.91
2026-07-16 14:25:43.336,14438.345022645999,23.933626865699207,27.439999999999998,28.90673267326732
2026-07-16 14:25:43.436,14428.934399005897,23.933561024697404,27.439999999999998,28.896862745098034
2026-07-16 14:25:43.536,14431.777352056346,23.933198122753247,27.44,28.89
2026-07-16 14:25:43.636,14431.499313345561,23.9328503270132,27.439999999999998,28.887128712871288
2026-07-16 14:25:43.736,14368.259014123738,23.932560518566657,27.44,28.877254901960782
2026-07-16 14:25:43.836,14455.69160620611,23.933041959862848,27.44,28.86742574257425
2026-07-16 14:25:43.936,14427.035702990232,23.93350857140381,27.439999999999998,28.859999999999996
2026-07-16 14:25:44.036,14442.4264436716,23.93396024438055,27.442277227722784,28.85772277227721
2026-07-16 14:25:44.136,14456.10098286642,23.934596674403885,27.45,28.847843137254902
2026-07-16 14:25:44.236,14435.519257257736,23.93518737470063,27.449999999999996,28.839999999999996
2026-07-16 14:25:44.336,14416.102600096023,23.935159345252938,27.45,28.834411764705877
2026-07-16 14:25:44.436,14393.069821400517,23.93513391652556,27.45,28.809999999999995
2026-07-16 14:25:44.536,14468.647584864702,23.93582838881013,27.449999999999996,28.808415841584146
2026-07-16 14:25:44.636,14477.355773588126,23.936295554713745,27.449999999999996,28.798529411764708
2026-07-16 14:25:44.736,14457.909611922434,23.936417305957992,27.45,28.789999999999996
2026-07-16 14:25:44.836,14438.180477685306,23.936468437962986,27.45,28.788823529411758
2026-07-16 14:25:44.936,14416.618094766065,23.936784416597458,27.45,28.77900990099009
2026-07-16 14:25:45.036,14413.12146588687,23.93708507710353,27.45,28.769999999999996
2026-07-16 14:25:45.136,14394.806933801356,23.936999466194884,27.45,28.769215686274507
2026-07-16 14:25:45.236,14390.843278119652,23.937186399357536,27.45,28.76
2026-07-16 14:25:45.336,14383.290579248927,23.936810320089343,27.449999999999996,28.759509803921567
2026-07-16 14:25:45.436,14387.880146569449,23.936240762186628,27.449999999999996,28.749702970297022
2026-07-16 14:25:45.536,14407.903379539062,23.93616916039541,27.45,28.739999999999995
2026-07-16 14:25:45.636,14363.103889062375,23.936102834902062,27.45,28.73990291262136
2026-07-16 14:25:45.736,14429.388701742655,23.93678937252161,27.449999999999996,28.730194174757273
2026-07-16 14:25:45.836,14427.10432343879,23.936844799604827,27.449999999999996,28.720392156862736
2026-07-16 14:25:45.936,14405.975835920683,23.936751428035123,27.449999999999996,28.719999999999995
2026-07-16 14:25:46.036,14400.57761397057,23.936818225910272,27.45,28.7106862745098
2026-07-16 14:25:46.136,14419.534938552002,23.93709629465937,27.45,28.700792079207922
2026-07-16 14:25:46.236,14439.494515761498,23.93734832305183,27.449999999999996,28.7
2026-07-16 14:25:46.336,14400.306505025463,23.93724072752158,27.45,28.691078431372546
2026-07-16 14:25:46.436,14435.875795733238,23.93683573753945,27.449999999999996,28.681188118811875
2026-07-16 14:25:46.536,14446.606338154275,23.93686250315354,27.449999999999996,28.68
2026-07-16 14:25:46.636,14432.050766310871,23.936967228466813,27.45,28.671485148514847
2026-07-16 14:25:46.736,14411.325990964197,23.936971374206788,27.45,28.66420454545454
2026-07-16 14:25:46.836,14394.80127121835,23.937201963268812,27.45,28.657386363636363
2026-07-16 14:25:46.936,14421.120960590073,23.937103920818657,27.450000000000003,28.65056818181818
2026-07-16 14:25:47.036,14473.686599186227,23.93792879543817,27.45,28.64374999999999
2026-07-16 14:25:47.136,14446.303909554288,23.93836648381481,27.45,28.636931818181814
2026-07-16 14:25:47.236,14408.058960663282,23.938398650990813,27.45,28.63011363636363
2026-07-16 14:25:47.336,14411.349612306189,23.938362884822027,27.45,28.62329545454545
2026-07-16 14:25:47.436,14447.851261688616,23.938531051879295,27.45,28.616477272727266
2026-07-16 14:25:47.536,14446.467202949458,23.93837949287164,27.45,28.609509803921558
2026-07-16 14:25:47.636,14408.720493083176,23.938237249519297,27.44970297029702,28.599702970297024
2026-07-16 14:25:47.736,14430.013035349257,23.9383563263681,27.44,28.58980392156862
2026-07-16 14:25:47.836,14444.808176416165,23.938748861031033,27.44,28.58
2026-07-16 14:25:47.936,14441.195977051113,23.939158183843276,27.44,28.570099009900986
2026-07-16 14:25:48.036,14428.903181750531,23.939277010498607,27.44,28.560198019801973
2026-07-16 14:25:48.136,14346.716846470346,23.939100991877957,27.44,28.55039215686275
2026-07-16 14:25:48.236,14447.400057719413,23.939953086223227,27.44,28.55
2026-07-16 14:25:48.336,14467.747150178733,23.940554045119708,27.44,28.540594059405937
2026-07-16 14:25:48.436,14453.943276972805,23.94107752065218,27.44,28.53078431372548
2026-07-16 14:25:48.536,14436.105961465979,23.94126677773064,27.44,28.529999999999998
2026-07-16 14:25:48.636,14435.101930311212,23.94115408370196,27.439999999999998,28.521176470588227
2026-07-16 14:25:48.736,14471.43487794737,23.941657994437456,27.44,28.511287128712873
2026-07-16 14:25:48.836,14426.573859078642,23.94175244663018,27.439999999999998,28.51
2026-07-16 14:25:48.936,14398.574566926764,23.94184017164109,27.44,28.501584158415838
2026-07-16 14:25:49.036,14420.150866198273,23.94216521713478,27.439999999999998,28.49176470588234
2026-07-16 14:25:49.136,14445.911754789293,23.94244148406785,27.439999999999998,28.489999999999995
2026-07-16 14:25:49.236,14433.747979797256,23.94259603717531,27.439999999999998,28.481980198019798
2026-07-16 14:25:49.336,14390.55096344344,23.942992392719923,27.44,28.47215686274509
2026-07-16 14:25:49.436,14390.499119367954,23.94302702468042,27.44772277227724,28.47
2026-07-16 14:25:49.536,14407.64877551936,23.943377162623765,27.45,28.46237623762375
2026-07-16 14:25:49.636,14434.365316051088,23.943509127519356,27.45,28.45254901960784
2026-07-16 14:25:49.736,14417.321231510958,23.94335122422312,27.45,28.45
2026-07-16 14:25:49.836,14390.041777669989,23.94323871634849,27.45,28.442843137254897
2026-07-16 14:25:49.936,14438.077962362742,23.943578136209517,27.449999999999996,28.433039215686268
2026-07-16 14:25:50.036,14418.590301431539,23.943588938809793,27.449999999999996,28.43
2026-07-16 14:25:50.136,14399.143820801704,23.94359889160759,27.449999999999996,28.423366336633663
2026-07-16 14:25:50.236,14409.92455351322,23.943608182815616,27.45,28.41346534653465
2026-07-16 14:25:50.336,14406.511822627712,23.943616872105906,27.449999999999996,28.41
2026-07-16 14:25:50.436,14398.543699873615,23.943625012874065,27.45,28.403883495145624
2026-07-16 14:25:50.536,14417.167977262732,23.943679956794494,27.449999999999996,28.399999999999995
2026-07-16 14:25:50.636,14413.145508367481,23.94398294707134,27.449999999999996,28.399999999999995
2026-07-16 14:25:50.736,14458.63566915243,23.944573275325222,27.449999999999996,28.394554455445537
2026-07-16 14:25:50.836,14470.04465197628,23.944935799790265,27.45,28.39529411764706
2026-07-16 14:25:50.936,14429.419179713932,23.945033435483246,27.44485148514851,28.4
2026-07-16 14:25:51.036,14412.425431064203,23.945243547633062,27.439999999999998,28.405
2026-07-16 14:25:51.136,14459.910630684999,23.945771939566388,27.44485148514851,28.419702970297024
2026-07-16 14:25:51.236,14442.384481037536,23.946042562801203,27.45,28.453529411764713
2026-07-16 14:25:51.336,14440.04937880918,23.94630267392298,27.445445544554453,28.493663366336648
2026-07-16 14:25:51.436,14441.553404066563,23.94655393883452,27.439999999999998,28.523366336633682
2026-07-16 14:25:51.536,14455.445420410346,23.947009745134892,27.439999999999998,28.557254901960825
2026-07-16 14:25:51.636,14436.969724497038,23.947275458233463,27.440000000000005,28.600792079207935
2026-07-16 14:25:51.736,14385.077521691957,23.947233726976982,27.440000000000005,28.646078431372572
2026-07-16 14:25:51.836,14384.522533532789,23.947458790554037,27.439999999999998,28.689306930693114
2026-07-16 14:25:51.936,14412.11124219158,23.94767323034262,27.44,28.73490196078435
2026-07-16 14:25:52.036,14451.026619616236,23.948174873422804,27.439999999999998,28.777821782178247
2026-07-16 14:25:52.136,14420.102385481725,23.948479203659602,27.44,28.823725490196068
2026-07-16 14:25:52.236,14424.654582100477,23.949174184816904,27.439999999999998,28.866336633663373
2026-07-16 14:25:52.336,14480.339257238333,23.950443541763317,27.439999999999998,28.912673267326745
2026-07-16 14:25:52.436,14480.171640093156,23.951805982665654,27.439999999999998,28.952156862745127
2026-07-16 14:25:52.536,14483.684103146581,23.953255954484685,27.44,28.991485148514897
2026-07-16 14:25:52.636,14462.061811901352,23.954769944285253,27.44,29.03372549019609
2026-07-16 14:25:52.736,14459.857880006664,23.955517616555184,27.44,29.080297029702997
2026-07-16 14:25:52.836,14461.630752570582,23.956229442691182,27.440000000000005,29.119803921568653
2026-07-16 14:25:52.936,14465.89678178665,23.957351556571048,27.44,29.159108910891096
2026-07-16 14:25:53.036,14471.460667029178,23.958639635185385,27.44,29.200891089108936
2026-07-16 14:25:53.136,14409.613128447918,23.958904159121182,27.439999999999998,29.248235294117627
2026-07-16 14:25:53.236,14464.80174943652,23.960222766878303,27.439999999999998,29.295049504950498
2026-07-16 14:25:53.336,14409.958878012121,23.961113115446267,27.439999999999998,29.367058823529423
2026-07-16 14:25:53.436,14374.637136893132,23.961821147022334,27.44,29.407920792079246
2026-07-16 14:25:53.536,14376.6760475254,23.962481028518283,27.439999999999998,29.455882352941217
2026-07-16 14:25:53.636,14377.652861930797,23.963205166883494,27.44,29.495148514851497
2026-07-16 14:25:53.736,14400.036870138982,23.964354424434553,27.439999999999998,29.534752475247547
2026-07-16 14:25:53.836,14445.256600535991,23.965455211834282,27.44,29.575392156862783
2026-07-16 14:25:53.936,14417.776248516835,23.966012357918302,27.439999999999998,29.623564356435647
2026-07-16 14:25:54.036,14401.065152032092,23.96677644777122,27.439999999999998,29.663137254901976
2026-07-16 14:25:54.136,14429.32288018982,23.9679736754289,27.44,29.70237623762375
2026-07-16 14:25:54.236,14458.45372955521,23.969170898368155,27.44,29.7419801980198
2026-07-16 14:25:54.336,14374.519388158138,23.969381256061627,27.44,29.781960784313736
2026-07-16 14:25:54.436,14400.338186424611,23.969564911714155,27.439999999999998,29.830792079207942
2026-07-16 14:25:54.536,14417.26261882733,23.970211068945424,27.44,29.87046092184373
2026-07-16 14:25:54.636,14436.993933636932,23.971268715980393,27.44,29.916553106212426
2026-07-16 14:25:54.736,14428.603137445582,23.97220696015052,27.440000000000005,29.96264529058117
2026-07-16 14:25:54.836,14408.398130433452,23.97312618778986,27.440000000000005,30.008737474949918
2026-07-16 14:25:54.936,14442.987730915718,23.97477919130167,27.440000000000005,30.054829659318663
2026-07-16 14:25:55.036,14449.351781966865,23.97586322805575,27.440000000000005,30.10092184368741
2026-07-16 14:25:55.136,14461.741230925265,23.978026001764153,27.440000000000005,30.1470140280561
2026-07-16 14:25:55.236,14423.939454425992,23.97934503845031,27.440000000000005,30.193106212424844
2026-07-16 14:25:55.336,14396.142626675142,23.979507105149573,27.44,30.23919839679359
2026-07-16 14:25:55.436,14397.202707909488,23.978980741010943,27.440000000000005,30.285290581162336
2026-07-16 14:25:55.536,14397.442321591625,23.9785926510035,27.439999999999998,30.33117647058825
2026-07-16 14:25:55.636,14399.247265334525,23.97880745740731,27.44,30.370396039603953
2026-07-16 14:25:55.736,14431.170966175834,23.98068072809517,27.439999999999998,30.409999999999997
2026-07-16 14:25:55.836,14458.606759646265,23.98267620774208,27.44,30.449215686274528
2026-07-16 14:25:55.936,14422.650658837712,23.983870603667448,27.439999999999998,30.488811881188145
2026-07-16 14:25:56.036,14375.948364363765,23.98440267217032,27.439999999999998,30.538019801980244
2026-07-16 14:25:56.136,14382.578364642137,23.98487899906027,27.44,30.577647058823537
2026-07-16 14:25:56.236,14337.950047560473,23.98530559590334,27.439999999999998,30.6172277227723
2026-07-16 14:25:56.336,14383.051397677536,23.98568155245143,27.44,30.656831683168345
2026-07-16 14:25:56.436,14411.130000304262,23.985558632889745,27.44,30.696078431372595
2026-07-16 14:25:56.536,14471.318482546172,23.986687215977376,27.440000000000005,30.744117647058857
2026-07-16 14:25:56.636,14493.209663618269,23.988229888903554,27.44,30.78450980392156
2026-07-16 14:25:56.736,14421.489844708969,23.988917678444487,27.439999999999998,30.824059405940595
2026-07-16 14:25:56.836,14335.980586671967,23.989059454788467,27.44,30.86366336633665
2026-07-16 14:25:56.936,14337.139762366282,23.989182472227643,27.439999999999998,30.902941176470616
2026-07-16 14:25:57.036,14406.941533367535,23.990224637034068,27.44,30.950594059405994
2026-07-16 14:25:57.136,14427.298502858132,23.991045298177394,27.439999999999998,30.991764705882364
2026-07-16 14:25:57.236,14409.945095629015,23.99136426896675,27.44,31.031287128712897
2026-07-16 14:25:57.336,14398.503597666406,23.99148671809914,27.44,31.070891089108944
2026-07-16 14:25:57.436,14417.699000500603,23.992040778869384,27.44,31.117745098039236
2026-07-16 14:25:57.536,14462.466784977783,23.993045904448874,27.44,31.157522935779852
2026-07-16 14:25:57.636,14365.903683308588,23.99353786685826,27.439999999999998,31.195882352941194
2026-07-16 14:25:57.736,14362.595318563373,23.99393537054737,27.439999999999998,31.23534653465349
2026-07-16 14:25:57.836,14408.979107897962,23.994564443684666,27.440000000000005,31.27470588235296
2026-07-16 14:25:57.936,14440.448623181048,23.995424349151968,27.44,31.320198019801996
2026-07-16 14:25:58.036,14433.659533434684,23.996254132423402,27.445940594059408,31.363762376237645
2026-07-16 14:25:58.136,14389.63594238567,23.997046882817685,27.449999999999996,31.426274509803907
2026-07-16 14:25:58.236,14385.33406057488,23.99728702999942,27.45,31.482574257425746
2026-07-16 14:25:58.336,14416.205359799602,23.997854457877516,27.44445544554455,31.522178217821796
2026-07-16 14:25:58.436,14425.169948457398,23.998531472352546,27.439999999999998,31.56156862745101
2026-07-16 14:25:58.536,14397.193251563483,23.998986957092992,27.439999999999998,31.60099009900994
2026-07-16 14:25:58.636,14366.941855979096,23.999153791029773,27.44,31.640392156862756
2026-07-16 14:25:58.736,14410.452185044991,23.999731137979808,27.439999999999998,31.684752475247556
2026-07-16 14:25:58.836,14432.826194135881,24.000761083721777,27.44,31.72921568627453
2026-07-16 14:25:58.936,14353.76681156293,24.00015519878183,27.44,31.76861386138615
2026-07-16 14:25:59.036,14321.046055248604,23.999421061568373,27.439999999999998,31.808039215686293
2026-07-16 14:25:59.136,14334.344207756749,23.998935308883212,27.44,31.84742574257425
2026-07-16 14:25:59.236,14342.53690133889,23.998483416243882,27.439999999999998,31.891287128712875
2026-07-16 14:25:59.336,14363.861077376749,23.99807208352001,27.439999999999998,31.93647058823531
2026-07-16 14:25:59.436,14361.012965606973,23.998205122729086,27.439999999999998,31.97584158415845
2026-07-16 14:25:59.536,14375.146178380031,23.99873311652837,27.439999999999998,32.0152941176471
2026-07-16 14:25:59.636,14407.735112000104,23.999637576024796,27.439999999999998,32.05465346534655
2026-07-16 14:25:59.736,14405.046307738783,24.000241494381264,27.44,32.09411764705884
2026-07-16 14:25:59.836,14355.685063289295,24.000255965817658,27.439999999999998,32.13683168316831
2026-07-16 14:25:59.936,14338.103887772237,24.000268983459694,27.439999999999998,32.1830693069307
2026-07-16 14:26:00.036,14428.585086385188,24.000280585212426,27.439999999999998,32.22254901960786
2026-07-16 14:26:00.136,14422.369181058019,24.000291087975267,27.439999999999998,32.2618811881188
2026-07-16 14:26:00.236,14412.178428843168,24.00030070136455,27.439999999999998,32.30148514851485
2026-07-16 14:26:00.336,14399.437011749385,24.00011635736369,27.44,32.34098039215687
2026-07-16 14:26:00.436,14397.536546504816,24.000088202181797,27.44,32.380297029702994
2026-07-16 14:26:00.536,14428.793292168375,24.000823484168976,27.44,32.42245117187504
2026-07-16 14:26:00.636,14365.25857435701,24.000809217611543,27.44,32.472255859375
2026-07-16 14:26:00.736,14337.306754484376,24.000796246363766,27.44,32.52206054687501
2026-07-16 14:26:00.836,14364.864863029987,24.0007842763379,27.44,32.57186523437502
2026-07-16 14:26:00.936,14406.859605057252,24.001163540746674,27.439999999999998,32.62166992187503
2026-07-16 14:26:01.036,14425.29903280518,24.001756748460302,27.44,32.671474609375046
2026-07-16 14:26:01.136,14413.354105538669,24.00215556536309,27.44,32.721279296875
2026-07-16 14:26:01.236,14433.960100670934,24.002871476656082,27.44,32.77108398437501
2026-07-16 14:26:01.336,14432.010423486434,24.003587489085312,27.439999999999998,32.820888671875025
2026-07-16 14:26:01.436,14434.421945388945,24.003969704059106,27.44,32.87069335937503
2026-07-16 14:26:01.536,14384.655608165735,24.003996959166997,27.44,32.920396039604
2026-07-16 14:26:01.636,14362.438626041156,24.004157564757506,27.439999999999998,32.959999999999994
2026-07-16 14:26:01.736,14427.879313145191,24.00474365515716,27.44,32.99921568627453
2026-07-16 14:26:01.836,14413.72551034638,24.004980124196003,27.439999999999998,33.038811881188145
2026-07-16 14:26:01.936,14411.395121019461,24.005199355187017,27.439999999999998,33.078415841584196
2026-07-16 14:26:02.036,14354.214372824967,24.00507560081894,27.44,33.12705882352948
2026-07-16 14:26:02.136,14355.106633446161,24.005128443380343,27.439999999999998,33.167227722772296
2026-07-16 14:26:02.236,14370.401831129824,24.005331335858585,27.44,33.19762376237626
2026-07-16 14:26:02.336,14357.354441483816,24.005614132022526,27.44,33.22705882352942
2026-07-16 14:26:02.436,14375.154111582884,24.006158425146793,27.440000000000005,33.24782178217822
2026-07-16 14:26:02.536,14383.231764209746,24.006318032931354,27.44,33.26745098039218
2026-07-16 14:26:02.636,14399.50310408266,24.006467531850173,27.44,33.278613861386134
2026-07-16 14:26:02.736,14376.896662478171,24.006608198562112,27.439999999999998,33.28843137254902
2026-07-16 14:26:02.836,14364.393695017268,24.006740644924054,27.44,33.29
2026-07-16 14:26:02.936,14379.213858858284,24.00686543966487,27.44,33.29
2026-07-16 14:26:03.036,14376.950431452326,24.006919167676724,27.44,33.29
2026-07-16 14:26:03.136,14363.826257202501,24.006334639206298,27.44,33.28207920792079
2026-07-16 14:26:03.236,14375.92050543667,24.006405112905952,27.44,33.28
2026-07-16 14:26:03.336,14381.473500696564,24.00654081008843,27.44,33.28
2026-07-16 14:26:03.436,14371.04892366211,24.006669138405485,27.439999999999998,33.28
2026-07-16 14:26:03.536,14368.782366760797,24.006902018913124,27.439999999999998,33.28
2026-07-16 14:26:03.636,14398.819363064626,24.007309613425875,27.439999999999998,33.28
2026-07-16 14:26:03.736,14380.542945889822,24.00740912239635,27.44,33.28705882352941
2026-07-16 14:26:03.836,14380.092607221986,24.007502060998693,27.439999999999998,33.29
2026-07-16 14:26:03.936,14393.141490858608,24.007840701909196,27.439999999999998,33.29
2026-07-16 14:26:04.036,14403.897659027214,24.008256101246154,27.440000000000005,33.29663366336635
2026-07-16 14:26:04.136,14423.267919995214,24.008665780010634,27.44,33.3
2026-07-16 14:26:04.236,14442.784090645651,24.008939253432892,27.44,33.306435643564356
2026-07-16 14:26:04.336,14359.303911662908,24.008618837448306,27.44,33.31
2026-07-16 14:26:04.436,14375.97444438055,24.008666806509645,27.44,33.31613861386138
2026-07-16 14:26:04.536,14378.150430513644,24.0087153485656,27.439999999999998,33.32
2026-07-16 14:26:04.636,14390.373816979112,24.009167642931963,27.439999999999998,33.32
2026-07-16 14:26:04.736,14395.866878282079,24.00959053759678,27.44,33.32564356435643
2026-07-16 14:26:04.836,14391.36764924022,24.009760833212333,27.44,33.33
2026-07-16 14:26:04.936,14425.795422392417,24.010453145658,27.439999999999998,33.33534653465347
2026-07-16 14:26:05.036,14383.490389707678,24.010804216707673,27.439999999999998,33.345196078431385
2026-07-16 14:26:05.136,14374.886488159314,24.011143530794605,27.439999999999998,33.3550495049505
2026-07-16 14:26:05.236,14387.506008783914,24.011714567696743,27.439999999999998,33.36
2026-07-16 14:26:05.336,14420.221371136082,24.012412455394298,27.44,33.36480392156864
2026-07-16 14:26:05.436,14447.524320924802,24.01311181683411,27.44,33.37
2026-07-16 14:26:05.536,14420.94206249727,24.013741013617448,27.44,33.37
2026-07-16 14:26:05.636,14384.97991338693,24.013569953687792,27.439999999999998,33.37421568627451
2026-07-16 14:26:05.736,14356.04592862369,24.013781057061017,27.439999999999998,33.38
2026-07-16 14:26:05.836,14367.454533552045,24.0137431454366,27.44,33.38
2026-07-16 14:26:05.936,14366.284672761456,24.013783274969047,27.44,33.38
2026-07-16 14:26:06.036,14359.101712873853,24.014145477736,27.439999999999998,33.3836274509804
2026-07-16 14:26:06.136,14397.587747395186,24.014765319903262,27.44,33.39
2026-07-16 14:26:06.236,14400.498230901372,24.015377744360947,27.439999999999998,33.39
2026-07-16 14:26:06.336,14359.106619152384,24.015586345236756,27.439999999999998,33.393235294117645
2026-07-16 14:26:06.436,14349.67512391249,24.01575489753213,27.44,33.4
2026-07-16 14:26:06.536,14350.025606827228,24.0159127874878,27.439999999999998,33.40294117647059
2026-07-16 14:26:06.636,14372.682650517409,24.016199442710302,27.439999999999998,33.41
2026-07-16 14:26:06.736,14424.302446474607,24.01672490058158,27.439999999999998,33.41267326732673
2026-07-16 14:26:06.836,14402.602417422733,24.017240190387575,27.439999999999998,33.42
2026-07-16 14:26:06.936,14399.746900102436,24.01734459900559,27.44,33.42237623762378
2026-07-16 14:26:07.036,14382.654326769742,24.017432632035796,27.440000000000005,33.43
2026-07-16 14:26:07.136,14361.529021790946,24.0175147077868,27.44,33.43
2026-07-16 14:26:07.236,14357.209023274154,24.017738236311484,27.439999999999998,33.431980198019794
2026-07-16 14:26:07.336,14374.428265736049,24.018094637537978,27.44,33.44186274509804
2026-07-16 14:26:07.436,14378.803916978168,24.01814845111106,27.44,33.45
2026-07-16 14:26:07.536,14372.992278354504,24.018197936506557,27.439999999999998,33.45
2026-07-16 14:26:07.636,14406.64315640834,24.018817769219144,27.44,33.45138613861386
2026-07-16 14:26:07.736,14408.278233241623,24.01956764633804,27.44,33.46
2026-07-16 14:26:07.836,14360.521185350924,24.019622698702065,27.44,33.4609900990099
2026-07-16 14:26:07.936,14296.917426421853,24.018594844028268,27.439999999999998,33.47
2026-07-16 14:26:08.036,14283.723386728947,24.01693229858185,27.439999999999998,33.47
2026-07-16 14:26:08.136,14280.836111324268,24.01512087159093,27.44,33.47059405940594
2026-07-16 14:26:08.236,14281.480656859032,24.013204389535282,27.439999999999998,33.48
2026-07-16 14:26:08.336,14267.004676668948,24.011224736553043,27.439999999999998,33.48
2026-07-16 14:26:08.436,14235.052071275779,24.008224855239845,27.439999999999998,33.479801980198005
2026-07-16 14:26:08.536,14199.962425654938,24.003809682118984,27.44,33.47
2026-07-16 14:26:08.636,14179.416500475289,23.998451864522778,27.439999999999998,33.47
2026-07-16 14:26:08.736,14136.450046401771,23.992679360195766,27.44,33.47
2026-07-16 14:26:08.836,14115.375263931315,23.985835246549783,27.44,33.46039215686273
2026-07-16 14:26:08.936,14210.340556880186,23.980890928165003,27.44,33.45049504950494
2026-07-16 14:26:09.036,14284.431098982714,23.976373899881068,27.44,33.45
2026-07-16 14:26:09.136,14291.23803299512,23.971378717644065,27.44,33.440784313725494
2026-07-16 14:26:09.236,14283.368581312203,23.966533445665974,27.439999999999998,33.43089108910891
2026-07-16 14:26:09.336,14321.38310756684,23.964600835955363,27.44,33.43
2026-07-16 14:26:09.436,14323.922508520569,23.963116526796625,27.439999999999998,33.42117647058823
2026-07-16 14:26:09.536,14366.231123729238,23.961027659832354,27.44,33.41128712871286
2026-07-16 14:26:09.636,14402.414498439837,23.958983951195208,27.439999999999998,33.41
2026-07-16 14:26:09.736,14432.952004316681,23.958051280286973,27.44,33.40158415841584
2026-07-16 14:26:09.836,14464.552512787383,23.958201715987617,27.44,33.391683168316824
2026-07-16 14:26:09.936,14452.135732488809,23.95674536982295,27.439999999999998,33.39
2026-07-16 14:26:10.036,14442.227365074988,23.95733420187206,27.439999999999998,33.38198019801979
2026-07-16 14:26:10.136,14462.445995509188,23.957836410469856,27.44,33.38
2026-07-16 14:26:10.236,14450.7085946658,23.95679297293153,27.447745098039217,33.37225490196078
2026-07-16 14:26:10.336,14419.704120707203,23.955241295996167,27.45,33.362376237623764
2026-07-16 14:26:10.436,14406.197391380429,23.95444740862881,27.449999999999996,33.36
2026-07-16 14:26:10.536,14430.77040761361,23.954353695771374,27.44264705882352,33.35264705882352
2026-07-16 14:26:10.636,14451.97163372146,23.95427569996058,27.439999999999998,33.34277227722772
2026-07-16 14:26:10.736,14455.941048752175,23.954208548679212,27.44,33.332941176470584
2026-07-16 14:26:10.836,14457.183682601295,23.954976669922864,27.439999999999998,33.33
2026-07-16 14:26:10.936,14471.036155414746,23.955823437946393,27.439999999999998,33.32323529411764
2026-07-16 14:26:11.036,14477.202383429072,23.95629026186886,27.440000000000005,33.31336633663365
2026-07-16 14:26:11.136,14433.299075042574,23.95665770481596,27.44,33.30346534653465
2026-07-16 14:26:11.236,14419.595033527394,23.956449854648852,27.44,33.3
2026-07-16 14:26:11.336,14532.603828235922,23.957782118657327,27.439999999999998,33.293762376237616
2026-07-16 14:26:11.436,14528.301303948992,23.958417904363714,27.446138613861386,33.28386138613861
2026-07-16 14:26:11.536,14522.894738232479,23.959580532583185,27.449999999999996,33.2739603960396
2026-07-16 14:26:11.636,14544.970628432915,23.961353193699402,27.449999999999996,33.269999999999996
2026-07-16 14:26:11.736,14530.402383316181,23.962738726389265,27.449999999999996,33.26431372549019
2026-07-16 14:26:11.836,14532.749520099545,23.964069763635944,27.45,33.254509803921565
2026-07-16 14:26:11.936,14487.573174465288,23.96532578726144,27.444653465346526,33.24465346534652
2026-07-16 14:26:12.036,14477.30162733679,23.96599264653164,27.44524752475248,33.23475247524751
2026-07-16 14:26:12.136,14502.250272111485,23.96717063735811,27.449999999999996,33.23
2026-07-16 14:26:12.236,14543.781733580847,23.969120936810516,27.449999999999996,33.225049504950476
2026-07-16 14:26:12.336,14560.261184828238,23.971326906576174,27.449999999999996,33.22
2026-07-16 14:26:12.436,14474.749286961902,23.97290988824141,27.44529411764705,33.215294117647055
2026-07-16 14:26:12.536,14497.3763886612,23.973627259537082,27.44,33.20544554455445
2026-07-16 14:26:12.636,14443.806352994623,23.974262538911084,27.439999999999998,33.2
2026-07-16 14:26:12.736,14428.270019378258,23.97482986564792,27.439999999999998,33.1956862745098
2026-07-16 14:26:12.836,14439.56428161195,23.975337336293848,27.44415841584159,33.18584158415841
2026-07-16 14:26:12.936,14436.880777740189,23.97579213176329,27.45,33.18
2026-07-16 14:26:13.036,14431.443973105652,23.976177412237274,27.449999999999996,33.176138613861376
2026-07-16 14:26:13.136,14436.05307413025,23.975924344912787,27.45,33.16623762376237
2026-07-16 14:26:13.236,14427.035745478883,23.976674844545606,27.45,33.15633663366336
2026-07-16 14:26:13.336,14405.371460397635,23.97756992514162,27.449999999999996,33.15
2026-07-16 14:26:13.436,14400.740448988588,23.97841762158863,27.449999999999996,33.14663366336632
2026-07-16 14:26:13.536,14420.67836358252,23.979216654086034,27.450000000000003,33.14
2026-07-16 14:26:13.636,14434.314173967297,23.979919045854228,27.45,33.137058823529415
2026-07-16 14:26:13.736,14414.671349837017,23.980034560711395,27.449999999999996,33.127227722772275
2026-07-16 14:26:13.836,14422.756357846289,23.98062248621722,27.449999999999996,33.11735294117646
2026-07-16 14:26:13.936,14421.71293624547,23.98123415306309,27.450000000000003,33.11
2026-07-16 14:26:14.036,14426.081826126487,23.982086400584464,27.45,33.10762376237622
2026-07-16 14:26:14.136,14440.46320502733,23.98317351175783,27.45,33.09774509803921
2026-07-16 14:26:14.236,14448.126810616883,23.98430388200342,27.449999999999996,33.0879207920792
2026-07-16 14:26:14.336,14415.318497356879,23.985904345455257,27.45,33.08
2026-07-16 14:26:14.436,14336.56308155639,23.985158229694356,27.450000000000003,33.0762745098039
2026-07-16 14:26:14.536,14322.30829397617,23.984769888906857,27.449999999999996,33.0583495145631
2026-07-16 14:26:14.636,14327.292355970785,23.984575339650085,27.45,33.05
2026-07-16 14:26:14.736,14332.49975282052,23.984401199444036,27.449999999999996,33.04881188118811
2026-07-16 14:26:14.836,14333.566488963317,23.98415384504475,27.45,33.038921568627444
2026-07-16 14:26:14.936,14284.887140784593,23.98348132091782,27.449999999999996,33.03
2026-07-16 14:26:15.036,14276.53834327466,23.98285108719497,27.45,33.029207920792075
2026-07-16 14:26:15.136,14293.808087795122,23.983506157621864,27.449999999999996,33.0193137254902
2026-07-16 14:26:15.236,14268.977668539637,23.983504785798274,27.45,33.00950495049505
2026-07-16 14:26:15.336,14219.414310726075,23.98284873727657,27.449603960396033,33.0
2026-07-16 14:26:15.436,14209.286649602473,23.982231050704193,27.439999999999998,32.999705882352934
2026-07-16 14:26:15.536,14296.276792913084,23.981638052121763,27.44,32.989900990099
2026-07-16 14:26:15.636,14241.48969419761,23.98056067347789,27.439999999999998,32.97999999999999
2026-07-16 14:26:15.736,14244.591677823239,23.979980411097465,27.44,32.98
2026-07-16 14:26:15.836,14232.274589743565,23.9791748908776,27.439999999999998,32.97029702970296
2026-07-16 14:26:15.936,14249.43748863052,23.978966364178977,27.439999999999998,32.96049019607842
2026-07-16 14:26:16.036,14294.433642660813,23.979548764796558,27.44,32.959999999999994
2026-07-16 14:26:16.136,14261.353179552676,23.97968164350466,27.44,32.9507843137255
2026-07-16 14:26:16.236,14192.153751008153,23.979799363926354,27.439999999999998,32.94089108910891
2026-07-16 14:26:16.336,14204.511831138312,23.979014752481696,27.449009900990102,32.94
2026-07-16 14:26:16.436,14191.626803340034,23.977764521716704,27.449999999999996,32.93117647058823
2026-07-16 14:26:16.536,14192.586171038358,23.97691426739364,27.45,32.92128712871286
2026-07-16 14:26:16.636,14219.726420935462,23.976639408549694,27.449999999999996,32.92
2026-07-16 14:26:16.736,14232.66267683932,23.976447748577122,27.45,32.911584158415835
2026-07-16 14:26:16.836,14224.073475693362,23.976741193745358,27.45,32.90168316831682
2026-07-16 14:26:16.936,14233.554858484795,23.977008846774073,27.45,32.891862745098024
2026-07-16 14:26:17.036,14158.938406147,23.976543825586916,27.45,32.89
2026-07-16 14:26:17.136,14138.641922486713,23.976363126568867,27.45,32.882156862745106
2026-07-16 14:26:17.236,14163.686758748401,23.976477257100633,27.449999999999996,32.87227722772277
2026-07-16 14:26:17.336,14143.917902941417,23.976188947395624,27.45,32.86237623762376
2026-07-16 14:26:17.436,14164.073007692761,23.97552372752819,27.45,32.86
2026-07-16 14:26:17.536,14198.889023456333,23.97534492362261,27.45,32.85267326732673
2026-07-16 14:26:17.636,14150.860836331729,23.974840204530434,27.449999999999996,32.843047619047624
2026-07-16 14:26:17.736,14108.960901442762,23.97397970568483,27.443267326732673,32.84
2026-07-16 14:26:17.836,14091.494260831048,23.97313056297473,27.44,32.833431372549015
2026-07-16 14:26:17.936,14085.478638429562,23.972687710375983,27.44,32.82356435643564
2026-07-16 14:26:18.036,14107.194304341547,23.972656629203314,27.439999999999998,32.81372549019607
2026-07-16 14:26:18.136,14103.011140626688,23.971705568075464,27.44,32.81
2026-07-16 14:26:18.236,14110.05441939711,23.97196736462206,27.439999999999998,32.80401960784313
2026-07-16 14:26:18.336,14110.653132317046,23.972167895237156,27.439999999999998,32.79415841584157
2026-07-16 14:26:18.436,14116.073113473045,23.972173798128647,27.440000000000005,32.78431372549019
2026-07-16 14:26:18.536,14114.760756162625,23.97196435893206,27.439999999999998,32.78
2026-07-16 14:26:18.636,14060.333867816771,23.971172414827258,27.439999999999998,32.77460784313726
2026-07-16 14:26:18.736,14131.9427795206,23.971687312630404,27.44,32.764752475247526
2026-07-16 14:26:18.836,14127.650166518739,23.97138082861946,27.44,32.75490196078431
2026-07-16 14:26:18.936,14089.017410739383,23.97065425554585,27.439999999999998,32.75
2026-07-16 14:26:19.036,14070.911057080824,23.970255035990327,27.44,32.74514851485148
2026-07-16 14:26:19.136,14093.56689961449,23.970357244779322,27.44,32.74
2026-07-16 14:26:19.236,14117.834447030178,23.970363762899332,27.44,32.73544554455445
2026-07-16 14:26:19.336,14002.848508557878,23.9695725334962,27.44445544554456,32.72554455445543
2026-07-16 14:26:19.436,14031.481212823872,23.96920675751714,27.449999999999996,32.72
2026-07-16 14:26:19.536,14037.946528350974,23.968900997025713,27.449999999999996,32.7158415841584
2026-07-16 14:26:19.636,14049.185191145725,23.96838146535521,27.450000000000003,32.70598039215687
2026-07-16 14:26:19.736,14030.047152472784,23.96736681837846,27.449999999999996,32.7
2026-07-16 14:26:19.836,13947.318802956748,23.96596897863496,27.449999999999996,32.69627450980392
2026-07-16 14:26:19.936,14050.449406865691,23.965795861784553,27.450000000000003,32.68643564356435
2026-07-16 14:26:20.036,14071.722101336018,23.965640106614682,27.449999999999996,32.67999999999999
2026-07-16 14:26:20.136,14025.130556046004,23.96513746965431,27.45,32.676732673267324
2026-07-16 14:26:20.236,13985.029965364512,23.964270106851444,27.449999999999996,32.66683168316831
2026-07-16 14:26:20.336,13995.811793549634,23.963403791607924,27.45,32.65696078431371
2026-07-16 14:26:20.436,14049.382364977824,23.96305135526597,27.45,32.65
2026-07-16 14:26:20.536,14069.03741082694,23.963548106272295,27.449999999999996,32.64722772277226
2026-07-16 14:26:20.636,14005.992925044364,23.96251274867324,27.45,32.637352941176474
2026-07-16 14:26:20.736,14028.873182612768,23.961910079840486,27.45,32.629999999999995
2026-07-16 14:26:20.836,14056.607375885395,23.961117974614265,27.449999999999996,32.627722772277224
2026-07-16 14:26:20.936,14055.722903964845,23.960609133509056,27.449999999999996,32.61784313725489
2026-07-16 14:26:21.036,14025.407643474053,23.960496507220533,27.45,32.608019801980184
2026-07-16 14:26:21.136,13985.919417940533,23.95963477695546,27.45,32.598137254901964
2026-07-16 14:26:21.236,14043.926040310525,23.959811578796202,27.45,32.58831683168316
2026-07-16 14:26:21.336,14037.37380296657,23.959117131706854,27.44843137254901,32.578431372549005
2026-07-16 14:26:21.436,14011.285509886107,23.9582897280172,27.441386138613872,32.57
2026-07-16 14:26:21.536,13983.69545667771,23.957737317803982,27.448712871287114,32.56871287128711
2026-07-16 14:26:21.636,13983.714890925427,23.95749251573484,27.439999999999998,32.55882352941177
2026-07-16 14:26:21.736,14043.554122936972,23.957352038128914,27.44,32.55
2026-07-16 14:26:21.836,14058.582986690195,23.958126870917294,27.439999999999998,32.549117647058814
2026-07-16 14:26:21.936,14062.135002490118,23.958426463587625,27.44,32.53931372549019
2026-07-16 14:26:22.036,13986.08513524518,23.957638333322393,27.44049504950496,32.52950495049504
2026-07-16 14:26:22.136,13987.320353702453,23.957204429284772,27.449999999999996,32.51960396039604
2026-07-16 14:26:22.236,14036.949392532315,23.957349575093993,27.449999999999996,32.50999999999999
2026-07-16 14:26:22.336,13979.797850076844,23.957071326767807,27.449999999999996,32.50980392156861
2026-07-16 14:26:22.436,14007.126185268782,23.95638873453244,27.45,32.5
2026-07-16 14:26:22.536,13986.02561844993,23.955281748316853,27.449999999999996,32.5
2026-07-16 14:26:22.636,13991.280455938364,23.954927014994308,27.45,32.49019801980198
2026-07-16 14:26:22.736,14018.771962701361,23.95539399921316,27.450000000000003,32.48039215686275
2026-07-16 14:26:22.836,14017.553608410544,23.956108319144956,27.45,32.48
2026-07-16 14:26:22.936,13962.699849147957,23.95638655141219,27.449999999999996,32.470686274509795
2026-07-16 14:26:23.036,13970.009176510735,23.95622302510417,27.45,32.46079207920791
2026-07-16 14:26:23.136,14050.577179812146,23.956549764706843,27.44098039215686,32.450980392156865
2026-07-16 14:26:23.236,14000.046383026438,23.956489778911433,27.440000000000005,32.45
2026-07-16 14:26:23.336,13954.8672140601,23.955795584766683,27.448725490196086,32.44127450980391
2026-07-16 14:26:23.436,13966.257592551494,23.955139704837965,27.449999999999996,32.43138613861385
2026-07-16 14:26:23.536,14017.775696718307,23.95514868187019,27.45,32.43
2026-07-16 14:26:23.636,14055.534773326219,23.955512588588988,27.45,32.42166666666667
2026-07-16 14:26:23.736,13991.480084914709,23.955407587943874,27.449999999999996,32.41178217821782
2026-07-16 14:26:23.836,13945.701753331623,23.955311108990042,27.449999999999996,32.41
2026-07-16 14:26:23.936,13931.781071194342,23.954951342314597,27.450000000000003,32.402079207920785
2026-07-16 14:26:24.036,13948.258647009588,23.954648359701714,27.449999999999996,32.39225490196077
2026-07-16 14:26:24.136,13968.290103706782,23.954589677688183,27.45,32.38237623762377
2026-07-16 14:26:24.236,13949.686590497982,23.954507383451432,27.449999999999996,32.38
2026-07-16 14:26:24.336,13948.457505535152,23.954067889734244,27.449999999999996,32.37264705882352
2026-07-16 14:26:24.436,14003.714242458667,23.953990594074224,27.442772277227714,32.36277227722771
2026-07-16 14:26:24.536,13981.397181290733,23.953703109507956,27.439999999999998,32.36
2026-07-16 14:26:24.636,13948.513418291845,23.95349733850781,27.44,32.35313725490197
2026-07-16 14:26:24.736,13939.4838951437,23.95326829622272,27.439999999999998,32.343333333333334
2026-07-16 14:26:24.836,13928.190402645829,23.952627431418875,27.44,32.33346534653465
2026-07-16 14:26:24.936,13967.869730871229,23.95265659178861,27.44,32.33
2026-07-16 14:26:25.036,13987.165234043574,23.952683341144464,27.440000000000005,32.32376237623761
2026-07-16 14:26:25.136,13990.670647255061,23.95297038794027,27.44,32.32
2026-07-16 14:26:25.236,13946.30552266231,23.95256236435282,27.439999999999998,32.314019607843136
2026-07-16 14:26:25.336,13922.913617835837,23.951889993531466,27.439999999999998,32.30415841584157
2026-07-16 14:26:25.436,13981.214669850728,23.95182810778388,27.44,32.3
2026-07-16 14:26:25.536,13919.338046293768,23.9511175514778,27.440000000000005,32.28882352941175
2026-07-16 14:26:25.636,13934.607885601663,23.950406763494417,27.44,32.28
2026-07-16 14:26:25.736,13936.942090541994,23.950025836270303,27.44,32.27470588235295
2026-07-16 14:26:25.836,13972.688448345349,23.94999658318884,27.439999999999998,32.26485148514851
2026-07-16 14:26:25.936,13983.773343054996,23.94998221836354,27.439999999999998,32.25499999999999
2026-07-16 14:26:26.036,13931.504163623365,23.949718454444913,27.439999999999998,32.24519607843136
2026-07-16 14:26:26.136,13935.081524471396,23.949468493400737,27.44,32.24
2026-07-16 14:26:26.236,13910.595878250426,23.94923439078505,27.439999999999998,32.23549019607842
2026-07-16 14:26:26.336,13961.913493248812,23.94869919489987,27.439999999999998,32.22564356435642
2026-07-16 14:26:26.436,13970.396609420404,23.948609020147973,27.439999999999998,32.21574257425741
2026-07-16 14:26:26.536,13956.532294806171,23.94846487270408,27.44,32.21
2026-07-16 14:26:26.636,13958.196120060722,23.94787857006328,27.439999999999998,32.206078431372546
2026-07-16 14:26:26.736,13959.917421089802,23.947325405594647,27.44,32.19623762376237
2026-07-16 14:26:26.836,13952.662762437163,23.947171940947015,27.439999999999998,32.19
2026-07-16 14:26:26.936,13970.13633174491,23.947733528308248,27.44,32.18653465346534
2026-07-16 14:26:27.036,13977.717064550601,23.948112807785854,27.439999999999998,32.18
2026-07-16 14:26:27.136,13968.26537465872,23.94814358479874,27.439999999999998,32.17676470588235
2026-07-16 14:26:27.236,13954.575780614978,23.94795687776392,27.44,32.166930693069304
2026-07-16 14:26:27.336,13960.783668682601,23.947822192607187,27.440000000000005,32.16
2026-07-16 14:26:27.436,13996.237273974455,23.94805198648877,27.439999999999998,32.15722772277227
2026-07-16 14:26:27.536,13960.365648697207,23.948268284655644,27.439999999999998,32.15
2026-07-16 14:26:27.636,13993.247370071325,23.94874770219328,27.440000000000005,32.14745098039216
2026-07-16 14:26:27.736,14021.285449541792,23.949325503437464,27.442376237623762,32.137623762376236
2026-07-16 14:26:27.836,13987.203717810906,23.949348050526616,27.45,32.12774509803921
2026-07-16 14:26:27.936,13903.97469152166,23.94841658060889,27.449999999999996,32.12
2026-07-16 14:26:28.036,13895.802959832135,23.948202099824485,27.449999999999996,32.11607843137253
2026-07-16 14:26:28.136,13917.755180314627,23.94800428435086,27.45,32.09823529411764
2026-07-16 14:26:28.236,13986.119167377828,23.948781813539924,27.449999999999996,32.09
2026-07-16 14:26:28.336,13985.054195378401,23.949092013187624,27.45,32.088514851485144
2026-07-16 14:26:28.436,13930.273120460339,23.94867478293498,27.449999999999996,32.07862745098038
2026-07-16 14:26:28.536,13892.336408739326,23.947918240442327,27.449999999999996,32.07
2026-07-16 14:26:28.636,13870.633092949143,23.94680955239466,27.448921568627455,32.06892156862745
2026-07-16 14:26:28.736,13871.857897907103,23.94617743551052,27.44089108910891,32.05910891089109
2026-07-16 14:26:28.836,13871.632500633796,23.94557230088671,27.449215686274503,32.04921568627451
2026-07-16 14:26:28.936,13935.661343773772,23.94529571188086,27.439999999999998,32.03940594059405
2026-07-16 14:26:29.036,13978.108830249284,23.945221586784335,27.44,32.03
2026-07-16 14:26:29.136,13946.015632898812,23.945154069816105,27.439999999999998,32.02970297029702
2026-07-16 14:26:29.236,13938.370819184296,23.945130958015966,27.44,32.019803921568624
2026-07-16 14:26:29.336,13913.551279908917,23.945931887356664,27.44,32.01
2026-07-16 14:26:29.436,13949.164095354128,23.946343678687633,27.44,32.01
2026-07-16 14:26:29.536,13952.43714135604,23.946091975236254,27.44,32.00019801980198
2026-07-16 14:26:29.636,13972.627627399168,23.945967083717747,27.44,31.990392156862747
2026-07-16 14:26:29.736,14000.959400940026,23.946071123050476,27.44,31.980495049504952
2026-07-16 14:26:29.836,13946.635255347303,23.945567176019505,27.439999999999998,31.970686274509795
2026-07-16 14:26:29.936,13967.9338254387,23.945485887643873,27.44,31.97
2026-07-16 14:26:30.036,13928.397406190394,23.945033887107336,27.44,31.96098039215685
2026-07-16 14:26:30.136,13928.251595616195,23.944855939878504,27.440000000000005,31.95108910891089
2026-07-16 14:26:30.236,13948.357620653333,23.945024868960324,27.44,31.94127450980393
2026-07-16 14:26:30.336,13934.795076943527,23.945124136588838,27.44,31.939999999999998
2026-07-16 14:26:30.436,13864.120489518353,23.944660431632514,27.439999999999998,31.93156862745097
2026-07-16 14:26:30.536,13890.270698987866,23.944213594297715,27.44,31.93
2026-07-16 14:26:30.636,13948.384152535493,23.94417429857193,27.44,31.92186274509804
2026-07-16 14:26:30.736,13902.701105335298,23.943565395832422,27.439999999999998,31.911980198019798
2026-07-16 14:26:30.836,13924.930485453719,23.943465417249165,27.44,31.91
2026-07-16 14:26:30.936,13965.516996929968,23.943598799984922,27.44,31.902450980392153
2026-07-16 14:26:31.036,13915.488892013207,23.943189875426324,27.439999999999998,31.89999999999999
2026-07-16 14:26:31.136,13938.329634659583,23.942798992530022,27.44,31.89274509803922
2026-07-16 14:26:31.236,13898.5798281093,23.94200910587496,27.439999999999998,31.88287128712871
2026-07-16 14:26:31.336,13874.001181855947,23.941219056355408,27.439999999999998,31.873039215686266
2026-07-16 14:26:31.436,13915.364464050654,23.94099495281023,27.439999999999998,31.87
2026-07-16 14:26:31.536,13945.048360881721,23.940768548766222,27.439999999999998,31.863333333333323
2026-07-16 14:26:31.636,13910.743748490368,23.940122771044827,27.44,31.853465346534648
2026-07-16 14:26:31.736,13912.68399740125,23.939864183511627,27.44,31.85
2026-07-16 14:26:31.836,13974.411615446441,23.940054945109736,27.439999999999998,31.843762376237617
2026-07-16 14:26:31.936,13926.879234142376,23.940231867614628,27.439999999999998,31.833921568627446
2026-07-16 14:26:32.036,13946.953538736205,23.940671774066242,27.439999999999998,31.824059405940588
2026-07-16 14:26:32.136,13972.98442339319,23.941048136126934,27.439999999999998,31.82
2026-07-16 14:26:32.236,13952.708811130417,23.940955653163787,27.44,31.81435643564356
2026-07-16 14:26:32.336,13943.200909846119,23.94028214808268,27.439999999999998,31.804455445544548
2026-07-16 14:26:32.436,13960.341110339508,23.940019927248805,27.439999999999998,31.794607843137243
2026-07-16 14:26:32.536,13956.99262926748,23.940520762546903,27.439999999999998,31.78475247524751
2026-07-16 14:26:32.636,13973.293606301138,23.940805505747033,27.44,31.78
2026-07-16 14:26:32.736,13963.331623485425,23.940737244629986,27.439999999999998,31.775049504950488
2026-07-16 14:26:32.836,13926.503748447822,23.940463310475444,27.44,31.765196078431366
2026-07-16 14:26:32.936,13913.225411803953,23.94025249316723,27.44,31.755346534653466
2026-07-16 14:26:33.036,13928.252047916247,23.94040887234874,27.439999999999998,31.749999999999993
2026-07-16 14:26:33.136,13894.229547085597,23.94019295732638,27.44,31.745643564356435
2026-07-16 14:26:33.236,13914.72554120476,23.94024264382402,27.439999999999998,31.739999999999995
2026-07-16 14:26:33.336,13954.55913065522,23.94039050637877,27.439999999999998,31.7359405940594
2026-07-16 14:26:33.436,13965.876223217922,23.94040026292905,27.44,31.72607843137254
2026-07-16 14:26:33.536,13926.376089430612,23.940171396053664,27.439999999999998,31.72
2026-07-16 14:26:33.636,13880.812901700381,23.93995356826653,27.443627450980394,31.71637254901961
2026-07-16 14:26:33.736,13937.462195685956,23.94044683488726,27.45,31.71
2026-07-16 14:26:33.836,13955.304350601997,23.9406605624374,27.449999999999996,31.706666666666667
2026-07-16 14:26:33.936,13945.622995797323,23.94057445575465,27.449999999999996,31.699999999999996
2026-07-16 14:26:34.036,13924.972518710321,23.9403436767082,27.446960784313717,31.696960784313717
2026-07-16 14:26:34.136,13917.217635994184,23.940196386026958,27.44287128712871,31.687128712871285
2026-07-16 14:26:34.236,13957.087576125306,23.940342028645915,27.45,31.68
2026-07-16 14:26:34.336,13951.38357429346,23.940822419268752,27.44742574257425,31.67742574257425
2026-07-16 14:26:34.436,13903.523789720555,23.940407711849055,27.44,31.66752475247524
2026-07-16 14:26:34.536,13906.83234435097,23.9400461964554,27.439999999999998,31.657647058823514
2026-07-16 14:26:34.636,13938.245188799534,23.939990968840313,27.439999999999998,31.65
2026-07-16 14:26:34.736,13924.837339376347,23.93977569957223,27.439999999999998,31.646078431372548
2026-07-16 14:26:34.836,13815.084664496295,23.938539735515235,27.439999999999998,31.629999999999995
2026-07-16 14:26:34.936,13894.426799079287,23.938364571480882,27.44,31.62841584158415
2026-07-16 14:26:35.036,13907.621588685855,23.93784676918755,27.439999999999998,31.618529411764694
2026-07-16 14:26:35.136,13932.51187506448,23.937850626919225,27.44,31.609999999999996
2026-07-16 14:26:35.236,13929.675776935477,23.937917991594368,27.44,31.60882352941176
2026-07-16 14:26:35.336,13883.26191884142,23.9375360953848,27.44,31.5990099009901
2026-07-16 14:26:35.436,13840.053228564471,23.93659978407443,27.439999999999998,31.589117647058817
2026-07-16 14:26:35.536,13903.259045436938,23.93564426168533,27.439999999999998,31.579999999999995
2026-07-16 14:26:35.636,13924.37988512493,23.93552032523965,27.44,31.57941176470588
2026-07-16 14:26:35.736,13928.831720262602,23.93578573584521,27.44,31.569215686274504
2026-07-16 14:26:35.836,13964.00596131683,23.935931481496937,27.439999999999998,31.549999999999997
2026-07-16 14:26:35.936,13998.216890748867,23.93615120764302,27.44,31.549900990099
2026-07-16 14:26:36.036,13971.89096583386,23.936783942200655,27.44,31.539999999999985
2026-07-16 14:26:36.136,13952.235185159492,23.936682469080136,27.44,31.53019607843137
2026-07-16 14:26:36.236,13895.634239104205,23.936189158546203,27.439999999999998,31.52029702970296
2026-07-16 14:26:36.336,13913.363532099458,23.936020289994534,27.439999999999998,31.52
2026-07-16 14:26:36.436,13965.735238054283,23.93618702887266,27.44,31.510588235294115
2026-07-16 14:26:36.536,14018.593945020173,23.936829597708645,27.439999999999998,31.500693069306923
2026-07-16 14:26:36.636,14033.91283134897,23.937792696444937,27.439999999999998,31.499999999999996
2026-07-16 14:26:36.736,13948.099380425587,23.938076340368838,27.439999999999998,31.490980392156857
2026-07-16 14:26:36.836,13887.442580775787,23.937479168334168,27.439999999999998,31.481176470588228
2026-07-16 14:26:36.936,13912.771059108958,23.937261346420176,27.44,31.479999999999997
2026-07-16 14:26:37.036,13912.588172285086,23.937399095486757,27.44,31.471470588235277
2026-07-16 14:26:37.136,13908.029248733763,23.93751292681241,27.44,31.47
2026-07-16 14:26:37.236,13933.635040240952,23.93738255002315,27.44,31.461683168316824
2026-07-16 14:26:37.336,13955.469609374672,23.937261265564345,27.439999999999998,31.451862745098037
2026-07-16 14:26:37.436,13926.480301742455,23.93714954530612,27.439999999999998,31.449999999999996
2026-07-16 14:26:37.536,13924.926371902813,23.9373664746042,27.44,31.442156862745094
2026-07-16 14:26:37.636,13869.648748586405,23.937127574219794,27.44,31.43227722772277
2026-07-16 14:26:37.736,13864.67157692034,23.9370045915411,27.44,31.429999999999996
2026-07-16 14:26:37.836,13925.92486742194,23.937069885665235,27.439999999999998,31.422574257425737
2026-07-16 14:26:37.936,13933.49189079685,23.93665095959911,27.44,31.412673267326724
2026-07-16 14:26:38.036,13945.1786872981,23.93695244028631,27.439999999999998,31.402843137254884
2026-07-16 14:26:38.136,13912.716694635468,23.93689260290675,27.439999999999998,31.399999999999995
2026-07-16 14:26:38.236,13915.335925924319,23.936799204807418,27.44,31.39313725490195
2026-07-16 14:26:38.336,13923.793555857868,23.93671185163254,27.440000000000005,31.383267326732664
2026-07-16 14:26:38.436,13924.151448617673,23.93663004302274,27.440000000000005,31.380000000000003
2026-07-16 14:26:38.536,13923.568658082786,23.93655332553125,27.440000000000005,31.3735294117647
2026-07-16 14:26:38.636,13897.906465816308,23.93648156576228,27.439999999999998,31.363663366336638
2026-07-16 14:26:38.736,13960.290515616856,23.936723851817387,27.44,31.36
2026-07-16 14:26:38.836,13910.810535216333,23.936476270477982,27.44,31.353960396039597
2026-07-16 14:26:38.936,13920.399724134364,23.936451286121105,27.439999999999998,31.344117647058816
2026-07-16 14:26:39.036,13950.163124412915,23.936595612750498,27.44,31.334257425742564
2026-07-16 14:26:39.136,13906.218249997744,23.936582072550998,27.44,31.33
2026-07-16 14:26:39.236,13944.611127762159,23.936840187851317,27.44,31.319019607843124
2026-07-16 14:26:39.336,13948.354858483859,23.937088016496602,27.439999999999998,31.31
2026-07-16 14:26:39.436,13917.878459795524,23.936798295012522,27.44,31.30480392156862
2026-07-16 14:26:39.536,13924.947340093275,23.936791846851072,27.439999999999998,31.2949504950495
2026-07-16 14:26:39.636,13939.1118394637,23.93690904521106,27.439999999999998,31.29
2026-07-16 14:26:39.736,13915.544093333854,23.93674916388309,27.439999999999998,31.285196078431373
2026-07-16 14:26:39.836,13874.946630784363,23.93635930694633,27.44,31.28
2026-07-16 14:26:39.936,13957.155619256988,23.93663155458496,27.439999999999998,31.275490196078422
2026-07-16 14:26:40.036,13935.403860186805,23.93689424941188,27.439999999999998,31.265643564356424
2026-07-16 14:26:40.136,13922.56685409742,23.936928012155434,27.439999999999998,31.259999999999998
2026-07-16 14:26:40.236,13913.958253863202,23.936843798363256,27.439999999999998,31.25588235294117
2026-07-16 14:26:40.336,13908.332085790009,23.93693853938257,27.439999999999998,31.24603960396039
2026-07-16 14:26:40.436,13940.415724537308,23.937425990826767,27.439999999999998,31.23613861386137
2026-07-16 14:26:40.536,13925.888787636375,23.93697838846883,27.44,31.230000000000004
2026-07-16 14:26:40.636,13905.093284979572,23.936850836086673,27.44,31.22643564356436
2026-07-16 14:26:40.736,13913.280633736333,23.936767894664342,27.44,31.216568627450982
2026-07-16 14:26:40.836,13944.81501190503,23.936854930468613,27.439999999999998,31.209999999999994
2026-07-16 14:26:40.936,13959.754979692763,23.93710269376115,27.44,31.206930693069303
2026-07-16 14:26:41.036,13919.085547119565,23.937301671548163,27.439999999999998,31.197058823529403
2026-07-16 14:26:41.136,13896.682763495284,23.93720576013656,27.439999999999998,31.189999999999998
2026-07-16 14:26:41.236,13951.719255377355,23.937715852027665,27.439999999999998,31.187352941176464
2026-07-16 14:26:41.336,13938.920773368292,23.937771195390958,27.44,31.17752475247524
2026-07-16 14:26:41.436,13885.613203341738,23.937472807132806,27.44,31.17
2026-07-16 14:26:41.536,13876.384315415016,23.93715338650583,27.440000000000005,31.167745098039205
2026-07-16 14:26:41.636,13948.398796722697,23.937059671305235,27.44,31.157920792079214
2026-07-16 14:26:41.736,13926.246637819206,23.936971396778844,27.439999999999998,31.148039215686268
2026-07-16 14:26:41.836,13923.5164591274,23.936888938668325,27.44,31.138217821782174
2026-07-16 14:26:41.936,13904.64900944212,23.93681088199927,27.44,31.128333333333327
2026-07-16 14:26:42.036,13905.458817668914,23.936917976155307,27.439999999999998,31.118514851485138
2026-07-16 14:26:42.136,13910.160829054832,23.936897744309938,27.44,31.11
2026-07-16 14:26:42.236,13897.721861931368,23.93664067892093,27.439999999999998,31.10872549019607
2026-07-16 14:26:42.336,13891.76626442126,23.936887394821852,27.439999999999998,31.0989108910891
2026-07-16 14:26:42.436,13938.994693719236,23.93712504775546,27.44,31.09
2026-07-16 14:26:42.536,13929.734486936504,23.936824113739622,27.440000000000005,31.089117647058814
2026-07-16 14:26:42.636,13908.075396196084,23.936416227062693,27.439999999999998,31.079306930693075
2026-07-16 14:26:42.736,13914.078503666642,23.936316000429112,27.44,31.069411764705883
2026-07-16 14:26:42.836,13944.287802124152,23.93658961149356,27.439999999999998,31.06
2026-07-16 14:26:42.936,13944.475709422104,23.936854213774645,27.439999999999998,31.059705882352933
2026-07-16 14:26:43.036,13947.325470628566,23.937108333033326,27.44,31.049900990099
2026-07-16 14:26:43.136,13927.722708876716,23.937352649702433,27.439999999999998,31.039999999999996
2026-07-16 14:26:43.236,13921.497734227192,23.93712598199473,27.44,31.04
2026-07-16 14:26:43.336,13900.646960878425,23.936685304390544,27.439999999999998,31.03029702970296
2026-07-16 14:26:43.436,13877.081112747872,23.936359251045033,27.439999999999998,31.020490196078416
2026-07-16 14:26:43.536,13906.509504740996,23.936367722139952,27.44,31.010594059405925
2026-07-16 14:26:43.636,13984.702874983555,23.936994205506,27.439999999999998,31.01
2026-07-16 14:26:43.736,13991.020744476285,23.93762593124546,27.44,31.00088235294118
2026-07-16 14:26:43.836,13945.019115872059,23.93797744822848,27.44,30.991078431372543
2026-07-16 14:26:43.936,13928.926999670715,23.93842076528599,27.44,30.989999999999995
2026-07-16 14:26:44.036,13937.666351972583,23.938894608720858,27.44,30.98128712871286
2026-07-16 14:26:44.136,13919.300286264444,23.93910325268333,27.439999999999998,30.97147058823529
2026-07-16 14:26:44.236,13915.88730724013,23.93929980607096,27.44,30.97
2026-07-16 14:26:44.336,13942.433432129828,23.939123914334026,27.439999999999998,30.961764705882345
2026-07-16 14:26:44.436,13977.481994925107,23.939515502049282,27.44,30.951881188118797
2026-07-16 14:26:44.536,13968.926920659498,23.939848906118268,27.44801980198021,30.95
2026-07-16 14:26:44.636,13935.191302674848,23.940160151118768,27.45,30.9421568627451
2026-07-16 14:26:44.736,13914.165040565058,23.940615359904278,27.442352941176473,30.93235294117647
2026-07-16 14:26:44.836,13895.312267467272,23.94074406645751,27.440000000000005,30.922549019607843
2026-07-16 14:26:44.936,13873.94605547918,23.94011830135386,27.44,30.92
2026-07-16 14:26:45.036,13887.022087361005,23.94013523841657,27.439999999999998,30.91284313725489
2026-07-16 14:26:45.136,13883.566036737431,23.939811575145505,27.439999999999998,30.902970297029697
2026-07-16 14:26:45.236,13873.163224176713,23.939200982268737,27.439999999999998,30.89999999999999
2026-07-16 14:26:45.336,13883.29252226437,23.938697821466143,27.439999999999998,30.893235294117638
2026-07-16 14:26:45.436,13920.806444232574,23.938496013390285,27.440000000000005,30.89
2026-07-16 14:26:45.536,13852.46297249419,23.93792551445609,27.440000000000005,30.883465346534642
2026-07-16 14:26:45.636,13880.231597721688,23.93772369562654,27.44,30.873627450980393
2026-07-16 14:26:45.736,13893.911439431013,23.937852191121173,27.44,30.869999999999997
2026-07-16 14:26:45.836,13893.330491465123,23.937920540121482,27.439999999999998,30.863921568627443
2026-07-16 14:26:45.936,13912.86709647874,23.93788995904967,27.439999999999998,30.85405940594059
2026-07-16 14:26:46.036,13970.335795995747,23.938133919523583,27.445784313725497,30.85
2026-07-16 14:26:46.136,13924.803036426038,23.938364659238463,27.45,30.83871287128712
2026-07-16 14:26:46.236,13958.121622742154,23.938582833947084,27.449999999999996,30.829999999999995
2026-07-16 14:26:46.336,13972.019818723573,23.938790335244917,27.45,30.824607843137244
2026-07-16 14:26:46.436,13960.298907850525,23.938987634656872,27.449999999999996,30.81475247524751
2026-07-16 14:26:46.536,13931.765533946918,23.93881989470119,27.45,30.81
2026-07-16 14:26:46.636,13905.94058118264,23.938089749997708,27.449999999999996,30.805049504950496
2026-07-16 14:26:46.736,13939.87633592121,23.938329579145716,27.45,30.79519607843137
2026-07-16 14:26:46.836,13944.277882412713,23.93892178949118,27.45,30.79
2026-07-16 14:26:46.936,13960.54517655904,23.939527071646175,27.45,30.78544554455445
2026-07-16 14:26:47.036,13911.343473181034,23.93918904375183,27.449999999999996,30.77558823529411
2026-07-16 14:26:47.136,13855.748777031662,23.93829178905567,27.45,30.765742574257423
2026-07-16 14:26:47.236,13880.006375346544,23.937828118570035,27.449999999999996,30.759999999999998
2026-07-16 14:26:47.336,13915.563904153683,23.938123033867537,27.45,30.75603960396039
2026-07-16 14:26:47.436,13895.753290995122,23.937957797549448,27.449999999999996,30.74613861386137
2026-07-16 14:26:47.536,13895.90048085417,23.937801876171925,27.450000000000003,30.736274509803913
2026-07-16 14:26:47.636,13937.572595528276,23.937656911905187,27.449999999999996,30.729999999999997
2026-07-16 14:26:47.736,13946.616960764766,23.93752195832767,27.45,30.72656862745098
2026-07-16 14:26:47.836,13898.104473731493,23.93757518381399,27.45,30.716732673267323
2026-07-16 14:26:47.936,13910.090068640473,23.938172531348965,27.449999999999996,30.71
2026-07-16 14:26:48.036,13830.610952286954,23.93719499143331,27.449999999999996,30.70702970297029
2026-07-16 14:26:48.136,13914.4796227349,23.93657399904105,27.449999999999996,30.697128712871287
2026-07-16 14:26:48.236,13938.448743467065,23.93603257460206,27.45,30.690000000000005
2026-07-16 14:26:48.336,13905.370532680314,23.935511017877246,27.45,30.687425742574252
2026-07-16 14:26:48.436,13894.84263694512,23.93538203504425,27.450000000000003,30.67752475247524
2026-07-16 14:26:48.536,13966.889739418912,23.936215368348968,27.45,30.67
2026-07-16 14:26:48.636,13944.65198234307,23.936601509324262,27.45,30.667821782178216
2026-07-16 14:26:48.736,13941.234799146985,23.9369625076047,27.449999999999996,30.6579207920792
2026-07-16 14:26:48.836,13944.48905467309,23.93730194545892,27.45,30.648039215686268
2026-07-16 14:26:48.936,13903.346190370798,23.937162353605572,27.45,30.639999999999997
2026-07-16 14:26:49.036,13879.448048677901,23.936724919900122,27.449999999999996,30.63841584158415
2026-07-16 14:26:49.136,13968.596049703054,23.936564213668543,27.45,30.62851485148515
2026-07-16 14:26:49.236,13928.191530595996,23.936027334100903,27.45,30.619999999999997
2026-07-16 14:26:49.336,13940.053676143845,23.935931131949587,27.449999999999996,30.618811881188112
2026-07-16 14:26:49.436,13961.950438317454,23.936180897462783,27.45,30.6089108910891
2026-07-16 14:26:49.536,13935.514673802838,23.93652685561454,27.45,30.599019607843125
2026-07-16 14:26:49.636,13906.40907481379,23.937008444900435,27.45,30.589207920792074
2026-07-16 14:26:49.736,13934.752662076542,23.937667716895728,27.450000000000003,30.579313725490188
2026-07-16 14:26:49.836,13918.779431958073,23.937956568236377,27.45,30.57
2026-07-16 14:26:49.936,13897.618864927796,23.93781160539866,27.45,30.569607843137256
2026-07-16 14:26:50.036,13957.584827072375,23.938319789920612,27.45,30.55980198019801
2026-07-16 14:26:50.136,13945.237954157114,23.938226160131922,27.449999999999996,30.55
2026-07-16 14:26:50.236,13924.792640986338,23.937975775527473,27.449999999999996,30.549999999999997
2026-07-16 14:26:50.336,13966.673403247802,23.938251712022016,27.45,30.540196078431368
2026-07-16 14:26:50.436,13944.63457846561,23.938500454477044,27.449999999999996,30.53029702970296
2026-07-16 14:26:50.536,13904.535727133749,23.93832445694141,27.440490196078418,30.520490196078416
2026-07-16 14:26:50.636,13909.45473657353,23.938497823577926,27.44,30.519999999999996
2026-07-16 14:26:50.736,13889.059977591498,23.93847441468165,27.439999999999998,30.510693069306928
2026-07-16 14:26:50.836,13877.711035339009,23.93830900514253,27.44,30.500882352941165
2026-07-16 14:26:50.936,13910.750216970726,23.938352484404913,27.440000000000005,30.5
2026-07-16 14:26:51.036,13964.261334946912,23.938939797895944,27.44,30.491188118811873
2026-07-16 14:26:51.136,13899.920048821221,23.939148397271936,27.44,30.481287128712875
2026-07-16 14:26:51.236,13931.36290841454,23.939006879148085,27.439999999999998,30.48
2026-07-16 14:26:51.336,13930.225526800892,23.93908443145851,27.44,30.471584158415837
2026-07-16 14:26:51.436,13898.687905949308,23.93890681984241,27.44,30.461683168316824
2026-07-16 14:26:51.536,13882.56639223241,23.938468168479698,27.439999999999998,30.46
2026-07-16 14:26:51.636,13916.881070301379,23.93830763548116,27.439999999999998,30.451980198019797
2026-07-16 14:26:51.736,13898.61529586286,23.938157475665264,27.44,30.442156862745094
2026-07-16 14:26:51.836,13949.994935077364,23.938695337642958,27.44,30.439999999999998
2026-07-16 14:26:51.936,13953.241038589418,23.939004620241622,27.44,30.43245098039215
2026-07-16 14:26:52.036,13921.65012917334,23.939201757302214,27.439999999999998,30.42264705882352
2026-07-16 14:26:52.136,13899.124085023534,23.93938835861136,27.439999999999998,30.419999999999998
2026-07-16 14:26:52.236,13918.380909768493,23.939565002050465,27.44,30.412941176470586
2026-07-16 14:26:52.336,13943.466214737968,23.939731890967614,27.439999999999998,30.403069306930682
2026-07-16 14:26:52.436,13902.759442089055,23.939548745441876,27.439999999999998,30.4
2026-07-16 14:26:52.536,13944.54031691273,23.939631343410973,27.440000000000005,30.39336633663365
2026-07-16 14:26:52.636,13947.293341399112,23.939589156345917,27.44653465346535,30.38346534653465
2026-07-16 14:26:52.736,13920.777476398267,23.939405760268674,27.449999999999996,30.373627450980383
2026-07-16 14:26:52.836,13918.092729737496,23.939366562414765,27.449999999999996,30.369999999999997
2026-07-16 14:26:52.936,13913.687532769643,23.939861315630203,27.449999999999996,30.357843137254896
2026-07-16 14:26:53.036,13899.714321044523,23.93966523944635,27.449999999999996,30.349999999999998
2026-07-16 14:26:53.136,13895.808264753163,23.93947815952562,27.449999999999996,30.34421568627451
2026-07-16 14:26:53.236,13895.891712457662,23.939299590491856,27.45,30.334356435643564
2026-07-16 14:26:53.336,13905.351674268195,23.93927442384024,27.45,30.33
2026-07-16 14:26:53.436,13919.904611269692,23.939357880280014,27.449999999999996,30.324653465346522
2026-07-16 14:26:53.536,13916.42556703703,23.939188841096176,27.444752475247512,30.31475247524751
2026-07-16 14:26:53.636,13895.322195685148,23.939028452052902,27.44,30.309999999999995
2026-07-16 14:26:53.736,13947.851055411822,23.939432184743673,27.44,30.305098039215682
2026-07-16 14:26:53.836,13941.732680731462,23.93947188489036,27.44,30.295294117647057
2026-07-16 14:26:53.936,13899.298570084607,23.939297363184064,27.439999999999998,30.285490196078424
2026-07-16 14:26:54.036,13880.3893637299,23.93913056753202,27.439999999999998,30.28
2026-07-16 14:26:54.136,13920.375566040948,23.938971190607035,27.439999999999998,30.27574257425742
2026-07-16 14:26:54.236,13920.944535880939,23.938819676821204,27.439999999999998,30.26588235294117
2026-07-16 14:26:54.336,13939.294874491206,23.938962024356464,27.44396039603961,30.259999999999998
2026-07-16 14:26:54.436,13916.17051672378,23.938903588699162,27.449999999999996,30.256138613861374
2026-07-16 14:26:54.536,13896.608183398883,23.938593240036283,27.450000000000003,30.24627450980391
2026-07-16 14:26:54.636,13909.513584951386,23.938355487949323,27.449999999999996,30.236435643564363
2026-07-16 14:26:54.736,13937.94386849854,23.93854661704142,27.45,30.230000000000004
2026-07-16 14:26:54.836,13894.13071376785,23.938729793664095,27.45,30.227254901960784
2026-07-16 14:26:54.936,13914.150694610424,23.938603666299777,27.45,30.22
2026-07-16 14:26:55.036,13938.462071771319,23.93870529207741,27.450000000000003,30.21752475247524
2026-07-16 14:26:55.136,13958.164392931896,23.93905763112774,27.447647058823527,30.20764705882353
2026-07-16 14:26:55.236,13953.032904789492,23.93929431479396,27.44,30.19782178217821
2026-07-16 14:26:55.336,13924.695145211641,23.939251952362067,27.44,30.189999999999998
2026-07-16 14:26:55.436,13944.247731856118,23.939738559448262,27.439999999999998,30.186237623762352
2026-07-16 14:26:55.536,13942.012419336974,23.939886674784205,27.44,30.17
2026-07-16 14:26:55.636,13978.763645153162,23.94029590704137,27.44,30.168415841584164
2026-07-16 14:26:55.736,13946.549757260638,23.940344964597195,27.439999999999998,30.158529411764704
2026-07-16 14:26:55.836,13897.982893282502,23.940134892826592,27.44,30.15
2026-07-16 14:26:55.936,13900.360470489006,23.93993357355631,27.44,30.148823529411757
2026-07-16 14:26:56.036,13924.150239224631,23.93975472317252,27.44,30.13900990099009
2026-07-16 14:26:56.136,13918.618075244904,23.939900660230215,27.439999999999998,30.13
2026-07-16 14:26:56.236,13881.81207163997,23.939763915598466,27.439999999999998,30.129306930693062
2026-07-16 14:26:56.336,13912.296228179075,23.939795612844016,27.439999999999998,30.1188118811881
2026-07-16 14:26:56.436,13918.890476063265,23.93978761455557,27.440490196078446,30.1
2026-07-16 14:26:56.536,13884.489570287635,23.939697198236928,27.44970297029702,30.099702970297027
2026-07-16 14:26:56.636,13918.583130007235,23.939838340815268,27.44,30.089801980198025
2026-07-16 14:26:56.736,13896.439298162124,23.939972492500086,27.439999999999998,30.08
2026-07-16 14:26:56.836,13913.31375821135,23.93982805386137,27.439999999999998,30.08
2026-07-16 14:26:56.936,13933.818733392054,23.939869502915812,27.439999999999998,30.07029411764705
2026-07-16 14:26:57.036,13945.364860598125,23.93999894293533,27.439999999999998,30.060396039603948
2026-07-16 14:26:57.136,13939.777641684675,23.94012291790866,27.44,30.06
2026-07-16 14:26:57.236,13921.466560148456,23.94024165832544,27.439999999999998,30.050693069306924
2026-07-16 14:26:57.336,13944.278963423028,23.94035503993727,27.44,30.04079207920791
2026-07-16 14:26:57.436,13942.96519422413,23.94073671633575,27.44,30.039999999999996
2026-07-16 14:26:57.536,13943.104340086618,23.940909222121114,27.44,30.031089108910876
2026-07-16 14:26:57.636,13933.741029187438,23.941002845817188,27.44,30.021274509803924
2026-07-16 14:26:57.736,13930.070424881294,23.94119903977041,27.44,30.019999999999996
2026-07-16 14:26:57.836,13946.400767780542,23.94152338551867,27.439999999999998,30.011568627450977
2026-07-16 14:26:57.936,13942.983224811118,23.941598274002104,27.44,30.001683168316827
2026-07-16 14:26:58.036,13923.276038132846,23.941668738642086,27.44,30.0
2026-07-16 14:26:58.136,13920.95610291038,23.941735846781548,27.439999999999998,29.99196078431372
2026-07-16 14:26:58.236,13922.546564486285,23.941799795469535,27.44,29.99
2026-07-16 14:26:58.336,13914.005700263682,23.941749863051754,27.439999999999998,29.982254901960776
2026-07-16 14:26:58.436,13896.586245688293,23.94160006822166,27.439999999999998,29.97237623762375
2026-07-16 14:26:58.536,13897.985607355637,23.94167460348897,27.439999999999998,29.97
2026-07-16 14:26:58.636,13937.82211049886,23.942010039139426,27.44,29.96264705882353
2026-07-16 14:26:58.736,13927.084175688582,23.94210923570709,27.439999999999998,29.952772277227723
2026-07-16 14:26:58.836,13881.03694200422,23.941808614371247,27.44,29.942941176470583
2026-07-16 14:26:58.936,13867.564533086355,23.941441577504577,27.439999999999998,29.939999999999998
2026-07-16 14:26:59.036,13903.129828845282,23.94130451237397,27.439999999999998,29.933168316831676
2026-07-16 14:26:59.136,13919.442459162032,23.94138432696746,27.439999999999998,29.923333333333332
2026-07-16 14:26:59.236,13923.425007962884,23.941459906997544,27.44,29.92
2026-07-16 14:26:59.336,13907.135968670702,23.941287784355445,27.446372549019614,29.913627450980385
2026-07-16 14:26:59.436,13939.226225635244,23.941475376720476,27.45,29.903762376237612
2026-07-16 14:26:59.536,13946.459916189315,23.941691267986837,27.449999999999996,29.9
2026-07-16 14:26:59.636,13907.347198483338,23.94167156835604,27.450000000000003,29.89401960784314
2026-07-16 14:26:59.736,13880.39432111794,23.941488567910678,27.45,29.884158415841586
2026-07-16 14:26:59.836,13921.548231958917,23.941561334718475,27.45,29.874257425742574
2026-07-16 14:26:59.936,13960.95084707806,23.941630265010673,27.449999999999996,29.864411764705878
2026-07-16 14:27:00.036,13970.993886986358,23.941900076520042,27.449999999999996,29.859999999999996
2026-07-16 14:27:00.136,13948.426544025686,23.942085779432027,27.45,29.854705882352942
2026-07-16 14:27:00.236,13928.308581348358,23.94223816605093,27.449999999999996,29.84485148514851
2026-07-16 14:27:00.336,13947.488259111624,23.942569266407887,27.449999999999996,29.839999999999996
2026-07-16 14:27:00.436,13971.442589905584,23.94289896308911,27.449999999999996,29.835148514851475
2026-07-16 14:27:00.536,13907.449750601567,23.9429375184177,27.449999999999996,29.82529411764704
2026-07-16 14:27:00.636,13894.348149828129,23.94274620166326,27.45,29.82
2026-07-16 14:27:00.736,13921.796500866016,23.942663908569276,27.45,29.815588235294115
2026-07-16 14:27:00.836,13933.09539313579,23.942590212482727,27.45,29.805742574257422
2026-07-16 14:27:00.936,13912.134498050118,23.942525597630897,27.449999999999996,29.799999999999997
2026-07-16 14:27:01.036,13963.670281753328,23.943144349845426,27.45,29.796039603960388
2026-07-16 14:27:01.136,13943.25004707143,23.943790138043536,27.449999999999996,29.786138613861386
2026-07-16 14:27:01.236,13897.558556265583,23.94335691187736,27.449999999999996,29.78
2026-07-16 14:27:01.336,13901.395189813224,23.943357298735492,27.450000000000003,29.776435643564348
2026-07-16 14:27:01.436,13910.96992077057,23.943577133311663,27.45,29.766534653465342
2026-07-16 14:27:01.536,13909.306252260301,23.94376216686819,27.446666666666655,29.756666666666653
2026-07-16 14:27:01.636,13967.584175699147,23.944423546105625,27.439999999999998,29.75
2026-07-16 14:27:01.736,13948.194151156848,23.9444014721969,27.44,29.746930693069302
2026-07-16 14:27:01.836,13945.643857731822,23.94468986465389,27.440000000000005,29.73705882352941
2026-07-16 14:27:01.936,13948.733742848133,23.944774024785026,27.439999999999998,29.727227722772273
2026-07-16 14:27:02.036,13926.216376217086,23.944907719838703,27.439999999999998,29.719999999999995
2026-07-16 14:27:02.136,13878.681651123828,23.94501373204207,27.439999999999998,29.717524752475246
2026-07-16 14:27:02.236,13855.387037204533,23.944664146146494,27.439999999999998,29.707623762376237
2026-07-16 14:27:02.336,13967.060215836835,23.944634021092227,27.44,29.697745098039213
2026-07-16 14:27:02.436,13900.747173865522,23.94430180934111,27.44,29.69
2026-07-16 14:27:02.536,13931.587640715212,23.94469217537739,27.439999999999998,29.68607843137253
2026-07-16 14:27:02.636,13922.31280077554,23.944987524318414,27.44,29.66821782178218
2026-07-16 14:27:02.736,13890.247124774407,23.945064449679723,27.44,29.659999999999997
2026-07-16 14:27:02.836,13944.902055417886,23.94537615460092,27.439999999999998,29.65843137254901
2026-07-16 14:27:02.936,13921.61814127414,23.945677280152243,27.44,29.65
2026-07-16 14:27:03.036,13921.073884187597,23.945624058021743,27.44,29.648725490196064
2026-07-16 14:27:03.136,13891.396377757716,23.945299689198478,27.440000000000005,29.63891089108911
2026-07-16 14:27:03.236,13909.700562098318,23.945101570394623,27.439999999999998,29.629019607843137
2026-07-16 14:27:03.336,13954.668220816673,23.945317436765148,27.439999999999998,29.619207920792075
2026-07-16 14:27:03.436,13974.960461323371,23.945957319015033,27.440693069306935,29.609999999999996
2026-07-16 14:27:03.536,13996.377465033376,23.946602963530772,27.45,29.60941176470587
2026-07-16 14:27:03.636,13869.767738176108,23.946120253381032,27.449999999999996,29.599999999999998
2026-07-16 14:27:03.736,13896.635688523087,23.9459566478997,27.450000000000003,29.599814814814813
2026-07-16 14:27:03.836,13909.250997533913,23.94587210449405,27.450000000000003,29.593641975308643
2026-07-16 14:27:03.936,13898.864955314159,23.94579309417881,27.450000000000003,29.58746913580247
2026-07-16 14:27:04.036,13907.505573467914,23.945802521628853,27.450000000000003,29.581296296296294
2026-07-16 14:27:04.136,13941.453062515584,23.946051764711505,27.450000000000003,29.575123456790127
2026-07-16 14:27:04.236,13924.178930214193,23.94562525399335,27.450000000000003,29.568950617283953
2026-07-16 14:27:04.336,13940.340804372507,23.945815914114796,27.45,29.562777777777782
2026-07-16 14:27:04.436,13931.911701860345,23.94634189283869,27.450000000000003,29.556604938271605
2026-07-16 14:27:04.536,13889.909651752165,23.946451807551213,27.450000000000003,29.550432098765434
2026-07-16 14:27:04.636,13880.766848300136,23.946296629383923,27.45,29.54079207920792
2026-07-16 14:27:04.736,13990.545365434662,23.946907411890855,27.449999999999996,29.53089108910891
2026-07-16 14:27:04.836,13931.219907718285,23.946776080625714,27.45,29.53
2026-07-16 14:27:04.936,13956.548586954956,23.94736319985971,27.449999999999996,29.521188118811875
2026-07-16 14:27:05.036,13967.914543396726,23.94802679223856,27.45,29.511287128712866
2026-07-16 14:27:05.136,13947.851582077796,23.94846250520644,27.449999999999996,29.501470588235293
2026-07-16 14:27:05.236,13921.839379800815,23.9484127410916,27.45,29.5
2026-07-16 14:27:05.336,13927.253699557725,23.94797037236844,27.45,29.491683168316825
2026-07-16 14:27:05.436,13943.496345743912,23.948645884262323,27.45,29.481862745098027
2026-07-16 14:27:05.536,13886.878791940388,23.948471265607953,27.449999999999996,29.4720588235294
2026-07-16 14:27:05.636,13962.219794469678,23.9492331153173,27.45,29.47
2026-07-16 14:27:05.736,13945.21224614964,23.949547761093307,27.442352941176473,29.462352941176473
2026-07-16 14:27:05.836,13892.349742985334,23.949437183806854,27.440000000000005,29.452549019607837
2026-07-16 14:27:05.936,13940.010634323166,23.94962509922544,27.439999999999998,29.442745098039207
2026-07-16 14:27:06.036,13893.442736029107,23.94979930338435,27.439999999999998,29.440000000000005
2026-07-16 14:27:06.136,13911.500940612324,23.950381072546012,27.439999999999998,29.432970297029698
2026-07-16 14:27:06.236,13902.500037225105,23.950256287942416,27.44,29.423137254901953
2026-07-16 14:27:06.336,13946.555623204109,23.95048437831184,27.440000000000005,29.413267326732665
2026-07-16 14:27:06.436,13952.250489693888,23.950687501122786,27.440000000000005,29.41
2026-07-16 14:27:06.536,13881.835618001682,23.95037014581818,27.44061338289963,29.405092936802966
2026-07-16 14:27:06.636,13922.959254529153,23.95007039250474,27.44154275092937,29.39765799256505
2026-07-16 14:27:06.736,13852.540483492665,23.949790498163928,27.442472118959106,29.39022304832713
2026-07-16 14:27:06.836,13930.385167053577,23.950232992957055,27.443401486988847,29.38278810408921
2026-07-16 14:27:06.936,13955.581460024097,23.950800085881383,27.444330855018592,29.37535315985129
2026-07-16 14:27:07.036,13945.767325085213,23.951351475269156,27.44526022304833,29.367918215613372
2026-07-16 14:27:07.136,13934.172793745645,23.951766795538354,27.446189591078067,29.360483271375458
2026-07-16 14:27:07.236,13897.737612427803,23.951840495665426,27.447118959107804,29.35304832713754
2026-07-16 14:27:07.336,13943.170005701671,23.95190753902591,27.44804832713755,29.34561338289962
2026-07-16 14:27:07.436,13924.295554496155,23.95232853058222,27.448977695167287,29.338178438661696
2026-07-16 14:27:07.536,13935.66417465615,23.95249703612439,27.449907063197024,29.33074349442378
2026-07-16 14:27:07.636,13970.109010629103,23.952928363633056,27.449999999999996,29.321176470588227
2026-07-16 14:27:07.736,13983.877125181125,23.953489754522675,27.450000000000003,29.31137254901961
2026-07-16 14:27:07.836,13939.46487978851,23.953482903689117,27.449999999999996,29.309999999999995
2026-07-16 14:27:07.936,13899.723176579677,23.95347665636416,27.44168316831683,29.301683168316828
2026-07-16 14:27:08.036,13894.307650667104,23.953470957728783,27.448137254901972,29.291862745098026
2026-07-16 14:27:08.136,13907.486675546192,23.95373333153986,27.449999999999996,29.281980198019795
2026-07-16 14:27:08.236,13898.637145217119,23.953486460558604,27.442156862745094,29.28
2026-07-16 14:27:08.336,13890.744040182315,23.9530120344987,27.44,29.272277227722764
2026-07-16 14:27:08.436,13913.53135338203,23.952963636820584,27.44,29.269999999999996
2026-07-16 14:27:08.536,13874.80992716251,23.952603696464433,27.44,29.262788461538452
2026-07-16 14:27:08.636,13934.353782480637,23.952988574219148,27.439999999999998,29.253039215686265
2026-07-16 14:27:08.736,13850.338118720385,23.952197811946643,27.439999999999998,29.24316831683167
2026-07-16 14:27:08.836,13895.93706010863,23.952533711849522,27.440000000000005,29.240000000000002
2026-07-16 14:27:08.936,13976.608799497884,23.95352472584501,27.44,29.23346534653465
2026-07-16 14:27:09.036,13940.373023504817,23.953891753975235,27.44,29.223627450980384
2026-07-16 14:27:09.136,13925.01690831499,23.953880760464383,27.44,29.22
2026-07-16 14:27:09.236,13942.23814756652,23.954747132151688,27.44,29.213960396039596
2026-07-16 14:27:09.336,13948.813674563076,23.954445325745205,27.439999999999998,29.204117647058816
2026-07-16 14:27:09.436,13922.489718291123,23.953919083677754,27.440000000000005,29.200000000000003
2026-07-16 14:27:09.536,13925.090257313881,23.953836585363405,27.439999999999998,29.19445544554455
2026-07-16 14:27:09.636,13953.895433232952,23.9541663007852,27.439999999999998,29.184607843137258
2026-07-16 14:27:09.736,13898.849394501322,23.954096720476365,27.439999999999998,29.18
2026-07-16 14:27:09.836,13971.571618421342,23.953614521848415,27.439999999999998,29.1749504950495
2026-07-16 14:27:09.936,13848.722246612966,23.9527725464025,27.44,29.17
2026-07-16 14:27:10.036,13840.844173720832,23.95219554412573,27.439999999999998,29.165247524752463
2026-07-16 14:27:10.136,13902.108154166617,23.952238559710157,27.439999999999998,29.15539215686274
2026-07-16 14:27:10.236,13938.327820382878,23.952903610354177,27.439999999999998,29.145544554455434
2026-07-16 14:27:10.336,13917.127260784178,23.953769789668698,27.44,29.135686274509798
2026-07-16 14:27:10.436,13945.327973076643,23.95374698944668,27.439999999999998,29.129999999999995
2026-07-16 14:27:10.536,13968.07357647002,23.954153925785707,27.439999999999998,29.12603960396039
2026-07-16 14:27:10.636,13954.87818703899,23.954915975703408,27.44,29.116176470588236
2026-07-16 14:27:10.736,13925.043007831995,23.955013120444068,27.439999999999998,29.11
2026-07-16 14:27:10.836,13922.959903311565,23.954772474419705,27.44,29.10653465346534
2026-07-16 14:27:10.936,13971.215251477237,23.955115592382747,27.440000000000005,29.096666666666664
2026-07-16 14:27:11.036,13974.068537463963,23.955024400396077,27.439999999999998,29.08683168316831
2026-07-16 14:27:11.136,13954.990728189481,23.95494239057032,27.439999999999998,29.079999999999995
2026-07-16 14:27:11.236,13915.850567934984,23.954867050149574,27.439999999999998,29.077156862745095
2026-07-16 14:27:11.336,13873.874432229808,23.95455513992411,27.439999999999998,29.06732673267326
2026-07-16 14:27:11.436,13874.824036923586,23.954241837010898,27.439999999999998,29.059999999999995
2026-07-16 14:27:11.536,13918.451547191395,23.95412179127671,27.44,29.057623762376227
2026-07-16 14:27:11.636,13873.135164729725,23.953682068433515,27.44,29.04774509803921
2026-07-16 14:27:11.736,13870.40001247444,23.95366708330113,27.4420792079208,29.04
2026-07-16 14:27:11.836,13909.124998824389,23.953336075858825,27.45,29.036078431372534
2026-07-16 14:27:11.936,13887.822925839833,23.952703462778388,27.45,29.02
2026-07-16 14:27:12.036,13887.639265405445,23.95246521725044,27.449999999999996,29.01841584158415
2026-07-16 14:27:12.136,13949.146316749926,23.952923164989436,27.449999999999996,29.00852941176471
2026-07-16 14:27:12.236,13943.87299527595,23.953364928902726,27.45,28.998712871287125
2026-07-16 14:27:12.336,13946.722106890564,23.95378689933976,27.45,28.99
2026-07-16 14:27:12.436,13982.78394180675,23.954554188628798,27.45,28.989009900990087
2026-07-16 14:27:12.536,13954.398572975908,23.954781290613134,27.45,28.979117647058814
2026-07-16 14:27:12.636,13924.779012643126,23.954511428681435,27.449999999999996,28.969999999999995
2026-07-16 14:27:12.736,13917.765030003964,23.95390817989142,27.45,28.969504950495047
2026-07-16 14:27:12.836,13881.230649045554,23.953019194085048,27.45,28.959607843137253
2026-07-16 14:27:12.936,13905.66443767001,23.952129509101262,27.45,28.949999999999996
2026-07-16 14:27:13.036,13979.823912027936,23.952533219049712,27.45,28.949901960784306
2026-07-16 14:27:13.136,13954.132080847412,23.95305373515568,27.45,28.940098039215684
2026-07-16 14:27:13.236,13902.677809761222,23.953050628870635,27.45,28.94
2026-07-16 14:27:13.336,13889.854460558336,23.952898161257963,27.449999999999996,28.930392156862737
2026-07-16 14:27:13.436,13916.32058581323,23.95340076792863,27.449999999999996,28.92049504950494
2026-07-16 14:27:13.536,13894.178532131997,23.95387696167,27.45,28.9106862745098
2026-07-16 14:27:13.636,13920.904906332842,23.95387510310617,27.449999999999996,28.909999999999997
2026-07-16 14:27:13.736,13958.215110814848,23.95418873728618,27.45,28.901078431372543
2026-07-16 14:27:13.836,14020.736537143315,23.955351596789473,27.449999999999996,28.891188118811876
2026-07-16 14:27:13.936,14055.168274113348,23.95675728823411,27.45,28.89
2026-07-16 14:27:14.036,13998.327723847477,23.95732183316488,27.449999999999996,28.881470588235278
2026-07-16 14:27:14.136,13874.167662539245,23.956564122082394,27.45,28.87166666666667
2026-07-16 14:27:14.236,13898.035544908094,23.956377644986627,27.449999999999996,28.87
2026-07-16 14:27:14.336,13953.146626046031,23.9566202829828,27.449999999999996,28.861960784313723
2026-07-16 14:27:14.436,13950.575216856087,23.956950057923713,27.450000000000003,28.852079207920788
2026-07-16 14:27:14.536,13941.279912891781,23.957662228680388,27.449999999999996,28.842254901960775
2026-07-16 14:27:14.636,13962.855116085502,23.958569431391805,27.45,28.83237623762376
2026-07-16 14:27:14.736,13924.443101540393,23.95827797857597,27.442549019607842,28.83
2026-07-16 14:27:14.836,13898.879985061096,23.958013623008103,27.44,28.822673267326724
2026-07-16 14:27:14.936,13860.842209384185,23.95818379769983,27.44,28.812772277227715
2026-07-16 14:27:15.036,13875.924686176299,23.958418810342867,27.439999999999998,28.802941176470576
2026-07-16 14:27:15.136,13920.236802423855,23.95842402315118,27.439999999999998,28.793069306930683
2026-07-16 14:27:15.236,13961.911464763056,23.958542070993346,27.44,28.78323529411765
2026-07-16 14:27:15.336,13990.596225573316,23.95961576915144,27.439999999999998,28.78
2026-07-16 14:27:15.436,13948.499502064884,23.960263271473526,27.439999999999998,28.7735294117647
2026-07-16 14:27:15.536,13913.372255032944,23.96001374730431,27.439999999999998,28.763663366336623
2026-07-16 14:27:15.636,13869.32368122512,23.959672750899898,27.44,28.76
2026-07-16 14:27:15.736,13890.238737070147,23.959591953989296,27.44,28.7539603960396
2026-07-16 14:27:15.836,13957.190991391857,23.959893538713796,27.439999999999998,28.744059405940586
2026-07-16 14:27:15.936,13974.960006729943,23.96054795923241,27.44,28.74
2026-07-16 14:27:16.036,13969.348298948544,23.961582551145828,27.44,28.73435643564355
2026-07-16 14:27:16.136,13914.097531059308,23.961250481705143,27.439999999999998,28.73
2026-07-16 14:27:16.236,13915.855939617266,23.960844708283094,27.44,28.724607843137253
2026-07-16 14:27:16.336,13900.098698619651,23.960725777327923,27.44,28.714752475247522
2026-07-16 14:27:16.436,13879.021992538277,23.960829565980863,27.439999999999998,28.71
2026-07-16 14:27:16.536,13910.566017895828,23.960998472402423,27.439999999999998,28.70499999999999
2026-07-16 14:27:16.636,13974.274137604834,23.961521160713794,27.439999999999998,28.699999999999996
2026-07-16 14:27:16.736,13954.455317525624,23.961590665950766,27.44,28.69529411764706
2026-07-16 14:27:16.836,13934.642458193006,23.961645492754045,27.44,28.68544554455445
2026-07-16 14:27:16.936,13900.035658763656,23.96145628555464,27.44,28.675588235294107
2026-07-16 14:27:17.036,13888.334559568884,23.96159796763997,27.439999999999998,28.665742574257415
2026-07-16 14:27:17.136,13924.112589547154,23.962287157783724,27.440000000000005,28.659999999999997
2026-07-16 14:27:17.236,13953.384776194296,23.9623017956657,27.440000000000005,28.655980392156856
2026-07-16 14:27:17.336,13929.988448088156,23.96191502656553,27.440000000000005,28.646249999999995
2026-07-16 14:27:17.436,13923.290076801433,23.961884334279866,27.44,28.63653465346534
2026-07-16 14:27:17.536,13925.74134761958,23.961923343527147,27.44,28.629999999999995
2026-07-16 14:27:17.636,13908.665866362488,23.961791026364192,27.439999999999998,28.626831683168312
2026-07-16 14:27:17.736,13891.32561267753,23.96164848727784,27.44,28.616960784313726
2026-07-16 14:27:17.836,13949.351769842498,23.962074454480693,27.439999999999998,28.607128712871287
2026-07-16 14:27:17.936,13950.491548950307,23.962487595853663,27.44,28.6
2026-07-16 14:27:18.036,13915.053538051918,23.961870613767697,27.44,28.597425742574252
2026-07-16 14:27:18.136,13859.823419585948,23.96110365419407,27.44,28.58754901960784
2026-07-16 14:27:18.236,13887.533923766794,23.961186672142865,27.44,28.577722772277223
2026-07-16 14:27:18.336,13965.465890275316,23.961868065388593,27.439999999999998,28.569999999999997
2026-07-16 14:27:18.436,13944.784732083333,23.96186524842181,27.44,28.568019801980185
2026-07-16 14:27:18.536,13905.493121859525,23.961470054609876,27.440000000000005,28.558155339805815
2026-07-16 14:27:18.636,13935.460734095077,23.961896715210226,27.44,28.548415841584163
2026-07-16 14:27:18.736,13961.350403395116,23.962377784134276,27.44147058823529,28.54
2026-07-16 14:27:18.836,13960.640316528348,23.963077003866317,27.45,28.53871287128712
2026-07-16 14:27:18.936,13933.304541237314,23.963645052543047,27.449999999999996,28.529999999999998
2026-07-16 14:27:19.036,13912.563222681609,23.963672843101346,27.449999999999996,28.52892156862744
2026-07-16 14:27:19.136,13998.986833219027,23.964077049035225,27.449108910891084,28.519108910891084
2026-07-16 14:27:19.236,13967.915185669335,23.9636097919599,27.439999999999998,28.50921568627451
2026-07-16 14:27:19.336,13932.868015046082,23.964157384740325,27.44059405940595,28.5
2026-07-16 14:27:19.436,13922.46255250194,23.96446536187564,27.449504950495037,28.499504950495037
2026-07-16 14:27:19.536,13995.30123162987,23.9657699474565,27.440000000000005,28.490000000000002
2026-07-16 14:27:19.636,14146.569791569156,23.970023712328526,27.440198019801976,28.489801980198024
2026-07-16 14:27:19.736,14202.935066992957,23.97747708374782,27.45,28.479901960784318
2026-07-16 14:27:19.836,14234.711700837735,23.989786152371554,27.45,28.47009803921568
2026-07-16 14:27:19.936,14217.6997058088,24.005258190362095,27.45,28.460198019801975
2026-07-16 14:27:20.036,14216.148979468511,24.020129426889433,27.449999999999996,28.46
2026-07-16 14:27:20.136,14232.389981710166,24.035016928933622,27.45,28.450495049504948
2026-07-16 14:27:20.236,14257.104302046022,24.050198153030284,27.45,28.44059405940594
2026-07-16 14:27:20.336,14291.827458552745,24.06270008462911,27.45,28.430784313725482
2026-07-16 14:27:20.436,14190.311979113167,24.06789434423375,27.45,28.420980392156853
2026-07-16 14:27:20.536,14230.214434904297,24.073059142309923,27.45,28.411089108910875
2026-07-16 14:27:20.636,14130.170729887934,24.077181529666554,27.45,28.410000000000004
2026-07-16 14:27:20.736,13993.536226374177,24.081038754720147,27.449999999999996,28.40138613861386
2026-07-16 14:27:20.836,13911.636204105356,24.084453503937816,27.449999999999996,28.391568627450976
2026-07-16 14:27:20.936,13857.734070815333,24.086214095384545,27.45,28.39
2026-07-16 14:27:21.036,13877.655705866086,24.088741047100896,27.45,28.381862745098026
2026-07-16 14:27:21.136,13920.159837788575,24.09078206485311,27.449999999999996,28.3719801980198
2026-07-16 14:27:21.236,13899.6165042088,24.092477235315542,27.450000000000003,28.369999999999997
2026-07-16 14:27:21.336,13867.933497340531,24.093324095726395,27.450000000000003,28.362277227722764
2026-07-16 14:27:21.436,13871.487001583195,24.093494125207357,27.44237623762375,28.35237623762375
2026-07-16 14:27:21.536,13903.369948834388,24.093389284323504,27.44,28.35
2026-07-16 14:27:21.636,13843.419141443126,24.091797993320604,27.439999999999998,28.342673267326738
2026-07-16 14:27:21.736,13873.704542713822,24.091987919255732,27.439999999999998,28.332843137254898
2026-07-16 14:27:21.836,13850.472956665477,24.091648145217675,27.439999999999998,28.3229702970297
2026-07-16 14:27:21.936,13857.167279154339,24.09156940398853,27.44,28.319999999999997
2026-07-16 14:27:22.036,13897.268471448127,24.09260350591282,27.440000000000005,28.313267326732664
2026-07-16 14:27:22.136,13879.12380282949,24.093086876567142,27.44,28.303431372549017
2026-07-16 14:27:22.236,13630.052759792086,24.085665984605434,27.44,28.299999999999997
2026-07-16 14:27:22.336,13745.681087329818,24.082540056067675,27.44,28.29372549019608
2026-07-16 14:27:22.436,13797.4758098778,24.08056035899638,27.44,28.28386138613861
2026-07-16 14:27:22.536,13836.840183979366,24.080271547344438,27.44,28.28
2026-07-16 14:27:22.636,13895.234961125374,24.081596960923143,27.439999999999998,28.274117647058823
2026-07-16 14:27:22.736,13952.492509037711,24.084069252724202,27.439999999999998,28.264313725490194
2026-07-16 14:27:22.836,13930.409661728674,24.087026909548186,27.439999999999998,28.259999999999998
2026-07-16 14:27:22.936,13935.524878759701,24.088818352442456,27.439999999999998,28.254554455445536
2026-07-16 14:27:23.036,13895.747551137692,24.089581291408873,27.439999999999998,28.244705882352932
2026-07-16 14:27:23.136,13838.793830416205,24.090088903008308,27.439999999999998,28.239999999999995
2026-07-16 14:27:23.236,13939.642615372235,24.09052038357421,27.439999999999998,28.234950495049496
2026-07-16 14:27:23.336,14110.783375488158,24.090890092797792,27.44,28.22509803921568
2026-07-16 14:27:23.436,13985.575909282172,24.091151005689895,27.439999999999998,28.215247524752463
2026-07-16 14:27:23.536,13947.398868397908,24.090732153342003,27.44,28.21
2026-07-16 14:27:23.636,13920.264024821756,24.090950332390392,27.439999999999998,28.205544554455447
2026-07-16 14:27:23.736,13895.078563827592,24.091661157038118,27.439999999999998,28.195686274509804
2026-07-16 14:27:23.836,13881.785950197642,24.092833884903065,27.440000000000005,28.185841584158414
2026-07-16 14:27:23.936,13886.831329674787,24.094260698552024,27.440000000000005,28.17598039215686
2026-07-16 14:27:24.036,13904.719585049692,24.09555026735735,27.44386138613862,28.17
2026-07-16 14:27:24.136,13905.748653400464,24.09618264060287,27.45,28.166237623762377
2026-07-16 14:27:24.236,13876.804572816261,24.095531752076347,27.449999999999996,28.1563725490196
2026-07-16 14:27:24.336,13880.570534196511,24.095319852425664,27.45,28.15
2026-07-16 14:27:24.436,13877.593564059875,24.094964933807187,27.449999999999996,28.146633663366323
2026-07-16 14:27:24.536,13865.638918798764,24.09415966292662,27.45,28.14
2026-07-16 14:27:24.636,13860.38986753552,24.093026232779664,27.449999999999996,28.13693069306931
2026-07-16 14:27:24.736,13838.195732614418,24.091935447449806,27.45,28.12705882352941
2026-07-16 14:27:24.836,13840.115635797334,24.091510485015398,27.449999999999996,28.12
2026-07-16 14:27:24.936,13821.796978719743,24.09113451722694,27.449999999999996,28.117352941176463
2026-07-16 14:27:25.036,13801.322602952412,24.090450065568845,27.450000000000003,28.107524752475236
2026-07-16 14:27:25.136,13799.552123387572,24.089574854526816,27.45,28.1
2026-07-16 14:27:25.236,13825.744042151084,24.088743232011012,27.45,28.097745098039212
2026-07-16 14:27:25.336,13864.500694835875,24.087941650363156,27.449999999999996,28.0879207920792
2026-07-16 14:27:25.436,13823.483793495046,24.086627807560603,27.449999999999996,28.07803921568626
2026-07-16 14:27:25.536,13820.486806754583,24.08483758849379,27.45,28.068217821782163
2026-07-16 14:27:25.636,13871.208543229235,24.08423018781215,27.45,28.05831683168316
2026-07-16 14:27:25.736,13915.248996927408,24.084322002154863,27.449999999999996,28.05
2026-07-16 14:27:25.836,13907.574227923786,24.08425216861893,27.45,28.04862745098039
2026-07-16 14:27:25.936,13867.12716799794,24.083752078888864,27.449999999999996,28.038811881188114
2026-07-16 14:27:26.036,13869.958392274857,24.08329568893201,27.449999999999996,28.02892156862744
2026-07-16 14:27:26.136,13887.247474922966,24.082876776444266,27.449999999999996,28.02
2026-07-16 14:27:26.236,13892.860981248463,24.082489461823773,27.45,28.019215686274507
2026-07-16 14:27:26.336,13922.663757161792,24.082902719703654,27.45,28.00940594059405
2026-07-16 14:27:26.436,13952.712181089593,24.083606408761394,27.449999999999996,27.999504950495037
2026-07-16 14:27:26.536,13928.188585139247,24.083350932436595,27.45,27.99
2026-07-16 14:27:26.636,14014.773554458072,24.084550950027804,27.45,27.98980392156863
2026-07-16 14:27:26.736,13869.400006510828,24.08312423062378,27.45,27.98
2026-07-16 14:27:26.836,13866.409402492642,24.08282211616035,27.449999999999996,27.970099009900984
2026-07-16 14:27:26.936,13914.259424792841,24.083302462193355,27.45,27.97
2026-07-16 14:27:27.036,13947.100584741027,24.08421385849156,27.45,27.96039603960395
2026-07-16 14:27:27.136,13953.54881193938,24.085171734477285,27.45,27.95049504950495
2026-07-16 14:27:27.236,13900.998899287788,24.08459030748721,27.449999999999996,27.940686274509794
2026-07-16 14:27:27.336,13954.634424283902,24.085759957883667,27.45,27.94
2026-07-16 14:27:27.436,13899.396829801415,24.08647478974481,27.45,27.9308910891089
2026-07-16 14:27:27.536,13890.666751121997,24.086668081558273,27.449999999999996,27.921078431372536
2026-07-16 14:27:27.636,13893.247419377276,24.086600480306554,27.45,27.92
2026-07-16 14:27:27.736,13863.13071022516,24.08654023794187,27.45,27.911862745098038
2026-07-16 14:27:27.836,13968.20308702502,24.086486268657904,27.449999999999996,27.902058823529405
2026-07-16 14:27:27.936,13908.719505973726,24.08643863550833,27.449999999999996,27.899999999999995
2026-07-16 14:27:28.036,13894.977222884265,24.086772124809542,27.45,27.89237623762375
2026-07-16 14:27:28.136,13866.251338464876,24.086884214196225,27.45,27.88254901960784
2026-07-16 14:27:28.236,13871.130864909068,24.086821012416536,27.45,27.88
2026-07-16 14:27:28.336,13899.760668477556,24.086658337832077,27.45,27.872772277227714
2026-07-16 14:27:28.436,13820.031667290383,24.086183960061422,27.45,27.862941176470585
2026-07-16 14:27:28.536,13840.442902078774,24.085729312758602,27.449999999999996,27.859999999999996
2026-07-16 14:27:28.636,13883.602986167169,24.085664718537792,27.449999999999996,27.853300970873786
2026-07-16 14:27:28.736,13898.016190760023,24.08566078875242,27.449999999999996,27.843529411764703
2026-07-16 14:27:28.836,13896.60713406694,24.085657176189407,27.449999999999996,27.839999999999996
2026-07-16 14:27:28.936,13890.230848522911,24.08554572900927,27.443823529411763,27.83382352941176
2026-07-16 14:27:29.036,13875.811939844218,24.08524944487968,27.44,27.8239603960396
2026-07-16 14:27:29.136,13890.248967948437,24.0856291032679,27.439999999999998,27.82
2026-07-16 14:27:29.236,13896.55912067059,24.085659951656734,27.439999999999998,27.814257425742575
2026-07-16 14:27:29.336,13911.335256635466,24.085910168686347,27.44,27.804356435643562
2026-07-16 14:27:29.436,13940.704830638104,24.08644457805815,27.44,27.794509803921564
2026-07-16 14:27:29.536,13959.96703305878,24.087017377741343,27.439999999999998,27.79
2026-07-16 14:27:29.636,13940.308298171409,24.087337872615578,27.439999999999998,27.784854368932038
2026-07-16 14:27:29.736,13922.188995807513,24.087644712434265,27.439999999999998,27.775049504950484
2026-07-16 14:27:29.836,13920.82629232385,24.08793646975941,27.44,27.765148514851475
2026-07-16 14:27:29.936,13904.912868990212,24.087930541621702,27.44,27.76
2026-07-16 14:27:30.036,13919.910663452582,24.088044029703156,27.44,27.75544554455445
2026-07-16 14:27:30.136,13928.984295540151,24.088310072682784,27.439999999999998,27.74554455445545
2026-07-16 14:27:30.236,13897.901732994984,24.08856500588563,27.439999999999998,27.739999999999995
2026-07-16 14:27:30.336,13920.671964982208,24.088809041464,27.440000000000005,27.735841584158415
2026-07-16 14:27:30.436,13881.256612740424,24.088685654461425,27.439999999999998,27.7259405940594
2026-07-16 14:27:30.536,13867.02739864001,24.08884831467588,27.44392156862746,27.72
2026-07-16 14:27:30.636,13880.302853329911,24.08907173122799,27.45,27.71247524752475
2026-07-16 14:27:30.736,13894.872139509991,24.08928576077888,27.449999999999996,27.7
2026-07-16 14:27:30.836,13888.987196779,24.089411542692797,27.45,27.696534653465335
2026-07-16 14:27:30.936,13872.220407396886,24.089285600223715,27.449999999999996,27.686633663366322
2026-07-16 14:27:31.036,13916.226667081502,24.089484295056746,27.45,27.680000000000003
2026-07-16 14:27:31.136,13888.108509701877,24.08939495175678,27.449999999999996,27.67693069306931
2026-07-16 14:27:31.236,13898.202638867297,24.08969161222427,27.449999999999996,27.6670297029703
2026-07-16 14:27:31.336,13926.681100883161,24.090374098340355,27.449999999999996,27.657156862745094
2026-07-16 14:27:31.436,13941.046431773908,24.091146055645364,27.44732673267326,27.649999999999995
2026-07-16 14:27:31.536,13937.539944027725,24.091640879242185,27.439999999999998,27.647450980392144
2026-07-16 14:27:31.636,13897.684048447434,24.09177277967371,27.439999999999998,27.637623762376236
2026-07-16 14:27:31.736,13930.335402123437,24.092572226929292,27.44,27.629999999999995
2026-07-16 14:27:31.836,13927.539129488256,24.093178645756204,27.44,27.6279207920792
2026-07-16 14:27:31.936,13909.60011551256,24.09324218836891,27.439999999999998,27.61607843137253
2026-07-16 14:27:32.036,13910.38181981361,24.09330245132433,27.439999999999998,27.6
2026-07-16 14:27:32.136,13937.356368253057,24.094090512458347,27.44,27.598316831683164
2026-07-16 14:27:32.236,13919.700406490454,24.094125880488594,27.44,27.588431372549014
2026-07-16 14:27:32.336,13901.60295792751,24.09455144818241,27.44,27.578613861386135
2026-07-16 14:27:32.436,13850.02060166193,24.094360816238943,27.44,27.57
2026-07-16 14:27:32.536,13843.732596599968,24.09419912953085,27.439999999999998,27.56881188118811
2026-07-16 14:27:32.636,13869.072592039953,24.09408300696807,27.44,27.558921568627454
2026-07-16 14:27:32.736,13867.495396389178,24.093789117099796,27.439999999999998,27.549999999999997
2026-07-16 14:27:32.836,13843.95229981937,24.09383444014745,27.439999999999998,27.549215686274504
2026-07-16 14:27:32.936,13882.256619444172,24.09425544167715,27.439999999999998,27.53940594059405
2026-07-16 14:27:33.036,13897.765931189559,24.094056088565665,27.44,27.529504950495042
2026-07-16 14:27:33.136,13896.918460954377,24.09440849660846,27.44,27.52
2026-07-16 14:27:33.236,13885.4996599796,24.09472245803531,27.439999999999998,27.51980198019801
2026-07-16 14:27:33.336,13876.043647244034,24.094499752611036,27.44,27.509999999999998
2026-07-16 14:27:33.436,13893.66978500845,24.094936978285123,27.440000000000005,27.50999999999999
2026-07-16 14:27:33.536,13937.969881070258,24.095354221362307,27.44,27.50019607843137
2026-07-16 14:27:33.636,13912.621056475176,24.09540008801534,27.439999999999998,27.490297029702973
2026-07-16 14:27:33.736,13926.27399546478,24.095636464441476,27.439999999999998,27.489999999999995
2026-07-16 14:27:33.836,13928.640498662251,24.095823042588343,27.44,27.480588235294114
2026-07-16 14:27:33.936,13890.48064152076,24.095781816577357,27.439999999999998,27.470693069306922
2026-07-16 14:27:34.036,13877.11921853529,24.095771154056095,27.44,27.47
2026-07-16 14:27:34.136,13937.392518022169,24.09610597565027,27.44,27.4609900990099
2026-07-16 14:27:34.236,13884.792298466762,24.09642828383771,27.440000000000005,27.451089108910885
2026-07-16 14:27:34.336,13926.100203287177,24.09699657086563,27.44,27.441274509803915
2026-07-16 14:27:34.436,13938.702781685723,24.09748000954807,27.44,27.44
2026-07-16 14:27:34.536,13894.545878886554,24.09776411496699,27.439999999999998,27.431809523809513
2026-07-16 14:27:34.636,13895.504614101968,24.097989339618863,27.439999999999998,27.422058823529404
2026-07-16 14:27:34.736,13899.370738022793,24.09786086826085,27.44,27.412178217821776
2026-07-16 14:27:34.836,13909.815008199845,24.098436580342813,27.44,27.41
2026-07-16 14:27:34.936,13904.215006802446,24.098488456005768,27.44,27.402621359223293
2026-07-16 14:27:35.036,13918.547562466101,24.098755783764357,27.44,27.4
2026-07-16 14:27:35.136,13935.106497103621,24.099373527275546,27.44,27.392941176470586
2026-07-16 14:27:35.236,13916.21678727814,24.099919037669732,27.439999999999998,27.383069306930686
2026-07-16 14:27:35.336,13896.28003979672,24.100111635516647,27.439999999999998,27.373168316831677
2026-07-16 14:27:35.436,13873.136008777119,24.100290260844037,27.439999999999998,27.36333333333332
2026-07-16 14:27:35.536,13856.679775149205,24.099852921460403,27.440000000000005,27.35346534653464
2026-07-16 14:27:35.636,13870.987936678495,24.0997219040039,27.44,27.343627450980392
2026-07-16 14:27:35.736,13907.965962212718,24.100076697290813,27.44,27.333762376237623
2026-07-16 14:27:35.836,13923.750120861157,24.10048918835652,27.439999999999998,27.323921568627444
2026-07-16 14:27:35.936,13845.653603499897,24.100243419663233,27.439999999999998,27.308118811881176
2026-07-16 14:27:36.036,13888.166744016717,24.100013980766047,27.439999999999998,27.294158415841572
2026-07-16 14:27:36.136,13846.246833278166,24.0994778012339,27.439999999999998,27.278627450980387
2026-07-16 14:27:36.236,13847.618630367659,24.099396481426382,27.439999999999998,27.26445544554455
2026-07-16 14:27:36.336,13860.845429673122,24.09925704573395,27.439999999999998,27.254607843137247
2026-07-16 14:27:36.436,13857.776964777957,24.09887635873539,27.439999999999998,27.24475247524751
2026-07-16 14:27:36.536,13893.113942247686,24.099090743727444,27.44,27.234851485148504
2026-07-16 14:27:36.636,13916.912318229477,24.098908749697287,27.44,27.225
2026-07-16 14:27:36.736,13902.278502083489,24.099082405393087,27.439999999999998,27.21519607843137
2026-07-16 14:27:36.836,13867.95548071557,24.099035421008807,27.44,27.20534653465346
2026-07-16 14:27:36.936,13877.141543550459,24.09904999645277,27.439999999999998,27.199999999999996
2026-07-16 14:27:37.036,13915.462167531154,24.099150921255784,27.439999999999998,27.195643564356423
2026-07-16 14:27:37.136,13905.398190020656,24.099057174167292,27.439999999999998,27.19
2026-07-16 14:27:37.236,13960.06818251394,24.09963047162135,27.439999999999998,27.189999999999998
2026-07-16 14:27:37.336,13927.930811121809,24.100199616839582,27.439999999999998,27.18603960396039
2026-07-16 14:27:37.436,13920.790229218106,24.100191298878784,27.44,27.18
2026-07-16 14:27:37.536,13889.444649674431,24.099767510696076,27.439999999999998,27.17633663366336
2026-07-16 14:27:37.636,13882.091689525096,24.099720889564473,27.439999999999998,27.169999999999998
2026-07-16 14:27:37.736,13950.36189262087,24.100414921959196,27.439999999999998,27.166633663366333
2026-07-16 14:27:37.836,13826.699762684113,24.099285905127463,27.439999999999998,27.159999999999997
2026-07-16 14:27:37.936,13862.408634870846,24.098584102754323,27.44,27.160000000000004
2026-07-16 14:27:38.036,13856.667331792964,24.0979224621166,27.442941176470597,27.16
2026-07-16 14:27:38.136,13872.01104054931,24.09756154182446,27.449999999999996,27.157227722772273
2026-07-16 14:27:38.236,13895.520680109828,24.097783693473357,27.449999999999996,27.149999999999995
2026-07-16 14:27:38.336,13891.22803921198,24.098587391254377,27.449999999999996,27.147450980392144
2026-07-16 14:27:38.436,13891.857757957787,24.099372569419106,27.45,27.14
2026-07-16 14:27:38.536,13914.986960968423,24.09963301275926,27.449999999999996,27.139999999999997
2026-07-16 14:27:38.636,13955.387886526918,24.100265687089763,27.45,27.13788461538461
2026-07-16 14:27:38.736,13902.486072958847,24.10066065030446,27.45,27.13
2026-07-16 14:27:38.836,13886.81664630035,24.100849233894294,27.449999999999996,27.12841584158415
2026-07-16 14:27:38.936,13967.255093024658,24.101022944569003,27.449999999999996,27.119999999999997
2026-07-16 14:27:39.036,13944.143642250885,24.10116245881671,27.449999999999996,27.119999999999997
2026-07-16 14:27:39.136,13923.643111052712,24.100868157692776,27.449999999999996,27.118811881188122
2026-07-16 14:27:39.236,13904.598587781049,24.10059187326981,27.45,27.11
2026-07-16 14:27:39.336,13894.290500593233,24.10089716159334,27.449999999999996,27.11
2026-07-16 14:27:39.436,13873.292332640905,24.10107267375006,27.45,27.109215686274506
2026-07-16 14:27:39.536,13852.074236011145,24.100786058404,27.45,27.1
2026-07-16 14:27:39.636,13870.21144584262,24.100554427218558,27.449999999999996,27.099509803921567
2026-07-16 14:27:39.736,13865.787449251702,24.10072251811265,27.449999999999996,27.089999999999996
2026-07-16 14:27:39.836,13924.208667436626,24.101614571018164,27.45,27.09
2026-07-16 14:27:39.936,13915.735704730438,24.101977132705198,27.45,27.09
2026-07-16 14:27:40.036,13895.896795855031,24.102084508011096,27.45,27.080198019801973
2026-07-16 14:27:40.136,13908.676112911338,24.102317151306664,27.45,27.08
2026-07-16 14:27:40.236,13940.81850424368,24.10270279663853,27.45,27.08
2026-07-16 14:27:40.336,13899.242102536842,24.102357284881084,27.45,27.070594059405938
2026-07-16 14:27:40.436,13855.708790199793,24.102030325081486,27.45,27.069999999999997
2026-07-16 14:27:40.536,13894.167354751844,24.102027310301082,27.45,27.0608910891089
2026-07-16 14:27:40.636,13921.448481260086,24.102124893856193,27.45,27.06
2026-07-16 14:27:40.736,13913.074407839698,24.102215787321907,27.449999999999996,27.06
2026-07-16 14:27:40.836,13896.354212509264,24.102433437474886,27.450000000000003,27.051372549019607
2026-07-16 14:27:40.936,13888.625243558019,24.103249339515905,27.45,27.049999999999997
2026-07-16 14:27:41.036,13855.444632525276,24.10252716011498,27.45,27.041584158415837
2026-07-16 14:27:41.136,13896.112915028847,24.102778701217193,27.441764705882356,27.04
2026-07-16 14:27:41.236,13905.710172755344,24.103269046442414,27.439999999999998,27.031881188118813
2026-07-16 14:27:41.336,13911.084837791921,24.10374304618707,27.439999999999998,27.029999999999998
2026-07-16 14:27:41.436,13941.568728490402,24.104103305366102,27.44,27.03
2026-07-16 14:27:41.536,13923.235736223807,24.104127030027236,27.44,27.022277227722764
2026-07-16 14:27:41.636,13918.227403426554,24.104544347518594,27.44,27.019999999999996
2026-07-16 14:27:41.736,13901.600256698293,24.104599583375744,27.439999999999998,27.019999999999996
2026-07-16 14:27:41.836,13894.676287165626,24.104587899786097,27.439999999999998,27.012745098039204
2026-07-16 14:27:41.936,13875.0642407725,24.104577114670263,27.439999999999998,27.01
2026-07-16 14:27:42.036,13867.768503850959,24.104567133445677,27.44,27.010000000000005
2026-07-16 14:27:42.136,13944.24311835123,24.104584571929678,27.439999999999998,27.003168316831687
2026-07-16 14:27:42.236,13898.338024573986,24.10491841995744,27.439999999999998,26.999999999999996
2026-07-16 14:27:42.336,13894.14990974987,24.105242829882435,27.44,27.0
2026-07-16 14:27:42.436,13894.10045712924,24.10555815421458,27.44,26.993564356435634
2026-07-16 14:27:42.536,13905.545517470466,24.10586406429976,27.439999999999998,26.989999999999995
2026-07-16 14:27:42.636,13907.60726121911,24.106049638313188,27.44,26.98386138613861
2026-07-16 14:27:42.736,13866.729460459583,24.105902411712382,27.439999999999998,26.98
2026-07-16 14:27:42.836,13850.479465837258,24.105166312446467,27.439999999999998,26.979999999999997
2026-07-16 14:27:42.936,13889.304113423821,24.105087056050497,27.440000000000005,26.97431372549019
2026-07-16 14:27:43.036,13914.369981196616,24.10531932146808,27.439999999999998,26.97
2026-07-16 14:27:43.136,13888.669574856149,24.105056081654386,27.439999999999998,26.97
2026-07-16 14:27:43.236,13854.301453237043,24.104573290251043,27.44,26.97
2026-07-16 14:27:43.336,13871.45060891119,24.10462386126271,27.439999999999998,26.97
2026-07-16 14:27:43.436,13895.924917600534,24.10497820573362,27.439999999999998,26.969999999999995
2026-07-16 14:27:43.536,13913.760724408527,24.105677699434068,27.44,26.97
2026-07-16 14:27:43.636,13901.037106361131,24.10608678167324,27.44,26.974705882352943
2026-07-16 14:27:43.736,13883.598531905773,24.105943194027013,27.44,26.98
2026-07-16 14:27:43.836,13906.010804969254,24.105801086283,27.44441176470589,26.98441176470589
2026-07-16 14:27:43.936,13963.422871713132,24.106219988400305,27.449999999999996,26.989999999999995
2026-07-16 14:27:44.036,13943.280913161725,24.106920040778935,27.45,26.994117647058832
2026-07-16 14:27:44.136,13879.036313788223,24.106806335275223,27.449999999999996,27.003960396039602
2026-07-16 14:27:44.236,13923.56137088859,24.106700652723013,27.449999999999996,27.01
2026-07-16 14:27:44.336,13919.563951626616,24.10660209921325,27.45,27.009999999999998
2026-07-16 14:27:44.436,13901.208499280641,24.106843810407376,27.449999999999996,27.01
2026-07-16 14:27:44.536,13905.69078234226,24.107503345371846,27.449999999999996,27.009999999999998
2026-07-16 14:27:44.636,13884.813096530574,24.1081365225051,27.449999999999996,27.01323529411765
2026-07-16 14:27:44.736,13889.809638101291,24.1083816346429,27.45,27.02
2026-07-16 14:27:44.836,13927.047071577506,24.108612305202882,27.45,27.02
2026-07-16 14:27:44.936,13925.761714321005,24.109099962168045,27.45,27.020000000000003
2026-07-16 14:27:45.036,13913.239397183004,24.109904268260294,27.44742574257425,27.02
2026-07-16 14:27:45.136,13912.054101165839,24.11065417680521,27.44,27.019999999999996
2026-07-16 14:27:45.236,13917.576678257918,24.110848078443098,27.44,27.019999999999996
2026-07-16 14:27:45.336,13937.504295009188,24.111410964721266,27.44,27.02
2026-07-16 14:27:45.436,13918.773358165692,24.111555918578205,27.44,27.02
2026-07-16 14:27:45.536,13883.479120218837,24.111656243313277,27.44168316831684,27.02
2026-07-16 14:27:45.636,13864.792466184086,24.111749275666924,27.449999999999996,27.021568627450975
2026-07-16 14:27:45.736,13877.70145750506,24.111969335961273,27.448613861386136,27.03138613861386
2026-07-16 14:27:45.836,13909.712741116791,24.11243667857435,27.439999999999998,27.039999999999996
2026-07-16 14:27:45.936,13911.41605380263,24.112891580603247,27.439999999999998,27.041089108910896
2026-07-16 14:27:46.036,13889.136524348582,24.113330693359252,27.44,27.050980392156873
2026-07-16 14:27:46.136,13879.530239192896,24.114067823253556,27.440792079207924,27.059999999999995
2026-07-16 14:27:46.236,13906.422240052885,24.114896659607872,27.449999999999996,27.060693069306936
2026-07-16 14:27:46.336,13920.686926281152,24.115550389164824,27.45,27.07
2026-07-16 14:27:46.436,13890.208428458465,24.11592043981233,27.449999999999996,27.07039603960396
2026-07-16 14:27:46.536,13908.903861144154,24.116273323080534,27.449705882352934,27.079999999999995
2026-07-16 14:27:46.636,13928.818642536256,24.11704177168856,27.44,27.079900990099013
2026-07-16 14:27:46.736,13901.39995746563,24.117049824103113,27.44,27.07
2026-07-16 14:27:46.836,13871.50935445512,24.11689499778219,27.44990099009901,27.07
2026-07-16 14:27:46.936,13877.33954319562,24.117121736765267,27.45,27.069999999999997
2026-07-16 14:27:47.036,13687.65788304942,24.11762280790351,27.45,27.069999999999997
2026-07-16 14:27:47.136,12391.244231426432,24.11746416970548,27.45,27.069999999999997
2026-07-16 14:27:47.236,4221.8849167238495,24.117728317589933,27.440693069306924,27.07
2026-07-16 14:27:47.336,6312.679780333236,24.117976197592952,27.44,27.07
2026-07-16 14:27:47.436,8144.9805288312,24.118757077810265,27.44,27.07
2026-07-16 14:27:47.536,5913.146166231895,24.11939362614209,27.44,27.07
2026-07-16 14:27:47.636,1937.0786307046328,24.119576995593466,27.439999999999998,27.069999999999997
2026-07-16 14:27:47.736,2076.18544844871,24.119826871669492,27.44,27.07
2026-07-16 14:27:47.836,2121.6561647289122,24.120818241717732,27.439999999999998,27.069999999999997
2026-07-16 14:27:47.936,2182.1437752866295,24.121424597217256,27.439999999999998,27.069999999999997
2026-07-16 14:27:48.036,2208.548129742367,24.12131824141882,27.44,27.07
2026-07-16 14:27:48.136,2244.457200835933,24.121895801276168,27.44,27.07
2026-07-16 14:27:48.236,2286.4980338053824,24.123372202496085,27.439999999999998,27.069999999999997
2026-07-16 14:27:48.336,2296.1128256676484,24.12475067788083,27.439999999999998,27.069999999999997
2026-07-16 14:27:48.436,2302.160497060353,24.125221901398483,27.44,27.07
2026-07-16 14:27:48.536,2342.87545367248,24.1256531850154,27.447128712871297,27.07
2026-07-16 14:27:48.636,2422.023374366161,24.12684708138493,27.449999999999996,27.069999999999997
2026-07-16 14:27:48.736,2564.4689986187195,24.128290713145546,27.450000000000003,27.07
2026-07-16 14:27:48.836,2708.012490666924,24.129730464932273,27.449999999999996,27.069999999999997
2026-07-16 14:27:48.936,2801.288881632677,24.131032474370866,27.449999999999996,27.07
2026-07-16 14:27:49.036,2955.4964008964444,24.13177891143955,27.449999999999996,27.07
2026-07-16 14:27:49.136,3044.9879593507694,24.133699987116536,27.449999999999996,27.07
2026-07-16 14:27:49.236,3149.8782506674725,24.13562408966592,27.45,27.07
2026-07-16 14:27:49.336,3222.661027314912,24.13663472011282,27.449999999999996,27.07
2026-07-16 14:27:49.436,3305.9693102429515,24.137610360277556,27.45,27.07
2026-07-16 14:27:49.536,3418.055743258466,24.13932569821143,27.450000000000003,27.07
2026-07-16 14:27:49.636,3472.4293833234533,24.14103551549746,27.45,27.07
2026-07-16 14:27:49.736,3570.4878112164683,24.14406729624527,27.44470588235294,27.07
2026-07-16 14:27:49.836,3616.135232566386,24.145739619050573,27.439999999999998,27.07
2026-07-16 14:27:49.936,3653.9629673778827,24.146527124254728,27.439999999999998,27.07
2026-07-16 14:27:50.036,3719.7701145144083,24.14729751715278,27.439999999999998,27.07
2026-07-16 14:27:50.136,3799.774734574687,24.14860706594819,27.439999999999998,27.07
2026-07-16 14:27:50.236,3837.829156682363,24.150362264133484,27.439999999999998,27.069999999999997
2026-07-16 14:27:50.336,3916.7604837217414,24.15200738223648,27.44,27.07
2026-07-16 14:27:50.436,3959.5631795556933,24.1521363914245,27.440000000000005,27.07
2026-07-16 14:27:50.536,4018.319914610197,24.152586640744822,27.440000000000005,27.07
2026-07-16 14:27:50.636,4069.0466410059694,24.153213319886518,27.44,27.07
2026-07-16 14:27:50.736,4109.894364191866,24.153777135554023,27.439999999999998,27.07
2026-07-16 14:27:50.836,4164.248924618928,24.154365387452195,27.439999999999998,27.07
2026-07-16 14:27:50.936,4217.146914182807,24.15545852827179,27.439999999999998,27.069999999999997
2026-07-16 14:27:51.036,4280.033871911209,24.155876563160525,27.439999999999998,27.069999999999997
2026-07-16 14:27:51.136,4316.056795946714,24.156213468531398,27.44,27.070000000000004
2026-07-16 14:27:51.236,4357.749863688433,24.156517218210624,27.439999999999998,27.069999999999997
2026-07-16 14:27:51.336,4402.8871092177105,24.15679176374389,27.439999999999998,27.07
2026-07-16 14:27:51.436,4435.947793058878,24.157132339991268,27.44,27.072745098039217
2026-07-16 14:27:51.536,4486.13134466436,24.15789650489409,27.44257425742575,27.082574257425748
2026-07-16 14:27:51.636,4542.110646805633,24.159149562794617,27.45,27.092450980392154
2026-07-16 14:27:51.736,4565.596700776401,24.159491298968383,27.449999999999996,27.1
2026-07-16 14:27:51.836,4614.864327750882,24.1605391137885,27.449999999999996,27.1021568627451
2026-07-16 14:27:51.936,4665.472330731915,24.162246123643857,27.449999999999996,27.113921568627468
2026-07-16 14:27:52.036,4691.291256053916,24.163840668759956,27.45,27.131782178217833
2026-07-16 14:27:52.136,4743.390676625845,24.164939564466593,27.45,27.14
2026-07-16 14:27:52.236,4767.619310363787,24.16596423805888,27.45,27.141485148514846
2026-07-16 14:27:52.336,4823.123033614302,24.167993740730317,27.449999999999996,27.15
2026-07-16 14:27:52.436,4847.127187348546,24.168873407350684,27.449999999999996,27.15
2026-07-16 14:27:52.536,4871.496490331679,24.169576484480334,27.4489108910891,27.148910891089102
2026-07-16 14:27:52.636,4909.356135930089,24.170617757332103,27.439999999999998,27.139999999999997
2026-07-16 14:27:52.736,4915.137179738705,24.170647752028255,27.439999999999998,27.139999999999997
2026-07-16 14:27:52.836,4980.387318101965,24.171263793293146,27.44,27.14
2026-07-16 14:27:52.936,4979.946308378848,24.17128876585155,27.44,27.14
2026-07-16 14:27:53.036,4991.909079394727,24.171236300656787,27.440000000000005,27.140000000000004
2026-07-16 14:27:53.136,5027.377970288771,24.17118956687578,27.44,27.139999999999997
2026-07-16 14:27:53.236,5072.317530477554,24.171450594445723,27.44,27.14
2026-07-16 14:27:53.336,5105.957855565697,24.17240728083871,27.439999999999998,27.139999999999997
2026-07-16 14:27:53.436,5130.480108724722,24.173341395644286,27.44,27.14
2026-07-16 14:27:53.536,5173.983929535354,24.174243318200265,27.439999999999998,27.14
2026-07-16 14:27:53.636,5202.789404978005,24.17511158619655,27.439999999999998,27.139999999999997
2026-07-16 14:27:53.736,5232.229117357268,24.175942810956627,27.44,27.14
2026-07-16 14:27:53.836,5265.499344977483,24.17673448728914,27.439999999999998,27.14
2026-07-16 14:27:53.936,5297.173742693597,24.177662663421184,27.44,27.14
2026-07-16 14:27:54.036,5339.078711793861,24.1795023779081,27.44,27.14
2026-07-16 14:27:54.136,5346.5729034402775,24.17898649328862,27.439999999999998,27.14
2026-07-16 14:27:54.236,5373.511645585937,24.179365117339554,27.44,27.139999999999997
2026-07-16 14:27:54.336,5397.634242680495,24.17999327924224,27.44,27.139999999999997
2026-07-16 14:27:54.436,5418.054744354564,24.18080492938525,27.439999999999998,27.14
2026-07-16 14:27:54.536,5439.42304188683,24.18180731253495,27.44,27.14
2026-07-16 14:27:54.636,5448.816410729536,24.182284162368603,27.44,27.14
2026-07-16 14:27:54.736,5483.450344207772,24.182711805722082,27.439999999999998,27.148039215686275
2026-07-16 14:27:54.836,5496.799108799828,24.182648169653234,27.44,27.15
2026-07-16 14:27:54.936,5534.520627110043,24.1834968918686,27.439999999999998,27.149999999999995
2026-07-16 14:27:55.036,5555.217804028102,24.184198275128082,27.439999999999998,27.15
2026-07-16 14:27:55.136,5557.367571820455,24.184205925319866,27.440000000000005,27.15
2026-07-16 14:27:55.236,5633.341627697938,24.185030409409634,27.44,27.15
2026-07-16 14:27:55.336,5623.896099254112,24.185277970113205,27.44,27.15
2026-07-16 14:27:55.436,5654.63763928238,24.185966061413904,27.447058823529417,27.157058823529418
2026-07-16 14:27:55.536,5680.895032813161,24.187423823740907,27.449999999999996,27.16693069306931
2026-07-16 14:27:55.636,5706.992496783036,24.18896040462034,27.449999999999996,27.17
2026-07-16 14:27:55.736,5731.36674333337,24.190018167808304,27.449999999999996,27.176666666666662
2026-07-16 14:27:55.836,5740.289283588845,24.190530897654067,27.449999999999996,27.186470588235295
2026-07-16 14:27:55.936,5770.225196592435,24.190444563981952,27.449999999999996,27.19633663366337
2026-07-16 14:27:56.036,5782.271066561348,24.191914542305994,27.449999999999996,27.2
2026-07-16 14:27:56.136,5814.485238600971,24.193545794418682,27.449999999999996,27.2060396039604
2026-07-16 14:27:56.236,5830.396394468629,24.194477328275426,27.449999999999996,27.21594059405941
2026-07-16 14:27:56.336,5836.127989784462,24.19496936212692,27.45,27.225784313725494
2026-07-16 14:27:56.436,5865.723954124212,24.195925058123027,27.45,27.23
2026-07-16 14:27:56.536,5890.531661768047,24.19735121069823,27.449999999999996,27.22445544554455
2026-07-16 14:27:56.636,5862.483119793207,24.196886221420883,27.449999999999996,27.22
2026-07-16 14:27:56.736,5906.570753523865,24.19827448590504,27.45,27.22
2026-07-16 14:27:56.836,5934.669742437532,24.199115488956892,27.449999999999996,27.22
2026-07-16 14:27:56.936,5955.736046221485,24.199797098499594,27.449999999999996,27.219999999999995
2026-07-16 14:27:57.036,5996.814458924898,24.20139536522702,27.44519607843136,27.22
2026-07-16 14:27:57.136,5962.919450595237,24.20188240143842,27.44,27.22
2026-07-16 14:27:57.236,5977.356941143673,24.20166504986202,27.44,27.22
2026-07-16 14:27:57.336,6004.78106447742,24.201469067691704,27.44,27.22
2026-07-16 14:27:57.436,6031.146482282504,24.201647340570062,27.439999999999998,27.22
2026-07-16 14:27:57.536,6045.344292969903,24.202039485911765,27.44,27.22
2026-07-16 14:27:57.636,6053.558501983306,24.202273900761544,27.44,27.2239603960396
2026-07-16 14:27:57.736,6083.522549483012,24.20208736920367,27.44,27.229999999999997
2026-07-16 14:27:57.836,6076.677380976572,24.202418134500597,27.439999999999998,27.229999999999997
2026-07-16 14:27:57.936,6102.57773830809,24.202296408824033,27.439999999999998,27.22643564356435
2026-07-16 14:27:58.036,6126.398854303958,24.203062438963244,27.439999999999998,27.219999999999995
2026-07-16 14:27:58.136,6138.827170092271,24.203606764591356,27.439999999999998,27.22
2026-07-16 14:27:58.236,6152.846763590446,24.203474295931546,27.439999999999998,27.22
2026-07-16 14:27:58.336,6189.56187545003,24.203682567302362,27.439999999999998,27.22
2026-07-16 14:27:58.436,6191.115135302164,24.203423388576134,27.44,27.22
2026-07-16 14:27:58.536,6207.77126795103,24.203607540076668,27.439999999999998,27.22
2026-07-16 14:27:58.636,6227.122660285646,24.20415200427547,27.442647058823532,27.222647058823533
2026-07-16 14:27:58.736,6251.563821171667,24.20481406431268,27.45,27.229999999999997
2026-07-16 14:27:58.836,6265.676701315707,24.205149177080397,27.45,27.23
2026-07-16 14:27:58.936,6255.587462634619,24.204941866030815,27.45,27.23
2026-07-16 14:27:59.036,6293.574186688618,24.20557129462025,27.45,27.23
2026-07-16 14:27:59.136,6273.869144935495,24.205728925982967,27.45,27.23
2026-07-16 14:27:59.236,6311.165360883995,24.206525915607873,27.449999999999996,27.229999999999997
2026-07-16 14:27:59.336,6336.380194141241,24.207282163420828,27.45,27.23148514851486
2026-07-16 14:27:59.436,6339.604241532398,24.207636520588558,27.449999999999996,27.242745098039233
2026-07-16 14:27:59.536,6352.678987191726,24.20782173311661,27.449999999999996,27.26
2026-07-16 14:27:59.636,6379.3088013099405,24.20876135059121,27.45,27.261089108910888
2026-07-16 14:27:59.736,6351.299058621026,24.20827093078851,27.449999999999996,27.270980392156858
2026-07-16 14:27:59.836,6381.802864632022,24.208926077493757,27.45,27.280784313725494
2026-07-16 14:27:59.936,6406.896310803862,24.20927304935064,27.45,27.29
2026-07-16 14:28:00.036,6412.28541150167,24.209213539719627,27.45,27.290490196078437
2026-07-16 14:28:00.136,6418.536675230772,24.20935777433004,27.449999999999996,27.300297029702975
2026-07-16 14:28:00.236,6455.698942895127,24.210189704409462,27.450000000000003,27.31
2026-07-16 14:28:00.336,6433.959233969938,24.210086873928983,27.45,27.31
2026-07-16 14:28:00.436,6454.2386176906275,24.210371778299802,27.449999999999996,27.31
2026-07-16 14:28:00.536,6475.811541759569,24.210716769397017,27.45,27.300294117647052
2026-07-16 14:28:00.636,6488.156128768262,24.21124304111092,27.449999999999996,27.299999999999997
2026-07-16 14:28:00.736,6498.302175315166,24.211752901271893,27.45,27.3
2026-07-16 14:28:00.836,6519.105214951764,24.21164045304443,27.450000000000003,27.300000000000004
2026-07-16 14:28:00.936,6521.356832061837,24.212364866794424,27.449999999999996,27.3
2026-07-16 14:28:01.036,6547.123775881975,24.21307408922135,27.45,27.3
2026-07-16 14:28:01.136,6566.73739678327,24.213765580372684,27.45,27.3
2026-07-16 14:28:01.236,6568.506145675683,24.214436490866575,27.449999999999996,27.3
2026-07-16 14:28:01.336,6568.532605755868,24.21493482363185,27.45,27.30841584158416
2026-07-16 14:28:01.436,6594.177194341475,24.215181342255068,27.45,27.31
2026-07-16 14:28:01.536,6609.108450857249,24.216239617515466,27.45,27.309999999999995
2026-07-16 14:28:01.636,6616.575648298104,24.21684038058062,27.449999999999996,27.309999999999995
2026-07-16 14:28:01.736,6614.970051517283,24.21737852372918,27.450000000000003,27.31
2026-07-16 14:28:01.836,6616.901922849742,24.21708305152613,27.450000000000003,27.309999999999995
2026-07-16 14:28:01.936,6630.629854920668,24.216827542780923,27.45,27.31
2026-07-16 14:28:02.036,6649.787031263323,24.217748798877572,27.449999999999996,27.309999999999995
2026-07-16 14:28:02.136,6637.265354512853,24.217740960181494,27.449999999999996,27.309999999999995
2026-07-16 14:28:02.236,6652.215640149609,24.217734086904454,27.45,27.31
2026-07-16 14:28:02.336,6668.398220864537,24.218100083468325,27.449999999999996,27.309999999999995
2026-07-16 14:28:02.436,6689.478973925903,24.218554373515644,27.450000000000003,27.310000000000002
2026-07-16 14:28:02.536,6698.27490993626,24.21898431700822,27.44333333333332,27.309999999999995
2026-07-16 14:28:02.636,6691.300295802908,24.219390550339632,27.44,27.31
2026-07-16 14:28:02.736,6715.557144660341,24.219773830917195,27.44643564356436,27.309999999999995
2026-07-16 14:28:02.836,6722.828397080703,24.22013049960434,27.44372549019608,27.30372549019608
2026-07-16 14:28:02.936,6769.500766107645,24.220840788074476,27.446138613861386,27.299999999999997
2026-07-16 14:28:03.036,6755.781273300341,24.221019942642222,27.45,27.299999999999997
2026-07-16 14:28:03.136,6746.152303291812,24.221052214840793,27.45,27.3
2026-07-16 14:28:03.236,6780.182539737576,24.22123145649779,27.44969116080937,27.300617678381254
2026-07-16 14:28:03.336,6777.764616462114,24.221110190556885,27.449158679446217,27.30168264110756
2026-07-16 14:28:03.436,6800.3566348963095,24.22181557763781,27.44862619808307,27.30274760383387
2026-07-16 14:28:03.536,6800.812430202568,24.222120963717522,27.448093716719914,27.30381256656017
2026-07-16 14:28:03.636,6803.866364277383,24.222351974309653,27.447561235356762,27.304877529286475
2026-07-16 14:28:03.736,6813.8579560670205,24.22256824301283,27.447028753993607,27.30594249201278
2026-07-16 14:28:03.836,6828.533696205992,24.222892554895594,27.446496272630455,27.307007454739086
2026-07-16 14:28:03.936,6840.799901980472,24.223409475508912,27.445963791267307,27.30807241746539
2026-07-16 14:28:04.036,6824.28976537156,24.22314747507186,27.44543130990415,27.309137380191693
2026-07-16 14:28:04.136,6857.544824411982,24.223283818404028,27.444898828541,27.310202342917997
2026-07-16 14:28:04.236,6877.154690874864,24.22374211770137,27.444366347177848,27.3112673056443
2026-07-16 14:28:04.336,6892.517096853361,24.224302399815436,27.443833865814696,27.31233226837061
2026-07-16 14:28:04.436,6897.768373232634,24.22470533673492,27.443301384451544,27.313397231096914
2026-07-16 14:28:04.536,6882.219546798947,24.224752420368777,27.44276890308839,27.314462193823214
2026-07-16 14:28:04.636,6890.502725493785,24.224441300421677,27.44223642172524,27.31552715654952
2026-07-16 14:28:04.736,6910.577849795759,24.224536679113115,27.441703940362085,27.316592119275825
2026-07-16 14:28:04.836,6928.264861319701,24.224944231241047,27.441171458998937,27.317657082002132
2026-07-16 14:28:04.936,6930.578051647849,24.225203424989868,27.440638977635782,27.318722044728435
2026-07-16 14:28:05.036,6946.410939691779,24.22572265418456,27.440106496272627,27.31978700745474
2026-07-16 14:28:05.136,6982.590318383586,24.22663412238918,27.439999999999998,27.32
2026-07-16 14:28:05.236,6939.050127047491,24.226217416328083,27.44,27.32
2026-07-16 14:28:05.336,6950.818314937829,24.22625721356008,27.439999999999998,27.319999999999997
2026-07-16 14:28:05.436,6965.286595486548,24.226628257836797,27.439999999999998,27.32
2026-07-16 14:28:05.536,6985.358724631649,24.22706531190493,27.44,27.32
2026-07-16 14:28:05.636,7001.141189593115,24.22730727598342,27.439999999999998,27.32
2026-07-16 14:28:05.736,7008.191054357261,24.227391527416735,27.439999999999998,27.32
2026-07-16 14:28:05.836,7017.82786468329,24.22776254028368,27.439999999999998,27.32
2026-07-16 14:28:05.936,7002.842864822248,24.227733938404725,27.439999999999998,27.32
2026-07-16 14:28:06.036,7027.697702386447,24.228034282719996,27.440000000000005,27.32
2026-07-16 14:28:06.136,7020.10186876712,24.22838068932579,27.439999999999998,27.319999999999997
2026-07-16 14:28:06.236,7026.841426063835,24.228532835480273,27.439999999999998,27.319999999999993
2026-07-16 14:28:06.336,7055.136054809377,24.228370613288313,27.439999999999998,27.32
2026-07-16 14:28:06.436,7042.822314828818,24.228013555048783,27.44,27.32
2026-07-16 14:28:06.536,7062.487183917338,24.228354823932488,27.44,27.32
2026-07-16 14:28:06.636,7052.065931848483,24.228003469682598,27.44,27.32
2026-07-16 14:28:06.736,7059.987779312916,24.227583180391868,27.44,27.32
2026-07-16 14:28:06.836,7077.632774536414,24.22757584536686,27.44,27.32
2026-07-16 14:28:06.936,7092.501277777237,24.227820430378436,27.44,27.32
2026-07-16 14:28:07.036,7099.12945325743,24.22779012443055,27.44,27.32
2026-07-16 14:28:07.136,7098.542266951594,24.22776220240017,27.44,27.32
2026-07-16 14:28:07.236,7102.883730416626,24.22773654393386,27.439999999999998,27.32
2026-07-16 14:28:07.336,7136.323309433379,24.228225123158495,27.439999999999998,27.319999999999997
2026-07-16 14:28:07.436,7158.310846920589,24.228689251580974,27.439999999999998,27.319999999999997
2026-07-16 14:28:07.536,7153.794085386671,24.228859878515117,27.44,27.32
2026-07-16 14:28:07.636,7144.474930498465,24.22891586287808,27.439999999999998,27.32
2026-07-16 14:28:07.736,7192.15714843069,24.22955306212381,27.440000000000005,27.32
2026-07-16 14:28:07.836,7201.702567198066,24.230194955762485,27.44,27.32
2026-07-16 14:28:07.936,7198.879937452384,24.231147506222015,27.439999999999998,27.32
2026-07-16 14:28:08.036,7187.909768365331,24.231433875344635,27.439999999999998,27.32
2026-07-16 14:28:08.136,7183.530220542316,24.23123841222482,27.44,27.319999999999997
2026-07-16 14:28:08.236,7194.779768565341,24.23114569061237,27.44,27.32
2026-07-16 14:28:08.336,7210.448504865587,24.23137973474788,27.439999999999998,27.32
2026-07-16 14:28:08.436,7196.787735956848,24.231598351054572,27.44,27.32
2026-07-16 14:28:08.536,7217.208488615162,24.23212652600941,27.44,27.32
2026-07-16 14:28:08.636,7233.772268722754,24.232450030414103,27.44,27.32
2026-07-16 14:28:08.736,7231.120979722342,24.23262463180415,27.439999999999998,27.32
2026-07-16 14:28:08.836,7222.694313866305,24.232889168142425,27.44,27.32
2026-07-16 14:28:08.936,7240.735619548949,24.233420364777626,27.439999999999998,27.32
2026-07-16 14:28:09.036,7233.907176489521,24.233940817711684,27.44,27.32
2026-07-16 14:28:09.136,7254.622300813399,24.233739680349615,27.439999999999998,27.32
2026-07-16 14:28:09.236,7263.592195374128,24.233456356884396,27.44,27.32
2026-07-16 14:28:09.336,7268.913373063346,24.233386199048923,27.44,27.32
2026-07-16 14:28:09.436,7282.49124983147,24.233755850146718,27.439999999999998,27.319999999999997
2026-07-16 14:28:09.536,7303.496128100627,24.234646252473247,27.439999999999998,27.32
2026-07-16 14:28:09.636,7295.437419645254,24.23555616701411,27.439999999999998,27.32
2026-07-16 14:28:09.736,7296.357952601047,24.235661960490933,27.439999999999998,27.32
2026-07-16 14:28:09.836,7314.970648195931,24.236318231842795,27.439999999999998,27.32
2026-07-16 14:28:09.936,7324.724367934155,24.237194051929734,27.439999999999998,27.32
2026-07-16 14:28:10.036,7321.320255160825,24.23790173700131,27.439999999999998,27.319999999999997
2026-07-16 14:28:10.136,7322.212091630665,24.238297274513798,27.44,27.32
2026-07-16 14:28:10.236,7352.187624944396,24.238669660263078,27.44,27.33254901960785
2026-07-16 14:28:10.336,7367.998556468932,24.23946256252261,27.44,27.346138613861385
2026-07-16 14:28:10.436,7353.141463042704,24.239517285701318,27.439999999999998,27.355980392156866
2026-07-16 14:28:10.536,7332.096199399935,24.239371696464605,27.439999999999998,27.359999999999996
2026-07-16 14:28:10.636,7328.517027511791,24.23940935317037,27.439999999999998,27.365742574257425
2026-07-16 14:28:10.736,7347.99613619517,24.23962033746906,27.439999999999998,27.375588235294117
2026-07-16 14:28:10.836,7364.1846893465045,24.239493979516986,27.439999999999998,27.379999999999995
2026-07-16 14:28:10.936,7372.446670158554,24.240192045802203,27.439999999999998,27.385294117647064
2026-07-16 14:28:11.036,7378.111456897726,24.240881097675427,27.44,27.39500000000001
2026-07-16 14:28:11.136,7389.299277888471,24.241557687112373,27.44,27.4
2026-07-16 14:28:11.236,7392.881167263718,24.241814839929084,27.439999999999998,27.39539215686274
2026-07-16 14:28:11.336,7383.3132259221475,24.24155979845692,27.439999999999998,27.39
2026-07-16 14:28:11.436,7378.45413371756,24.241321705564708,27.439999999999998,27.389999999999997
2026-07-16 14:28:11.536,7412.029397819111,24.241101573082098,27.44,27.39
2026-07-16 14:28:11.636,7437.846830860349,24.241630383443354,27.439999999999998,27.39
2026-07-16 14:28:11.736,7450.991066539507,24.24255688571268,27.440000000000005,27.39
2026-07-16 14:28:11.836,7447.731541738742,24.24294106570155,27.44,27.39
2026-07-16 14:28:11.936,7429.688057120348,24.24248586151717,27.443627450980394,27.386372549019605
2026-07-16 14:28:12.036,7410.383611009619,24.241876745016025,27.45,27.38
2026-07-16 14:28:12.136,7445.979891002692,24.24255656353508,27.449999999999996,27.379999999999995
2026-07-16 14:28:12.236,7447.488203000057,24.24276532077337,27.449999999999996,27.383168316831686
2026-07-16 14:28:12.336,7459.273143887218,24.242588244904073,27.45,27.39
2026-07-16 14:28:12.436,7482.763152110681,24.242775021489365,27.45,27.387128712871277
2026-07-16 14:28:12.536,7500.077151925824,24.24322770639992,27.449999999999996,27.379999999999995
2026-07-16 14:28:12.636,7490.804593464328,24.243290125965125,27.44732673267326,27.379999999999995
2026-07-16 14:28:12.736,7461.3731468731285,24.242971294765223,27.439999999999998,27.38
2026-07-16 14:28:12.836,7477.569538695637,24.243507567138163,27.439999999999998,27.379999999999995
2026-07-16 14:28:12.936,7502.6737333249885,24.24371960861188,27.44,27.38227722772277
2026-07-16 14:28:13.036,7538.591344415634,24.244311660863172,27.439999999999998,27.389999999999997
2026-07-16 14:28:13.136,7539.963457242584,24.244739824904492,27.439999999999998,27.38803921568627
2026-07-16 14:28:13.236,7496.894130200815,24.24451810486669,27.44,27.379999999999995
2026-07-16 14:28:13.336,7538.910562557901,24.245038900550863,27.44,27.38
2026-07-16 14:28:13.436,7553.968751251714,24.24553348652786,27.439999999999998,27.379999999999995
2026-07-16 14:28:13.536,7544.451789552215,24.246006157295568,27.44,27.379999999999995
2026-07-16 14:28:13.636,7555.749516356373,24.24674117467041,27.44,27.38
2026-07-16 14:28:13.736,7570.336023885264,24.247221583993742,27.440000000000005,27.38
2026-07-16 14:28:13.836,7563.8035551324865,24.247151612801005,27.439999999999998,27.38
2026-07-16 14:28:13.936,7546.004506550632,24.247087763507526,27.439999999999998,27.38
2026-07-16 14:28:14.036,7565.830241718509,24.247030110243884,27.44,27.379999999999995
2026-07-16 14:28:14.136,7560.317954429779,24.247333306543336,27.44,27.38049504950495
2026-07-16 14:28:14.236,7584.686309452309,24.24768334631002,27.44,27.390784313725497
2026-07-16 14:28:14.336,7593.429917284318,24.2478217579084,27.439999999999998,27.41019801980198
2026-07-16 14:28:14.436,7577.954300436289,24.247848202920668,27.44,27.42
2026-07-16 14:28:14.536,7590.1088448893,24.248090255574823,27.44,27.42000000000001
2026-07-16 14:28:14.636,7576.789006535688,24.247608390109214,27.44,27.42980392156863
2026-07-16 14:28:14.736,7586.6493193262295,24.247857099613306,27.439999999999998,27.439702970297034
2026-07-16 14:28:14.836,7606.193167162281,24.247888741129657,27.44,27.44950980392157
2026-07-16 14:28:14.936,7624.09805528268,24.24800350576225,27.44,27.459405940594063
2026-07-16 14:28:15.036,7636.116151393644,24.24830210298607,27.439999999999998,27.46
2026-07-16 14:28:15.136,7643.700028754064,24.248640246597816,27.439999999999998,27.469117647058816
2026-07-16 14:28:15.236,7644.893220803591,24.24929458686958,27.44,27.4609900990099
2026-07-16 14:28:15.336,7622.844570197478,24.248820761851878,27.439999999999998,27.46
2026-07-16 14:28:15.436,7653.257977939449,24.24921340713508,27.448712871287135,27.46
2026-07-16 14:28:15.536,7658.978995489872,24.2494233749917,27.44138613861385,27.46
2026-07-16 14:28:15.636,7665.034283342647,24.249724784119095,27.439999999999998,27.459999999999997
2026-07-16 14:28:15.736,7705.922172983271,24.250574317465244,27.448316831683172,27.46
2026-07-16 14:28:15.836,7653.275735294672,24.250346851309317,27.45,27.46
2026-07-16 14:28:15.936,7692.119158880351,24.25100659176097,27.450000000000003,27.46
2026-07-16 14:28:16.036,7685.331431248465,24.25129948298281,27.450000000000003,27.46
2026-07-16 14:28:16.136,7674.940632729171,24.25122170354736,27.45,27.459999999999997
2026-07-16 14:28:16.236,7673.201595160389,24.25115233470742,27.449999999999996,27.46
2026-07-16 14:28:16.336,7685.418472186169,24.25134039937025,27.45,27.46
2026-07-16 14:28:16.436,7725.956830326167,24.25150213703754,27.449999999999996,27.459999999999997
2026-07-16 14:28:16.536,7681.275680996483,24.251259384128076,27.449999999999996,27.46
2026-07-16 14:28:16.636,7712.023562994402,24.25136648022589,27.45,27.46
2026-07-16 14:28:16.736,7705.512121185459,24.251530229491387,27.45,27.46
2026-07-16 14:28:16.836,7713.110698058527,24.25185918928035,27.449999999999996,27.46
2026-07-16 14:28:16.936,7632.0667921548775,24.252383388301144,27.45,27.459999999999997
2026-07-16 14:28:17.036,6807.368862645674,24.252741581799015,27.449999999999996,27.46
2026-07-16 14:28:17.136,1630.4591728435548,24.251254599475438,27.45,27.46
2026-07-16 14:28:17.236,1252.028302164544,24.24964614599542,27.449999999999996,27.46
2026-07-16 14:28:17.336,1560.3515118736927,24.247224957883383,27.45,27.46
2026-07-16 14:28:17.436,2537.7231615601495,24.24427150271456,27.449999999999996,27.46
2026-07-16 14:28:17.536,3171.8228356659192,24.24059630305149,27.449999999999996,27.46
2026-07-16 14:28:17.636,1803.624039522469,24.235449265095276,27.45,27.46
2026-07-16 14:28:17.736,1116.1024183018646,24.228215969429677,27.449999999999996,27.46
2026-07-16 14:28:17.836,1533.7825892723176,24.220204655556614,27.45,27.46
2026-07-16 14:28:17.936,1871.4613110502955,24.211092007152033,27.45,27.46
2026-07-16 14:28:18.036,2109.231285766855,24.20020625252276,27.45,27.46
2026-07-16 14:28:18.136,2220.8790492303815,24.18788645198278,27.449999999999996,27.464117647058824
2026-07-16 14:28:18.236,2192.4176059469482,24.175709878866396,27.45,27.47
2026-07-16 14:28:18.336,2267.782934291382,24.166742204294128,27.45,27.47
2026-07-16 14:28:18.436,1619.7953995803866,24.15820169034359,27.45,27.47
2026-07-16 14:28:18.536,2033.962810691418,24.15419714045975,27.450000000000003,27.47
2026-07-16 14:28:18.636,2314.381370375999,24.15009545597522,27.45,27.466568627450982
2026-07-16 14:28:18.736,2036.4993958433192,24.14555643575919,27.45,27.46
2026-07-16 14:28:18.836,1461.4175950442884,24.142215403243405,27.449999999999996,27.46
2026-07-16 14:28:18.936,1259.1605396362552,24.140658507690702,27.45,27.46
2026-07-16 14:28:19.036,1754.8176021081217,24.13573606678353,27.45,27.46
2026-07-16 14:28:19.136,1690.3172717201435,24.134651534229267,27.449999999999996,27.46
2026-07-16 14:28:19.236,1811.2652802767743,24.13222220787027,27.45,27.46
2026-07-16 14:28:19.336,1831.0360665486485,24.129317101715532,27.44762376237624,27.46
2026-07-16 14:28:19.436,1538.0388281543667,24.12769036117583,27.44,27.46
2026-07-16 14:28:19.536,1358.189246901534,24.1270398472369,27.4420792079208,27.46
2026-07-16 14:28:19.636,1907.8163858533853,24.124649138446262,27.449999999999996,27.459999999999997
2026-07-16 14:28:19.736,2058.355178013667,24.123383837772742,27.449999999999996,27.46
2026-07-16 14:28:19.836,2072.9475274872902,24.123687202524614,27.45,27.46
2026-07-16 14:28:19.936,2074.556705716136,24.1236985490282,27.449999999999996,27.46
2026-07-16 14:28:20.036,2056.936645809815,24.12277948455415,27.449999999999996,27.46
2026-07-16 14:28:20.136,1928.8037338846593,24.121801366685098,27.449999999999996,27.46
2026-07-16 14:28:20.236,1722.6780869947193,24.119511633954318,27.45,27.46
2026-07-16 14:28:20.336,1228.480307651877,24.117343481467,27.449999999999996,27.459999999999997
2026-07-16 14:28:20.436,1170.7862617533278,24.115310862630473,27.45,27.46
2026-07-16 14:28:20.536,1601.84125351194,24.112971325104326,27.45,27.46
2026-07-16 14:28:20.636,2002.8197612072026,24.1103893349537,27.45,27.46
2026-07-16 14:28:20.736,1890.407912278847,24.10810266903588,27.45,27.46
2026-07-16 14:28:20.836,2111.383689685542,24.106779739064454,27.44980198019801,27.459999999999997
2026-07-16 14:28:20.936,2017.4392686816968,24.10564874181043,27.44,27.46
2026-07-16 14:28:21.036,7297.7482516966975,24.103343340626175,27.439999999999998,27.459999999999997
2026-07-16 14:28:21.136,8501.286957640667,24.101310996753412,27.44,27.46
2026-07-16 14:28:21.236,5372.949323563527,24.100144816692186,27.44,27.46
2026-07-16 14:28:21.336,2234.104822691679,24.09949045137028,27.44,27.46
2026-07-16 14:28:21.436,594.0816402336161,24.09828396611997,27.439999999999998,27.46
2026-07-16 14:28:21.536,261.61574462830566,24.09959885413633,27.44,27.46
2026-07-16 14:28:21.636,170.41985666525412,24.100146443461156,27.44,27.46
2026-07-16 14:28:21.736,146.08897696883537,24.100483831214177,27.439999999999998,27.46
2026-07-16 14:28:21.836,130.03475338405505,24.101078398715117,27.44,27.46
2026-07-16 14:28:21.936,118.9057371210881,24.10184867464656,27.44,27.46
2026-07-16 14:28:22.036,120.58703376422272,24.102029153602466,27.440000000000005,27.46
2026-07-16 14:28:22.136,129.84402328705707,24.102184416041233,27.44,27.46
